orden_id,fecha_orden,fecha_despacho,fecha_entrega_real,ciudad_id,transportista_id,estado_envio
ORD-10000,2026-04-13 11:00:00,2026-04-14 21:00:00,2026-04-18 21:00:00,BAQ,TR-01,Entregado
ORD-10001,2026-04-03 18:00:00,2026-04-07 05:00:00,2026-04-09 04:00:00,BAQ,TR-02,Entregado
ORD-10002,2026-03-13 12:00:00,2026-03-16 22:00:00,2026-03-18 18:00:00,BOG,TR-02,Entregado
ORD-10003,2026-04-13 17:00:00,2026-04-15 00:00:00,2026-04-17 20:00:00,MED,TR-02,Entregado
ORD-10004,2026-03-16 18:00:00,2026-03-17 21:00:00,2026-03-20 02:00:00,MED,TR-01,Entregado
ORD-10005,2026-03-29 12:00:00,2026-03-30 22:00:00,2026-04-02 03:00:00,CAL,TR-01,Entregado
ORD-10006,2026-04-10 15:00:00,2026-04-15 02:00:00,2026-04-16 02:00:00,BOG,TR-02,Entregado
ORD-10007,2026-06-01 10:00:00,2026-06-02 15:00:00,2026-06-04 17:00:00,BGA,TR-02,Entregado
ORD-10008,2026-05-30 12:00:00,2026-06-02 18:00:00,2026-06-03 16:00:00,MED,TR-04,Entregado
ORD-10009,2026-01-02 15:00:00,2026-01-05 18:00:00,2026-01-06 17:00:00,BOG,TR-03,Entregado
ORD-10010,2026-06-07 13:00:00,2026-06-08 16:00:00,2026-06-09 14:00:00,MED,TR-02,Entregado
ORD-10011,2026-05-10 19:00:00,2026-05-12 05:00:00,2026-05-14 01:00:00,CAL,TR-04,Entregado
ORD-10012,2026-01-21 08:00:00,2026-01-22 14:00:00,2026-01-23 19:00:00,BOG,TR-01,Entregado
ORD-10013,2026-02-27 13:00:00,2026-03-03 18:00:00,2026-03-09 18:00:00,BGA,TR-04,Entregado
ORD-10014,2026-03-30 08:00:00,2026-03-31 10:00:00,2026-04-02 07:00:00,CAL,TR-02,Entregado
ORD-10015,2026-02-28 17:00:00,2026-03-03 20:00:00,2026-03-05 18:00:00,MED,TR-01,Entregado
ORD-10016,2026-01-15 10:00:00,2026-01-16 20:00:00,2026-01-17 18:00:00,CAL,TR-01,Entregado
ORD-10017,2026-04-18 14:00:00,2026-04-21 23:00:00,,BOG,TR-04,Perdido
ORD-10018,2026-03-05 16:00:00,2026-03-06 18:00:00,2026-03-07 17:00:00,BOG,TR-03,Entregado
ORD-10019,2026-05-11 12:00:00,2026-05-12 14:00:00,2026-05-13 11:00:00,MED,TR-01,Entregado
ORD-10020,2026-02-20 14:00:00,2026-02-23 19:00:00,2026-02-24 21:00:00,BOG,TR-02,Entregado
ORD-10021,2026-01-21 16:00:00,2026-01-23 01:00:00,2026-01-26 05:00:00,MED,TR-03,Entregado
ORD-10022,2026-06-16 09:00:00,2026-06-17 11:00:00,2026-06-19 11:00:00,BOG,TR-04,Entregado
ORD-10023,2026-05-12 16:00:00,2026-05-13 20:00:00,2026-05-19 20:00:00,BAQ,TR-02,Entregado
ORD-10024,2026-03-01 09:00:00,2026-03-02 17:00:00,2026-03-03 21:00:00,BOG,TR-02,Entregado
ORD-10025,2026-01-09 17:00:00,2026-01-12 23:00:00,2026-01-13 19:00:00,CAL,TR-04,Entregado
ORD-10026,2026-02-22 09:00:00,2026-02-23 19:00:00,,CAL,TR-02,Perdido
ORD-10027,2026-03-25 19:00:00,2026-03-26 23:00:00,2026-03-29 04:00:00,CAL,TR-03,Entregado
ORD-10028,2026-04-21 19:00:00,2026-04-22 21:00:00,2026-04-25 00:00:00,BAQ,TR-01,Entregado
ORD-10029,2026-06-21 15:00:00,2026-06-22 22:00:00,2026-06-26 20:00:00,BAQ,TR-04,Entregado
ORD-10030,2026-06-24 10:00:00,2026-06-25 15:00:00,2026-06-27 17:00:00,CAL,TR-03,Entregado
ORD-10031,2026-03-22 11:00:00,2026-03-23 16:00:00,2026-03-24 18:00:00,BOG,TR-04,Entregado
ORD-10032,2026-02-19 15:00:00,2026-02-20 20:00:00,2026-02-21 19:00:00,MED,TR-01,Entregado
ORD-10033,2026-05-12 09:00:00,2026-05-13 14:00:00,2026-05-14 16:00:00,MED,TR-03,Entregado
ORD-10034,2026-05-14 13:00:00,2026-05-16 00:00:00,2026-05-17 02:00:00,BGA,TR-03,Entregado
ORD-10035,2026-04-16 11:00:00,2026-04-17 22:00:00,2026-04-19 19:00:00,BGA,TR-03,Entregado
ORD-10036,2026-02-23 09:00:00,2026-02-24 17:00:00,2026-03-02 17:00:00,BAQ,TR-02,Entregado
ORD-10037,2026-02-13 09:00:00,2026-02-17 18:00:00,2026-02-18 14:00:00,BOG,TR-01,Entregado
ORD-10038,2026-01-14 15:00:00,2026-01-16 00:00:00,2026-01-18 23:00:00,CAL,TR-04,Entregado
ORD-10039,2026-02-09 12:00:00,2026-02-10 21:00:00,2026-02-15 02:00:00,BAQ,TR-01,Entregado
ORD-10040,2026-03-23 12:00:00,2026-03-24 21:00:00,2026-03-29 22:00:00,BGA,TR-04,Entregado
ORD-10041,2026-01-24 17:00:00,2026-01-27 20:00:00,2026-01-29 16:00:00,CAL,TR-01,Entregado
ORD-10042,2026-05-04 16:00:00,2026-05-06 01:00:00,2026-05-07 22:00:00,BOG,TR-04,Entregado
ORD-10043,2026-06-06 08:00:00,2026-06-09 10:00:00,2026-06-11 15:00:00,CAL,TR-04,Entregado
ORD-10044,2026-03-30 14:00:00,2026-03-31 16:00:00,2026-04-06 12:00:00,BGA,TR-04,Entregado
ORD-10045,2026-01-09 15:00:00,2026-01-13 20:00:00,,BOG,TR-01,Devuelto
ORD-10046,2026-05-09 19:00:00,2026-05-13 00:00:00,2026-05-13 20:00:00,BGA,TR-01,Entregado
ORD-10047,2026-05-16 15:00:00,2026-05-20 19:00:00,2026-05-21 23:00:00,MED,TR-01,Entregado
ORD-10048,2026-03-04 18:00:00,2026-03-05 22:00:00,2026-03-06 21:00:00,BOG,TR-04,Entregado
ORD-10049,2026-03-22 15:00:00,2026-03-24 00:00:00,2026-03-27 05:00:00,BGA,TR-03,Entregado
ORD-10050,2026-06-12 10:00:00,2026-06-15 14:00:00,2026-06-17 12:00:00,BOG,TR-02,Entregado
ORD-10051,2026-02-02 18:00:00,2026-02-04 03:00:00,2026-02-06 03:00:00,MED,TR-01,Entregado
ORD-10052,2026-01-05 17:00:00,2026-01-07 04:00:00,2026-01-09 04:00:00,BGA,TR-02,Entregado
ORD-10053,2026-02-10 19:00:00,2026-02-12 02:00:00,2026-02-14 02:00:00,BOG,TR-02,Entregado
ORD-10054,2026-05-15 16:00:00,2026-05-19 03:00:00,2026-05-22 06:00:00,BAQ,TR-02,Entregado
ORD-10055,2026-03-13 19:00:00,2026-03-17 05:00:00,2026-03-19 08:00:00,MED,TR-02,Entregado
ORD-10056,2026-06-11 08:00:00,2026-06-12 14:00:00,2026-06-13 19:00:00,MED,TR-03,Entregado
ORD-10057,2026-02-17 14:00:00,2026-02-19 01:00:00,2026-02-19 21:00:00,BOG,TR-02,Entregado
ORD-10058,2026-05-31 15:00:00,2026-06-01 23:00:00,2026-06-06 02:00:00,BGA,TR-04,Entregado
ORD-10059,2026-02-06 10:00:00,2026-02-09 14:00:00,2026-02-12 11:00:00,BAQ,TR-01,Entregado
ORD-10060,2026-06-21 15:00:00,2026-06-22 20:00:00,2026-06-23 17:00:00,BOG,TR-02,Entregado
ORD-10061,2026-02-04 08:00:00,2026-02-05 16:00:00,2026-02-06 15:00:00,BOG,TR-03,Entregado
ORD-10062,2026-04-11 10:00:00,2026-04-14 19:00:00,2026-04-20 00:00:00,BGA,TR-04,Entregado
ORD-10063,2026-01-01 12:00:00,2026-01-02 22:00:00,2026-01-03 20:00:00,CAL,TR-03,Entregado
ORD-10064,2026-05-22 14:00:00,2026-05-25 20:00:00,2026-05-26 20:00:00,BGA,TR-02,Entregado
ORD-10065,2026-01-27 16:00:00,2026-01-28 21:00:00,2026-01-31 00:00:00,BOG,TR-04,Entregado
ORD-10066,2026-01-15 17:00:00,2026-01-17 00:00:00,2026-01-20 00:00:00,MED,TR-03,Entregado
ORD-10067,2026-02-11 19:00:00,2026-02-13 01:00:00,2026-02-14 22:00:00,BOG,TR-03,Entregado
ORD-10068,2026-06-28 14:00:00,2026-06-29 21:00:00,2026-07-01 23:00:00,BAQ,TR-04,Entregado
ORD-10069,2026-02-21 11:00:00,2026-02-25 16:00:00,2026-02-27 14:00:00,BOG,TR-04,Entregado
ORD-10070,2026-05-31 14:00:00,2026-06-01 23:00:00,2026-06-04 03:00:00,BGA,TR-03,Entregado
ORD-10071,2026-05-23 18:00:00,2026-05-26 22:00:00,2026-05-28 18:00:00,BGA,TR-01,Entregado
ORD-10072,2026-01-29 11:00:00,2026-01-30 21:00:00,2026-02-02 01:00:00,BGA,TR-02,Entregado
ORD-10073,2026-01-13 14:00:00,2026-01-14 17:00:00,2026-01-16 18:00:00,BGA,TR-02,Entregado
ORD-10074,2026-03-27 19:00:00,2026-03-31 02:00:00,2026-04-02 23:00:00,MED,TR-03,Entregado
ORD-10075,2026-03-07 17:00:00,2026-03-11 19:00:00,2026-03-13 22:00:00,MED,TR-03,Entregado
ORD-10076,2026-02-14 16:00:00,2026-02-18 20:00:00,2026-02-20 22:00:00,MED,TR-03,Entregado
ORD-10077,2026-05-14 19:00:00,2026-05-16 03:00:00,2026-05-17 01:00:00,CAL,TR-01,Entregado
ORD-10078,2026-01-28 19:00:00,2026-01-29 23:00:00,2026-02-01 04:00:00,CAL,TR-01,Entregado
ORD-10079,2026-02-13 11:00:00,2026-02-16 19:00:00,2026-02-18 00:00:00,BOG,TR-02,Entregado
ORD-10080,2026-01-30 18:00:00,2026-02-02 20:00:00,,MED,TR-02,Perdido
ORD-10081,2026-05-08 17:00:00,2026-05-11 20:00:00,2026-05-16 00:00:00,BAQ,TR-01,Entregado
ORD-10082,2026-04-02 16:00:00,2026-04-03 20:00:00,2026-04-04 23:00:00,BOG,TR-03,Entregado
ORD-10083,2026-05-09 16:00:00,2026-05-12 23:00:00,2026-05-15 01:00:00,BOG,TR-02,Entregado
ORD-10084,2026-01-27 16:00:00,2026-01-28 21:00:00,2026-01-29 18:00:00,MED,TR-04,Entregado
ORD-10085,2026-04-26 16:00:00,2026-04-28 03:00:00,2026-04-30 05:00:00,CAL,TR-02,Entregado
ORD-10086,2026-01-03 14:00:00,2026-01-07 18:00:00,2026-01-08 16:00:00,BOG,TR-04,Entregado
ORD-10087,2026-06-04 16:00:00,2026-06-06 02:00:00,2026-06-08 03:00:00,MED,TR-01,Entregado
ORD-10088,2026-03-03 12:00:00,2026-03-04 15:00:00,2026-03-05 13:00:00,BOG,TR-03,Entregado
ORD-10089,2026-02-20 17:00:00,2026-02-25 04:00:00,2026-02-27 04:00:00,BOG,TR-01,Entregado
ORD-10090,2026-06-21 15:00:00,2026-06-23 00:00:00,2026-06-23 22:00:00,BOG,TR-02,Entregado
ORD-10091,2026-02-28 13:00:00,2026-03-03 17:00:00,2026-03-04 22:00:00,BOG,TR-02,Entregado
ORD-10092,2026-06-09 15:00:00,2026-06-10 20:00:00,2026-06-12 22:00:00,BOG,TR-03,Entregado
ORD-10093,2026-06-29 08:00:00,2026-06-30 17:00:00,2026-07-01 22:00:00,BOG,TR-02,Entregado
ORD-10094,2026-03-03 08:00:00,2026-03-04 15:00:00,2026-03-06 11:00:00,BGA,TR-02,Entregado
ORD-10095,2026-02-21 19:00:00,2026-02-26 01:00:00,2026-02-28 01:00:00,BOG,TR-03,Entregado
ORD-10096,2026-02-08 09:00:00,2026-02-09 14:00:00,2026-02-11 19:00:00,BGA,TR-02,Entregado
ORD-10097,2026-05-11 08:00:00,2026-05-12 19:00:00,2026-05-14 15:00:00,BGA,TR-02,Entregado
ORD-10098,2026-04-11 08:00:00,2026-04-15 11:00:00,2026-04-16 11:00:00,BOG,TR-02,Entregado
ORD-10099,2026-03-22 18:00:00,2026-03-24 05:00:00,2026-03-25 01:00:00,MED,TR-01,Entregado
ORD-10100,2026-04-23 09:00:00,2026-04-24 11:00:00,2026-04-25 11:00:00,CAL,TR-02,Entregado
ORD-10101,2026-05-10 19:00:00,2026-05-12 04:00:00,2026-05-13 01:00:00,BOG,TR-02,Entregado
ORD-10102,2026-02-23 14:00:00,2026-02-25 01:00:00,2026-02-26 22:00:00,MED,TR-02,Entregado
ORD-10103,2026-05-09 10:00:00,2026-05-13 15:00:00,2026-05-15 16:00:00,MED,TR-04,Entregado
ORD-10104,2026-05-06 09:00:00,2026-05-07 12:00:00,2026-05-09 14:00:00,MED,TR-02,Entregado
ORD-10105,2026-02-22 19:00:00,2026-02-24 05:00:00,2026-02-25 03:00:00,BOG,TR-04,Entregado
ORD-10106,2026-06-09 13:00:00,2026-06-10 22:00:00,2026-06-13 21:00:00,MED,TR-01,Entregado
ORD-10107,2026-06-09 14:00:00,2026-06-11 01:00:00,2026-06-12 21:00:00,MED,TR-01,Entregado
ORD-10108,2026-03-09 14:00:00,2026-03-10 16:00:00,2026-03-14 15:00:00,BAQ,TR-03,Entregado
ORD-10109,2026-05-03 08:00:00,2026-05-04 19:00:00,2026-05-07 15:00:00,BAQ,TR-01,Entregado
ORD-10110,2026-02-07 15:00:00,2026-02-12 00:00:00,2026-02-14 00:00:00,BAQ,TR-04,Entregado
ORD-10111,2026-03-10 11:00:00,2026-03-11 20:00:00,2026-03-12 16:00:00,BOG,TR-02,Entregado
ORD-10112,2026-04-08 13:00:00,2026-04-09 22:00:00,2026-04-12 00:00:00,CAL,TR-01,Entregado
ORD-10113,2026-05-19 08:00:00,2026-05-20 12:00:00,2026-05-22 08:00:00,BAQ,TR-03,Entregado
ORD-10114,2026-05-04 18:00:00,2026-05-05 22:00:00,2026-05-09 01:00:00,MED,TR-03,Entregado
ORD-10115,2026-03-11 10:00:00,2026-03-12 21:00:00,2026-03-16 02:00:00,MED,TR-02,Entregado
ORD-10116,2026-05-28 19:00:00,2026-05-30 05:00:00,2026-05-31 02:00:00,BOG,TR-02,Entregado
ORD-10117,2026-06-13 10:00:00,2026-06-16 19:00:00,2026-06-17 15:00:00,BOG,TR-01,Entregado
ORD-10118,2026-03-31 10:00:00,2026-04-01 20:00:00,2026-04-04 19:00:00,BGA,TR-01,Entregado
ORD-10119,2026-05-27 11:00:00,2026-05-28 16:00:00,2026-05-29 17:00:00,BOG,TR-03,Entregado
ORD-10120,2026-04-06 14:00:00,2026-04-08 01:00:00,2026-04-14 05:00:00,BGA,TR-04,Entregado
ORD-10121,2026-02-21 16:00:00,2026-02-25 18:00:00,,BGA,TR-04,Devuelto
ORD-10122,2026-06-10 15:00:00,2026-06-11 17:00:00,2026-06-14 17:00:00,CAL,TR-01,Entregado
ORD-10123,2026-05-08 14:00:00,2026-05-12 21:00:00,2026-05-17 23:00:00,BGA,TR-04,Entregado
ORD-10124,2026-03-23 15:00:00,2026-03-24 21:00:00,2026-03-29 02:00:00,BAQ,TR-01,Entregado
ORD-10125,2026-05-09 18:00:00,2026-05-13 20:00:00,2026-05-16 01:00:00,CAL,TR-01,Entregado
ORD-10126,2026-06-27 14:00:00,2026-07-01 21:00:00,2026-07-04 02:00:00,CAL,TR-04,Entregado
ORD-10127,2026-06-08 17:00:00,2026-06-10 00:00:00,2026-06-11 20:00:00,BAQ,TR-03,Entregado
ORD-10128,2026-04-09 14:00:00,2026-04-10 22:00:00,2026-04-11 20:00:00,CAL,TR-04,Entregado
ORD-10129,2026-05-24 17:00:00,2026-05-26 00:00:00,2026-05-27 02:00:00,CAL,TR-04,Entregado
ORD-10130,2026-04-22 16:00:00,2026-04-24 02:00:00,2026-04-26 03:00:00,MED,TR-02,Entregado
ORD-10131,2026-03-01 08:00:00,2026-03-02 19:00:00,2026-03-04 19:00:00,BGA,TR-02,Entregado
ORD-10132,2026-01-02 08:00:00,2026-01-06 10:00:00,2026-01-08 07:00:00,BOG,TR-04,Entregado
ORD-10133,2026-02-17 19:00:00,2026-02-19 04:00:00,2026-02-23 05:00:00,BAQ,TR-01,Entregado
ORD-10134,2026-02-06 18:00:00,2026-02-11 04:00:00,2026-02-12 03:00:00,BOG,TR-04,Entregado
ORD-10135,2026-01-09 16:00:00,2026-01-14 00:00:00,2026-01-15 00:00:00,BOG,TR-02,Entregado
ORD-10136,2026-04-09 10:00:00,2026-04-10 21:00:00,2026-04-11 23:00:00,BOG,TR-03,Entregado
ORD-10137,2026-02-17 10:00:00,2026-02-18 16:00:00,2026-02-20 17:00:00,MED,TR-03,Entregado
ORD-10138,2026-05-28 15:00:00,2026-05-29 19:00:00,2026-05-30 21:00:00,BOG,TR-04,Entregado
ORD-10139,2026-02-23 15:00:00,2026-02-24 17:00:00,2026-02-25 14:00:00,BOG,TR-03,Entregado
ORD-10140,2026-06-10 15:00:00,2026-06-11 17:00:00,2026-06-13 20:00:00,BOG,TR-03,Entregado
ORD-10141,2026-04-26 18:00:00,2026-04-28 04:00:00,2026-04-29 04:00:00,BGA,TR-03,Entregado
ORD-10142,2026-04-23 15:00:00,2026-04-24 18:00:00,2026-04-26 14:00:00,BAQ,TR-03,Entregado
ORD-10143,2026-06-13 13:00:00,2026-06-17 23:00:00,2026-06-20 01:00:00,BGA,TR-01,Entregado
ORD-10144,2026-04-14 11:00:00,2026-04-15 22:00:00,2026-04-17 00:00:00,BOG,TR-01,Entregado
ORD-10145,2026-04-22 16:00:00,2026-04-24 03:00:00,2026-04-26 06:00:00,MED,TR-02,Entregado
ORD-10146,2026-04-09 16:00:00,2026-04-10 21:00:00,2026-04-14 01:00:00,MED,TR-04,Entregado
ORD-10147,2026-04-03 09:00:00,2026-04-06 19:00:00,2026-04-07 22:00:00,BOG,TR-04,Entregado
ORD-10148,2026-05-08 09:00:00,2026-05-11 14:00:00,2026-05-13 18:00:00,BGA,TR-03,Entregado
ORD-10149,2026-02-23 10:00:00,2026-02-24 17:00:00,2026-02-25 17:00:00,BOG,TR-03,Entregado
ORD-10150,2026-06-18 11:00:00,2026-06-19 21:00:00,2026-06-20 22:00:00,BOG,TR-02,Entregado
ORD-10151,2026-06-10 11:00:00,2026-06-11 13:00:00,2026-06-13 12:00:00,MED,TR-04,Entregado
ORD-10152,2026-02-02 12:00:00,2026-02-03 16:00:00,2026-02-05 12:00:00,BOG,TR-02,Entregado
ORD-10153,2026-02-17 11:00:00,2026-02-18 20:00:00,2026-02-20 20:00:00,BGA,TR-03,Entregado
ORD-10154,2026-05-08 15:00:00,2026-05-11 19:00:00,2026-05-13 15:00:00,BOG,TR-01,Entregado
ORD-10155,2026-05-15 10:00:00,2026-05-19 14:00:00,2026-05-22 19:00:00,MED,TR-03,Entregado
ORD-10156,2026-05-25 08:00:00,2026-05-26 13:00:00,2026-05-28 11:00:00,BAQ,TR-01,Entregado
ORD-10157,2026-06-25 19:00:00,2026-06-26 22:00:00,,BOG,TR-03,Perdido
ORD-10158,2026-04-25 13:00:00,2026-04-29 23:00:00,2026-05-01 23:00:00,MED,TR-01,Entregado
ORD-10159,2026-04-29 13:00:00,2026-04-30 20:00:00,2026-05-03 01:00:00,MED,TR-03,Entregado
ORD-10160,2026-06-07 13:00:00,2026-06-08 22:00:00,2026-06-10 00:00:00,MED,TR-02,Entregado
ORD-10161,2026-04-19 10:00:00,2026-04-20 20:00:00,2026-04-23 19:00:00,BGA,TR-02,Entregado
ORD-10162,2026-01-08 18:00:00,2026-01-10 03:00:00,2026-01-12 04:00:00,MED,TR-04,Entregado
ORD-10163,2026-01-27 09:00:00,2026-01-28 17:00:00,2026-01-29 13:00:00,BOG,TR-04,Entregado
ORD-10164,2026-01-21 08:00:00,2026-01-22 10:00:00,2026-01-24 10:00:00,BOG,TR-04,Entregado
ORD-10165,2026-01-28 08:00:00,2026-01-29 13:00:00,,BOG,TR-02,Devuelto
ORD-10166,2026-03-02 10:00:00,2026-03-03 15:00:00,2026-03-04 11:00:00,BGA,TR-03,Entregado
ORD-10167,2026-01-04 10:00:00,2026-01-05 16:00:00,2026-01-08 19:00:00,MED,TR-03,Entregado
ORD-10168,2026-02-18 08:00:00,2026-02-19 15:00:00,2026-02-21 16:00:00,BGA,TR-03,Entregado
ORD-10169,2026-06-21 19:00:00,2026-06-23 00:00:00,2026-06-25 04:00:00,BOG,TR-04,Entregado
ORD-10170,2026-06-07 12:00:00,2026-06-08 15:00:00,2026-06-09 13:00:00,BOG,TR-03,Entregado
ORD-10171,2026-01-06 10:00:00,2026-01-07 17:00:00,2026-01-08 20:00:00,MED,TR-03,Entregado
ORD-10172,2026-05-04 16:00:00,2026-05-05 19:00:00,2026-05-06 16:00:00,BGA,TR-02,Entregado
ORD-10173,2026-02-06 15:00:00,2026-02-10 23:00:00,2026-02-12 21:00:00,CAL,TR-04,Entregado
ORD-10174,2026-04-03 08:00:00,2026-04-06 17:00:00,2026-04-07 14:00:00,MED,TR-02,Entregado
ORD-10175,2026-02-15 12:00:00,2026-02-16 15:00:00,2026-02-18 14:00:00,CAL,TR-04,Entregado
ORD-10176,2026-04-05 10:00:00,2026-04-06 18:00:00,2026-04-07 18:00:00,BGA,TR-03,Entregado
ORD-10177,2026-04-26 12:00:00,2026-04-27 19:00:00,2026-04-29 17:00:00,MED,TR-03,Entregado
ORD-10178,2026-06-09 14:00:00,2026-06-11 00:00:00,2026-06-14 00:00:00,MED,TR-01,Entregado
ORD-10179,2026-06-10 10:00:00,2026-06-11 16:00:00,2026-06-13 13:00:00,BAQ,TR-03,Entregado
ORD-10180,2026-05-08 09:00:00,2026-05-12 13:00:00,2026-05-15 13:00:00,CAL,TR-01,Entregado
ORD-10181,2026-01-25 17:00:00,2026-01-27 01:00:00,2026-01-30 01:00:00,BAQ,TR-04,Entregado
ORD-10182,2026-02-23 17:00:00,2026-02-24 23:00:00,2026-02-26 04:00:00,BOG,TR-04,Entregado
ORD-10183,2026-03-08 15:00:00,2026-03-09 21:00:00,2026-03-11 21:00:00,MED,TR-04,Entregado
ORD-10184,2026-06-23 15:00:00,2026-06-24 20:00:00,2026-06-30 20:00:00,BGA,TR-04,Entregado
ORD-10185,2026-04-24 13:00:00,2026-04-29 00:00:00,2026-05-01 00:00:00,CAL,TR-02,Entregado
ORD-10186,2026-05-31 09:00:00,2026-06-01 17:00:00,2026-06-02 21:00:00,CAL,TR-04,Entregado
ORD-10187,2026-05-07 18:00:00,2026-05-09 05:00:00,2026-05-10 10:00:00,BOG,TR-04,Entregado
ORD-10188,2026-05-10 17:00:00,2026-05-11 21:00:00,2026-05-13 22:00:00,CAL,TR-03,Entregado
ORD-10189,2026-01-17 15:00:00,2026-01-20 20:00:00,2026-01-23 01:00:00,CAL,TR-03,Entregado
ORD-10190,2026-06-10 16:00:00,2026-06-12 02:00:00,2026-06-14 05:00:00,BAQ,TR-02,Entregado
ORD-10191,2026-02-12 13:00:00,2026-02-13 22:00:00,2026-02-17 03:00:00,MED,TR-01,Entregado
ORD-10192,2026-06-25 14:00:00,2026-06-26 19:00:00,2026-06-28 17:00:00,BGA,TR-01,Entregado
ORD-10193,2026-06-19 14:00:00,2026-06-23 18:00:00,2026-06-24 21:00:00,CAL,TR-02,Entregado
ORD-10194,2026-01-26 10:00:00,2026-01-27 21:00:00,2026-01-30 02:00:00,MED,TR-03,Entregado
ORD-10195,2026-02-19 16:00:00,2026-02-21 00:00:00,2026-02-21 20:00:00,BOG,TR-02,Entregado
ORD-10196,2026-06-01 19:00:00,2026-06-03 00:00:00,2026-06-03 23:00:00,MED,TR-02,Entregado
ORD-10197,2026-05-15 16:00:00,2026-05-18 18:00:00,2026-05-19 19:00:00,MED,TR-01,Entregado
ORD-10198,2026-02-05 11:00:00,2026-02-06 20:00:00,2026-02-08 00:00:00,BOG,TR-04,Entregado
ORD-10199,2026-03-06 15:00:00,2026-03-10 17:00:00,2026-03-12 17:00:00,BAQ,TR-04,Entregado
ORD-10200,2026-05-24 19:00:00,2026-05-26 02:00:00,2026-05-28 06:00:00,CAL,TR-04,Entregado
ORD-10201,2026-04-25 14:00:00,2026-04-29 21:00:00,2026-05-02 01:00:00,BOG,TR-02,Entregado
ORD-10202,2026-05-23 19:00:00,2026-05-27 23:00:00,2026-05-29 04:00:00,MED,TR-01,Entregado
ORD-10203,2026-04-08 09:00:00,2026-04-09 15:00:00,2026-04-10 20:00:00,BOG,TR-04,Entregado
ORD-10204,2026-02-01 14:00:00,2026-02-02 20:00:00,2026-02-05 00:00:00,BGA,TR-03,Entregado
ORD-10205,2026-03-27 10:00:00,2026-03-31 12:00:00,2026-04-02 12:00:00,CAL,TR-04,Entregado
ORD-10206,2026-06-02 17:00:00,2026-06-04 02:00:00,2026-06-05 06:00:00,BOG,TR-04,Entregado
ORD-10207,2026-03-04 13:00:00,2026-03-05 16:00:00,2026-03-07 14:00:00,BOG,TR-04,Entregado
ORD-10208,2026-02-27 17:00:00,2026-03-03 20:00:00,2026-03-06 18:00:00,MED,TR-03,Entregado
ORD-10209,2026-03-27 08:00:00,2026-03-30 15:00:00,2026-03-31 16:00:00,CAL,TR-04,Entregado
ORD-10210,2026-06-29 17:00:00,2026-07-01 02:00:00,2026-07-03 02:00:00,BGA,TR-02,Entregado
ORD-10211,2026-03-11 13:00:00,2026-03-12 19:00:00,2026-03-13 16:00:00,MED,TR-01,Entregado
ORD-10212,2026-04-11 08:00:00,2026-04-15 14:00:00,2026-04-16 19:00:00,BOG,TR-02,Entregado
ORD-10213,2026-01-08 12:00:00,2026-01-09 20:00:00,2026-01-11 21:00:00,BOG,TR-03,Entregado
ORD-10214,2026-03-01 19:00:00,2026-03-03 02:00:00,2026-03-07 00:00:00,BAQ,TR-04,Entregado
ORD-10215,2026-04-18 12:00:00,2026-04-21 22:00:00,2026-04-24 21:00:00,BAQ,TR-04,Entregado
ORD-10216,2026-04-13 11:00:00,2026-04-14 20:00:00,2026-04-15 18:00:00,BOG,TR-04,Entregado
ORD-10217,2026-01-06 11:00:00,2026-01-07 20:00:00,2026-01-09 01:00:00,BOG,TR-02,Entregado
ORD-10218,2026-04-04 10:00:00,2026-04-08 14:00:00,2026-04-09 15:00:00,BGA,TR-03,Entregado
ORD-10219,2026-02-24 15:00:00,2026-02-26 02:00:00,2026-02-27 22:00:00,CAL,TR-03,Entregado
ORD-10220,2026-02-21 09:00:00,2026-02-24 20:00:00,2026-02-26 00:00:00,BOG,TR-04,Entregado
ORD-10221,2026-05-04 17:00:00,2026-05-06 03:00:00,2026-05-07 01:00:00,BOG,TR-04,Entregado
ORD-10222,2026-06-07 10:00:00,2026-06-08 21:00:00,2026-06-10 00:00:00,BOG,TR-01,Entregado
ORD-10223,2026-05-25 15:00:00,2026-05-26 23:00:00,2026-05-28 03:00:00,BOG,TR-04,Entregado
ORD-10224,2026-03-04 10:00:00,2026-03-05 19:00:00,2026-03-07 17:00:00,MED,TR-02,Entregado
ORD-10225,2026-04-02 17:00:00,2026-04-04 00:00:00,2026-04-04 20:00:00,BOG,TR-03,Entregado
ORD-10226,2026-03-31 12:00:00,2026-04-01 21:00:00,2026-04-02 23:00:00,BGA,TR-02,Entregado
ORD-10227,2026-04-27 14:00:00,2026-04-29 00:00:00,2026-05-01 20:00:00,MED,TR-03,Entregado
ORD-10228,2026-05-07 16:00:00,2026-05-08 21:00:00,2026-05-09 21:00:00,BOG,TR-01,Entregado
ORD-10229,2026-05-20 12:00:00,2026-05-21 15:00:00,2026-05-26 14:00:00,BGA,TR-04,Entregado
ORD-10230,2026-05-09 17:00:00,2026-05-13 22:00:00,2026-05-14 20:00:00,MED,TR-01,Entregado
ORD-10231,2026-05-02 08:00:00,2026-05-05 11:00:00,2026-05-09 13:00:00,BAQ,TR-01,Entregado
ORD-10232,2026-02-03 13:00:00,2026-02-04 20:00:00,2026-02-06 17:00:00,CAL,TR-02,Entregado
ORD-10233,2026-02-17 16:00:00,2026-02-19 00:00:00,2026-02-22 00:00:00,CAL,TR-02,Entregado
ORD-10234,2026-04-27 08:00:00,2026-04-28 13:00:00,,BOG,TR-01,Devuelto
ORD-10235,2026-01-16 14:00:00,2026-01-19 18:00:00,2026-01-21 15:00:00,BGA,TR-03,Entregado
ORD-10236,2026-03-10 13:00:00,2026-03-11 20:00:00,2026-03-12 22:00:00,BOG,TR-01,Entregado
ORD-10237,2026-04-03 14:00:00,2026-04-06 22:00:00,2026-04-08 20:00:00,BAQ,TR-01,Entregado
ORD-10238,2026-03-17 17:00:00,2026-03-18 23:00:00,2026-03-21 02:00:00,MED,TR-01,Entregado
ORD-10239,2026-05-24 10:00:00,2026-05-25 17:00:00,2026-05-28 18:00:00,MED,TR-01,Entregado
ORD-10240,2026-03-27 16:00:00,2026-04-01 00:00:00,2026-04-03 23:00:00,BGA,TR-01,Entregado
ORD-10241,2026-01-29 19:00:00,2026-01-31 03:00:00,2026-02-01 02:00:00,BOG,TR-04,Entregado
ORD-10242,2026-03-10 08:00:00,2026-03-11 16:00:00,2026-03-12 12:00:00,MED,TR-02,Entregado
ORD-10243,2026-04-04 11:00:00,2026-04-08 22:00:00,2026-04-10 19:00:00,BGA,TR-03,Entregado
ORD-10244,2026-05-24 17:00:00,2026-05-26 01:00:00,2026-05-26 23:00:00,CAL,TR-02,Entregado
ORD-10245,2026-06-25 12:00:00,2026-06-26 17:00:00,2026-06-29 15:00:00,MED,TR-04,Entregado
ORD-10246,2026-02-08 11:00:00,2026-02-09 22:00:00,2026-02-12 20:00:00,BAQ,TR-01,Entregado
ORD-10247,2026-02-02 12:00:00,2026-02-03 21:00:00,2026-02-04 21:00:00,BOG,TR-04,Entregado
ORD-10248,2026-01-23 17:00:00,2026-01-27 19:00:00,2026-01-30 21:00:00,BGA,TR-02,Entregado
ORD-10249,2026-01-10 13:00:00,2026-01-14 20:00:00,2026-01-17 22:00:00,MED,TR-03,Entregado
ORD-10250,2026-03-10 11:00:00,2026-03-11 14:00:00,2026-03-13 17:00:00,MED,TR-03,Entregado
ORD-10251,2026-02-03 11:00:00,2026-02-04 20:00:00,2026-02-05 19:00:00,BGA,TR-03,Entregado
ORD-10252,2026-05-18 17:00:00,2026-05-19 21:00:00,2026-05-22 23:00:00,CAL,TR-01,Entregado
ORD-10253,2026-05-27 17:00:00,2026-05-28 19:00:00,2026-05-30 00:00:00,BOG,TR-01,Entregado
ORD-10254,2026-04-06 08:00:00,2026-04-07 10:00:00,2026-04-08 06:00:00,MED,TR-01,Entregado
ORD-10255,2026-03-10 11:00:00,2026-03-11 20:00:00,2026-03-13 00:00:00,BOG,TR-04,Entregado
ORD-10256,2026-01-16 15:00:00,2026-01-21 02:00:00,2026-01-23 23:00:00,BAQ,TR-01,Entregado
ORD-10257,2026-03-21 14:00:00,2026-03-25 01:00:00,2026-03-27 03:00:00,BGA,TR-03,Entregado
ORD-10258,2026-01-02 08:00:00,2026-01-06 13:00:00,2026-01-08 09:00:00,MED,TR-03,Entregado
ORD-10259,2026-05-08 18:00:00,2026-05-12 00:00:00,2026-05-15 02:00:00,BGA,TR-02,Entregado
ORD-10260,2026-03-25 15:00:00,2026-03-26 23:00:00,2026-03-28 03:00:00,BOG,TR-01,Entregado
ORD-10261,2026-05-20 09:00:00,2026-05-21 18:00:00,2026-05-26 22:00:00,BGA,TR-04,Entregado
ORD-10262,2026-06-12 19:00:00,2026-06-17 05:00:00,2026-06-18 10:00:00,BOG,TR-04,Entregado
ORD-10263,2026-02-02 08:00:00,2026-02-03 15:00:00,2026-02-05 16:00:00,MED,TR-03,Entregado
ORD-10264,2026-06-28 18:00:00,2026-06-30 02:00:00,2026-07-07 05:00:00,BAQ,TR-02,Entregado
ORD-10265,2026-04-11 19:00:00,2026-04-15 05:00:00,2026-04-17 07:00:00,CAL,TR-04,Entregado
ORD-10266,2026-03-08 08:00:00,2026-03-09 15:00:00,2026-03-10 15:00:00,BOG,TR-04,Entregado
ORD-10267,2026-06-10 15:00:00,2026-06-11 22:00:00,2026-06-13 02:00:00,BOG,TR-01,Entregado
ORD-10268,2026-03-15 18:00:00,2026-03-17 04:00:00,2026-03-19 04:00:00,BOG,TR-02,Entregado
ORD-10269,2026-02-13 19:00:00,2026-02-17 00:00:00,2026-02-19 01:00:00,MED,TR-04,Entregado
ORD-10270,2026-04-05 09:00:00,2026-04-06 17:00:00,2026-04-07 20:00:00,BOG,TR-01,Entregado
ORD-10271,2026-02-04 14:00:00,2026-02-06 00:00:00,2026-02-09 00:00:00,MED,TR-02,Entregado
ORD-10272,2026-03-22 17:00:00,2026-03-23 22:00:00,2026-03-25 19:00:00,BGA,TR-02,Entregado
ORD-10273,2026-01-08 17:00:00,2026-01-10 01:00:00,2026-01-12 21:00:00,MED,TR-03,Entregado
ORD-10274,2026-03-31 09:00:00,2026-04-01 15:00:00,2026-04-07 11:00:00,BAQ,TR-02,Entregado
ORD-10275,2026-04-25 16:00:00,2026-04-29 19:00:00,2026-05-01 18:00:00,BOG,TR-01,Entregado
ORD-10276,2026-05-15 11:00:00,2026-05-18 18:00:00,2026-05-21 17:00:00,MED,TR-02,Entregado
ORD-10277,2026-02-27 12:00:00,2026-03-03 16:00:00,2026-03-04 17:00:00,BOG,TR-04,Entregado
ORD-10278,2026-04-24 18:00:00,2026-04-27 21:00:00,2026-04-30 00:00:00,BOG,TR-04,Entregado
ORD-10279,2026-06-06 15:00:00,2026-06-11 01:00:00,2026-06-18 00:00:00,BAQ,TR-02,Entregado
ORD-10280,2026-06-13 16:00:00,2026-06-17 23:00:00,2026-06-18 21:00:00,BOG,TR-02,Entregado
ORD-10281,2026-01-21 16:00:00,2026-01-23 02:00:00,2026-01-25 02:00:00,BOG,TR-04,Entregado
ORD-10282,2026-06-13 17:00:00,2026-06-17 03:00:00,2026-06-19 01:00:00,MED,TR-04,Entregado
ORD-10283,2026-04-11 16:00:00,2026-04-15 22:00:00,2026-04-17 03:00:00,BOG,TR-04,Entregado
ORD-10284,2026-06-01 10:00:00,2026-06-02 13:00:00,2026-06-05 14:00:00,MED,TR-04,Entregado
ORD-10285,2026-06-26 10:00:00,2026-06-30 18:00:00,2026-07-01 20:00:00,BOG,TR-02,Entregado
ORD-10286,2026-02-05 09:00:00,2026-02-06 17:00:00,2026-02-08 21:00:00,MED,TR-02,Entregado
ORD-10287,2026-04-06 15:00:00,2026-04-07 21:00:00,2026-04-08 18:00:00,CAL,TR-04,Entregado
ORD-10288,2026-05-31 12:00:00,2026-06-01 17:00:00,2026-06-03 20:00:00,BGA,TR-03,Entregado
ORD-10289,2026-01-12 08:00:00,2026-01-13 18:00:00,2026-01-16 19:00:00,BAQ,TR-01,Entregado
ORD-10290,2026-01-13 14:00:00,2026-01-14 23:00:00,2026-01-17 21:00:00,MED,TR-02,Entregado
ORD-10291,2026-04-09 16:00:00,2026-04-11 00:00:00,2026-04-12 23:00:00,BOG,TR-04,Entregado
ORD-10292,2026-01-30 08:00:00,2026-02-02 13:00:00,2026-02-03 17:00:00,MED,TR-02,Entregado
ORD-10293,2026-04-23 11:00:00,2026-04-24 18:00:00,2026-04-27 21:00:00,CAL,TR-03,Entregado
ORD-10294,2026-04-22 16:00:00,2026-04-23 18:00:00,2026-04-24 23:00:00,MED,TR-01,Entregado
ORD-10295,2026-03-27 18:00:00,2026-03-30 21:00:00,2026-04-03 02:00:00,BAQ,TR-03,Entregado
ORD-10296,2026-01-19 08:00:00,2026-01-20 19:00:00,2026-01-23 00:00:00,BOG,TR-03,Entregado
ORD-10297,2026-04-10 19:00:00,2026-04-13 23:00:00,2026-04-16 00:00:00,CAL,TR-04,Entregado
ORD-10298,2026-05-27 19:00:00,2026-05-29 00:00:00,2026-05-29 22:00:00,BOG,TR-02,Entregado
ORD-10299,2026-01-09 14:00:00,2026-01-12 23:00:00,2026-01-15 02:00:00,BAQ,TR-01,Entregado
ORD-10300,2026-01-28 11:00:00,2026-01-29 14:00:00,2026-01-30 15:00:00,MED,TR-02,Entregado
ORD-10301,2026-03-24 17:00:00,2026-03-26 04:00:00,2026-03-28 05:00:00,MED,TR-01,Entregado
ORD-10302,2026-04-21 12:00:00,2026-04-22 14:00:00,2026-04-25 19:00:00,BAQ,TR-01,Entregado
ORD-10303,2026-03-10 10:00:00,2026-03-11 21:00:00,2026-03-13 20:00:00,MED,TR-04,Entregado
ORD-10304,2026-05-20 16:00:00,2026-05-22 00:00:00,2026-05-25 02:00:00,MED,TR-04,Entregado
ORD-10305,2026-06-29 18:00:00,2026-07-01 04:00:00,2026-07-03 00:00:00,BOG,TR-02,Entregado
ORD-10306,2026-02-22 14:00:00,2026-02-23 17:00:00,2026-02-24 19:00:00,BOG,TR-03,Entregado
ORD-10307,2026-05-24 16:00:00,2026-05-26 03:00:00,2026-06-01 00:00:00,BGA,TR-04,Entregado
ORD-10308,2026-02-08 12:00:00,2026-02-09 19:00:00,2026-02-12 17:00:00,CAL,TR-04,Entregado
ORD-10309,2026-02-11 17:00:00,2026-02-12 19:00:00,2026-02-13 21:00:00,BOG,TR-03,Entregado
ORD-10310,2026-06-16 17:00:00,2026-06-17 20:00:00,2026-06-19 01:00:00,CAL,TR-04,Entregado
ORD-10311,2026-05-13 10:00:00,2026-05-14 19:00:00,2026-05-17 17:00:00,CAL,TR-01,Entregado
ORD-10312,2026-03-16 09:00:00,2026-03-17 16:00:00,2026-03-18 17:00:00,BOG,TR-03,Entregado
ORD-10313,2026-03-17 16:00:00,2026-03-18 23:00:00,2026-03-19 22:00:00,BOG,TR-04,Entregado
ORD-10314,2026-03-15 17:00:00,2026-03-17 01:00:00,2026-03-19 06:00:00,BOG,TR-04,Entregado
ORD-10315,2026-05-25 13:00:00,2026-05-27 00:00:00,2026-05-28 21:00:00,BGA,TR-03,Entregado
ORD-10316,2026-01-07 15:00:00,2026-01-08 23:00:00,2026-01-11 21:00:00,CAL,TR-02,Entregado
ORD-10317,2026-06-19 16:00:00,2026-06-23 23:00:00,2026-06-25 21:00:00,BGA,TR-01,Entregado
ORD-10318,2026-06-27 18:00:00,2026-07-02 01:00:00,2026-07-03 02:00:00,BOG,TR-04,Entregado
ORD-10319,2026-05-02 09:00:00,2026-05-05 15:00:00,2026-05-07 16:00:00,BGA,TR-01,Entregado
ORD-10320,2026-01-05 12:00:00,2026-01-06 22:00:00,2026-01-10 23:00:00,BAQ,TR-02,Entregado
ORD-10321,2026-06-15 10:00:00,2026-06-16 13:00:00,2026-06-17 11:00:00,BOG,TR-03,Entregado
ORD-10322,2026-05-16 08:00:00,2026-05-19 13:00:00,2026-05-21 09:00:00,MED,TR-01,Entregado
ORD-10323,2026-03-27 11:00:00,2026-03-31 18:00:00,2026-04-01 20:00:00,BOG,TR-03,Entregado
ORD-10324,2026-05-25 14:00:00,2026-05-27 00:00:00,2026-05-28 04:00:00,BOG,TR-03,Entregado
ORD-10325,2026-02-14 11:00:00,2026-02-18 16:00:00,2026-02-19 14:00:00,BOG,TR-02,Entregado
ORD-10326,2026-02-05 13:00:00,2026-02-06 19:00:00,2026-02-12 16:00:00,BGA,TR-04,Entregado
ORD-10327,2026-06-08 10:00:00,2026-06-09 12:00:00,2026-06-10 15:00:00,MED,TR-03,Entregado
ORD-10328,2026-04-18 13:00:00,2026-04-22 20:00:00,2026-04-23 17:00:00,BOG,TR-03,Entregado
ORD-10329,2026-06-16 18:00:00,2026-06-18 05:00:00,2026-06-20 08:00:00,CAL,TR-03,Entregado
ORD-10330,2026-03-31 10:00:00,2026-04-01 13:00:00,2026-04-02 09:00:00,BOG,TR-04,Entregado
ORD-10331,2026-02-08 10:00:00,2026-02-09 12:00:00,2026-02-10 15:00:00,BOG,TR-02,Entregado
ORD-10332,2026-06-22 09:00:00,2026-06-23 11:00:00,2026-06-25 13:00:00,MED,TR-01,Entregado
ORD-10333,2026-05-06 17:00:00,2026-05-07 20:00:00,2026-05-09 21:00:00,MED,TR-04,Entregado
ORD-10334,2026-05-28 19:00:00,2026-05-29 22:00:00,2026-05-30 21:00:00,BOG,TR-02,Entregado
ORD-10335,2026-03-02 16:00:00,2026-03-04 01:00:00,2026-03-06 05:00:00,MED,TR-03,Entregado
ORD-10336,2026-06-16 08:00:00,2026-06-17 12:00:00,2026-06-19 17:00:00,BOG,TR-03,Entregado
ORD-10337,2026-05-11 19:00:00,2026-05-12 22:00:00,2026-05-19 01:00:00,BGA,TR-04,Entregado
ORD-10338,2026-04-23 16:00:00,2026-04-25 03:00:00,2026-04-27 02:00:00,BGA,TR-03,Entregado
ORD-10339,2026-02-25 08:00:00,2026-02-26 14:00:00,2026-03-01 13:00:00,BAQ,TR-02,Entregado
ORD-10340,2026-06-15 12:00:00,2026-06-16 21:00:00,2026-06-18 00:00:00,MED,TR-02,Entregado
ORD-10341,2026-05-14 17:00:00,2026-05-15 20:00:00,2026-05-18 23:00:00,CAL,TR-02,Entregado
ORD-10342,2026-02-13 12:00:00,2026-02-17 22:00:00,2026-02-20 01:00:00,CAL,TR-02,Entregado
ORD-10343,2026-03-21 13:00:00,2026-03-25 19:00:00,2026-03-27 23:00:00,CAL,TR-04,Entregado
ORD-10344,2026-06-13 10:00:00,2026-06-16 17:00:00,2026-06-18 16:00:00,CAL,TR-01,Entregado
ORD-10345,2026-05-27 11:00:00,2026-05-28 16:00:00,2026-05-31 16:00:00,BAQ,TR-03,Entregado
ORD-10346,2026-05-26 16:00:00,2026-05-28 03:00:00,2026-05-29 01:00:00,CAL,TR-02,Entregado
ORD-10347,2026-02-18 08:00:00,2026-02-19 11:00:00,2026-02-20 15:00:00,MED,TR-01,Entregado
ORD-10348,2026-04-27 13:00:00,2026-04-29 00:00:00,2026-04-30 05:00:00,CAL,TR-02,Entregado
ORD-10349,2026-04-28 10:00:00,2026-04-29 14:00:00,2026-05-01 17:00:00,MED,TR-01,Entregado
ORD-10350,2026-05-24 14:00:00,2026-05-25 18:00:00,2026-05-26 23:00:00,BOG,TR-03,Entregado
ORD-10351,2026-01-12 17:00:00,2026-01-14 02:00:00,2026-01-15 06:00:00,MED,TR-02,Entregado
ORD-10352,2026-01-16 15:00:00,2026-01-19 22:00:00,2026-01-21 02:00:00,MED,TR-03,Entregado
ORD-10353,2026-04-12 19:00:00,2026-04-13 23:00:00,2026-04-16 21:00:00,BAQ,TR-04,Entregado
ORD-10354,2026-06-01 19:00:00,2026-06-02 22:00:00,2026-06-03 19:00:00,BOG,TR-04,Entregado
ORD-10355,2026-04-27 15:00:00,2026-04-28 17:00:00,2026-05-06 21:00:00,BGA,TR-04,Entregado
ORD-10356,2026-05-02 19:00:00,2026-05-06 22:00:00,2026-05-09 03:00:00,BOG,TR-02,Entregado
ORD-10357,2026-06-13 17:00:00,2026-06-17 22:00:00,2026-06-19 01:00:00,MED,TR-02,Entregado
ORD-10358,2026-05-16 17:00:00,2026-05-21 01:00:00,2026-05-26 00:00:00,BGA,TR-04,Entregado
ORD-10359,2026-03-01 09:00:00,2026-03-02 18:00:00,2026-03-04 22:00:00,MED,TR-01,Entregado
ORD-10360,2026-01-28 19:00:00,2026-01-30 01:00:00,2026-02-01 22:00:00,BAQ,TR-01,Entregado
ORD-10361,2026-04-11 16:00:00,2026-04-14 18:00:00,2026-04-17 17:00:00,CAL,TR-02,Entregado
ORD-10362,2026-06-04 13:00:00,2026-06-05 19:00:00,2026-06-07 16:00:00,CAL,TR-04,Entregado
ORD-10363,2026-05-25 16:00:00,2026-05-26 18:00:00,2026-05-27 16:00:00,MED,TR-04,Entregado
ORD-10364,2026-06-10 12:00:00,2026-06-11 20:00:00,2026-06-16 19:00:00,BGA,TR-04,Entregado
ORD-10365,2026-06-06 10:00:00,2026-06-09 13:00:00,2026-06-12 09:00:00,MED,TR-04,Entregado
ORD-10366,2026-05-14 09:00:00,2026-05-15 15:00:00,2026-05-16 14:00:00,BOG,TR-01,Entregado
ORD-10367,2026-04-25 12:00:00,2026-04-28 15:00:00,2026-04-29 15:00:00,BOG,TR-02,Entregado
ORD-10368,2026-02-16 16:00:00,2026-02-17 20:00:00,2026-02-19 20:00:00,CAL,TR-01,Entregado
ORD-10369,2026-01-10 15:00:00,2026-01-14 21:00:00,2026-01-16 18:00:00,CAL,TR-03,Entregado
ORD-10370,2026-01-30 09:00:00,2026-02-03 18:00:00,2026-02-05 21:00:00,CAL,TR-02,Entregado
ORD-10371,2026-04-19 12:00:00,2026-04-20 21:00:00,2026-04-22 22:00:00,MED,TR-01,Entregado
ORD-10372,2026-04-29 15:00:00,2026-04-30 18:00:00,2026-05-02 18:00:00,MED,TR-03,Entregado
ORD-10373,2026-02-02 13:00:00,2026-02-03 22:00:00,2026-02-10 19:00:00,BGA,TR-04,Entregado
ORD-10374,2026-03-06 09:00:00,2026-03-10 17:00:00,2026-03-11 19:00:00,BGA,TR-01,Entregado
ORD-10375,2026-06-26 18:00:00,2026-06-30 01:00:00,2026-07-03 04:00:00,CAL,TR-02,Entregado
ORD-10376,2026-03-26 17:00:00,2026-03-27 21:00:00,2026-03-28 19:00:00,BOG,TR-03,Entregado
ORD-10377,2026-03-04 16:00:00,2026-03-05 18:00:00,2026-03-06 15:00:00,BOG,TR-04,Entregado
ORD-10378,2026-03-27 18:00:00,2026-04-01 04:00:00,2026-04-03 09:00:00,BOG,TR-02,Entregado
ORD-10379,2026-01-27 08:00:00,2026-01-28 13:00:00,2026-01-29 14:00:00,BOG,TR-01,Entregado
ORD-10380,2026-06-10 09:00:00,2026-06-11 13:00:00,2026-06-13 14:00:00,BGA,TR-03,Entregado
ORD-10381,2026-04-15 10:00:00,2026-04-16 14:00:00,2026-04-21 12:00:00,BGA,TR-04,Entregado
ORD-10382,2026-05-09 12:00:00,2026-05-12 22:00:00,2026-05-15 00:00:00,MED,TR-02,Entregado
ORD-10383,2026-02-24 13:00:00,2026-02-25 20:00:00,2026-02-27 23:00:00,MED,TR-04,Entregado
ORD-10384,2026-04-05 12:00:00,2026-04-06 21:00:00,2026-04-10 01:00:00,CAL,TR-02,Entregado
ORD-10385,2026-04-12 10:00:00,2026-04-13 13:00:00,2026-04-14 14:00:00,BOG,TR-02,Entregado
ORD-10386,2026-01-23 12:00:00,2026-01-26 17:00:00,2026-01-27 19:00:00,BOG,TR-04,Entregado
ORD-10387,2026-02-22 12:00:00,2026-02-23 21:00:00,2026-02-27 01:00:00,MED,TR-02,Entregado
ORD-10388,2026-03-24 08:00:00,2026-03-25 12:00:00,2026-03-26 13:00:00,BOG,TR-03,Entregado
ORD-10389,2026-03-26 16:00:00,2026-03-27 21:00:00,2026-03-31 02:00:00,CAL,TR-03,Entregado
ORD-10390,2026-04-20 08:00:00,2026-04-21 18:00:00,2026-04-22 22:00:00,BOG,TR-03,Entregado
ORD-10391,2026-02-20 11:00:00,2026-02-24 17:00:00,2026-02-25 14:00:00,BOG,TR-03,Entregado
ORD-10392,2026-04-23 15:00:00,2026-04-24 18:00:00,2026-04-26 22:00:00,MED,TR-03,Entregado
ORD-10393,2026-02-01 09:00:00,2026-02-02 11:00:00,2026-02-03 16:00:00,BOG,TR-03,Entregado
ORD-10394,2026-04-02 15:00:00,2026-04-03 17:00:00,2026-04-06 15:00:00,MED,TR-03,Entregado
ORD-10395,2026-02-08 17:00:00,2026-02-09 20:00:00,2026-02-10 21:00:00,BOG,TR-04,Entregado
ORD-10396,2026-06-11 13:00:00,2026-06-12 17:00:00,2026-06-13 20:00:00,MED,TR-04,Entregado
ORD-10397,2026-04-28 10:00:00,2026-04-29 17:00:00,2026-05-01 22:00:00,MED,TR-02,Entregado
ORD-10398,2026-05-03 09:00:00,2026-05-04 12:00:00,2026-05-07 15:00:00,BGA,TR-01,Entregado
ORD-10399,2026-01-12 08:00:00,2026-01-13 19:00:00,2026-01-15 17:00:00,BAQ,TR-04,Entregado
ORD-10400,2026-02-23 19:00:00,2026-02-25 03:00:00,2026-02-26 06:00:00,BOG,TR-04,Entregado
ORD-10401,2026-05-13 18:00:00,2026-05-14 23:00:00,2026-05-16 20:00:00,BAQ,TR-04,Entregado
ORD-10402,2026-02-26 08:00:00,2026-02-27 10:00:00,2026-03-02 14:00:00,BAQ,TR-02,Entregado
ORD-10403,2026-04-22 14:00:00,2026-04-23 18:00:00,2026-04-24 20:00:00,BOG,TR-02,Entregado
ORD-10404,2026-03-26 09:00:00,2026-03-27 13:00:00,2026-03-28 18:00:00,BOG,TR-02,Entregado
ORD-10405,2026-03-16 10:00:00,2026-03-17 19:00:00,2026-03-18 20:00:00,BOG,TR-04,Entregado
ORD-10406,2026-04-13 13:00:00,2026-04-14 19:00:00,2026-04-16 16:00:00,BOG,TR-03,Entregado
ORD-10407,2026-02-07 09:00:00,2026-02-10 13:00:00,2026-02-17 13:00:00,BGA,TR-04,Entregado
ORD-10408,2026-04-08 09:00:00,2026-04-09 14:00:00,2026-04-10 10:00:00,MED,TR-01,Entregado
ORD-10409,2026-01-30 18:00:00,2026-02-02 20:00:00,2026-02-05 01:00:00,BOG,TR-03,Entregado
ORD-10410,2026-06-28 09:00:00,2026-06-29 17:00:00,2026-06-30 22:00:00,CAL,TR-03,Entregado
ORD-10411,2026-02-21 16:00:00,2026-02-25 01:00:00,2026-02-26 05:00:00,BOG,TR-04,Entregado
ORD-10412,2026-06-15 08:00:00,2026-06-16 17:00:00,2026-06-17 16:00:00,BOG,TR-04,Entregado
ORD-10413,2026-03-20 19:00:00,2026-03-25 01:00:00,2026-03-28 02:00:00,CAL,TR-03,Entregado
ORD-10414,2026-01-30 14:00:00,2026-02-03 17:00:00,2026-02-04 15:00:00,MED,TR-02,Entregado
ORD-10415,2026-04-16 10:00:00,2026-04-17 16:00:00,2026-04-19 12:00:00,CAL,TR-04,Entregado
ORD-10416,2026-03-22 12:00:00,2026-03-23 21:00:00,2026-03-26 02:00:00,MED,TR-04,Entregado
ORD-10417,2026-01-29 11:00:00,2026-01-30 19:00:00,2026-01-31 20:00:00,BOG,TR-03,Entregado
ORD-10418,2026-05-18 15:00:00,2026-05-20 02:00:00,2026-05-22 23:00:00,CAL,TR-02,Entregado
ORD-10419,2026-05-25 17:00:00,2026-05-27 02:00:00,2026-05-28 04:00:00,BOG,TR-01,Entregado
ORD-10420,2026-01-17 19:00:00,2026-01-22 02:00:00,2026-01-23 07:00:00,BOG,TR-01,Entregado
ORD-10421,2026-03-25 15:00:00,2026-03-26 19:00:00,2026-03-28 16:00:00,BGA,TR-01,Entregado
ORD-10422,2026-03-10 09:00:00,2026-03-11 17:00:00,2026-03-13 17:00:00,BGA,TR-03,Entregado
ORD-10423,2026-01-06 12:00:00,2026-01-07 21:00:00,2026-01-10 01:00:00,MED,TR-04,Entregado
ORD-10424,2026-05-06 18:00:00,2026-05-08 05:00:00,2026-05-10 06:00:00,MED,TR-03,Entregado
ORD-10425,2026-02-12 18:00:00,2026-02-13 23:00:00,2026-02-15 23:00:00,BOG,TR-01,Entregado
ORD-10426,2026-04-25 16:00:00,2026-04-29 01:00:00,2026-05-01 22:00:00,MED,TR-02,Entregado
ORD-10427,2026-05-31 14:00:00,2026-06-01 23:00:00,2026-06-02 22:00:00,BOG,TR-01,Entregado
ORD-10428,2026-03-21 18:00:00,2026-03-26 03:00:00,2026-03-28 02:00:00,BOG,TR-03,Entregado
ORD-10429,2026-04-28 15:00:00,2026-04-29 17:00:00,2026-04-30 17:00:00,BOG,TR-02,Entregado
ORD-10430,2026-05-12 15:00:00,2026-05-13 21:00:00,2026-05-14 21:00:00,BOG,TR-04,Entregado
ORD-10431,2026-05-12 15:00:00,2026-05-14 01:00:00,2026-05-15 05:00:00,BOG,TR-02,Entregado
ORD-10432,2026-01-25 10:00:00,2026-01-26 12:00:00,2026-01-29 17:00:00,BAQ,TR-03,Entregado
ORD-10433,2026-04-06 10:00:00,2026-04-07 19:00:00,2026-04-10 16:00:00,BAQ,TR-03,Entregado
ORD-10434,2026-06-04 09:00:00,2026-06-05 11:00:00,2026-06-08 13:00:00,MED,TR-01,Entregado
ORD-10435,2026-03-02 17:00:00,2026-03-04 02:00:00,2026-03-05 23:00:00,BAQ,TR-04,Entregado
ORD-10436,2026-02-20 10:00:00,2026-02-23 13:00:00,2026-02-25 10:00:00,CAL,TR-02,Entregado
ORD-10437,2026-01-21 12:00:00,2026-01-22 23:00:00,2026-01-30 19:00:00,BGA,TR-04,Entregado
ORD-10438,2026-04-02 17:00:00,2026-04-04 03:00:00,2026-04-05 08:00:00,BOG,TR-01,Entregado
ORD-10439,2026-03-02 13:00:00,2026-03-03 19:00:00,2026-03-04 21:00:00,BOG,TR-04,Entregado
ORD-10440,2026-05-29 13:00:00,2026-06-02 17:00:00,2026-06-03 13:00:00,MED,TR-02,Entregado
ORD-10441,2026-01-01 12:00:00,2026-01-02 21:00:00,2026-01-04 20:00:00,BAQ,TR-01,Entregado
ORD-10442,2026-01-12 17:00:00,2026-01-14 00:00:00,2026-01-16 03:00:00,CAL,TR-03,Entregado
ORD-10443,2026-02-15 09:00:00,2026-02-16 17:00:00,2026-02-17 13:00:00,BOG,TR-04,Entregado
ORD-10444,2026-06-26 17:00:00,2026-06-29 19:00:00,2026-06-30 23:00:00,BOG,TR-01,Entregado
ORD-10445,2026-02-14 18:00:00,2026-02-17 21:00:00,2026-02-23 18:00:00,BGA,TR-04,Entregado
ORD-10446,2026-03-14 17:00:00,2026-03-19 00:00:00,2026-03-22 04:00:00,BGA,TR-01,Entregado
ORD-10447,2026-02-16 16:00:00,2026-02-17 23:00:00,2026-02-20 02:00:00,MED,TR-01,Entregado
ORD-10448,2026-02-25 18:00:00,2026-02-27 04:00:00,2026-02-28 05:00:00,MED,TR-03,Entregado
ORD-10449,2026-03-04 08:00:00,2026-03-05 11:00:00,2026-03-07 10:00:00,BOG,TR-03,Entregado
ORD-10450,2026-01-26 11:00:00,2026-01-27 17:00:00,2026-01-29 20:00:00,BAQ,TR-04,Entregado
ORD-10451,2026-01-01 15:00:00,2026-01-02 22:00:00,,BOG,TR-03,Devuelto
ORD-10452,2026-04-23 10:00:00,2026-04-24 20:00:00,2026-04-25 16:00:00,BOG,TR-04,Entregado
ORD-10453,2026-06-29 15:00:00,2026-07-01 01:00:00,2026-07-01 23:00:00,BOG,TR-03,Entregado
ORD-10454,2026-01-14 17:00:00,2026-01-15 21:00:00,2026-01-17 17:00:00,BOG,TR-04,Entregado
ORD-10455,2026-01-28 14:00:00,2026-01-29 20:00:00,2026-01-30 23:00:00,BOG,TR-03,Entregado
ORD-10456,2026-03-19 15:00:00,2026-03-20 23:00:00,2026-03-23 01:00:00,MED,TR-01,Entregado
ORD-10457,2026-05-10 17:00:00,2026-05-12 03:00:00,2026-05-14 02:00:00,MED,TR-03,Entregado
ORD-10458,2026-01-14 18:00:00,2026-01-15 23:00:00,2026-01-18 21:00:00,BGA,TR-02,Entregado
ORD-10459,2026-02-25 10:00:00,2026-02-26 21:00:00,2026-02-27 23:00:00,BOG,TR-04,Entregado
ORD-10460,2026-01-07 10:00:00,2026-01-08 21:00:00,2026-01-11 22:00:00,MED,TR-02,Entregado
ORD-10461,2026-04-21 14:00:00,2026-04-22 21:00:00,2026-04-25 21:00:00,MED,TR-02,Entregado
ORD-10462,2026-04-17 19:00:00,2026-04-22 04:00:00,2026-04-25 02:00:00,BAQ,TR-03,Entregado
ORD-10463,2026-01-18 17:00:00,2026-01-20 01:00:00,2026-01-21 01:00:00,MED,TR-04,Entregado
ORD-10464,2026-02-07 10:00:00,2026-02-11 20:00:00,2026-02-12 19:00:00,BOG,TR-01,Entregado
ORD-10465,2026-04-25 16:00:00,2026-04-30 02:00:00,2026-05-01 01:00:00,BGA,TR-01,Entregado
ORD-10466,2026-04-29 12:00:00,2026-04-30 23:00:00,2026-05-01 20:00:00,CAL,TR-03,Entregado
ORD-10467,2026-01-28 17:00:00,2026-01-29 20:00:00,2026-01-30 23:00:00,BOG,TR-03,Entregado
ORD-10468,2026-02-08 16:00:00,2026-02-09 20:00:00,2026-02-12 00:00:00,MED,TR-04,Entregado
ORD-10469,2026-01-17 14:00:00,2026-01-20 21:00:00,2026-01-22 23:00:00,BGA,TR-03,Entregado
ORD-10470,2026-03-27 17:00:00,2026-03-31 00:00:00,2026-03-31 20:00:00,BOG,TR-01,Entregado
ORD-10471,2026-05-06 19:00:00,2026-05-08 02:00:00,2026-05-11 23:00:00,BAQ,TR-04,Entregado
ORD-10472,2026-01-25 08:00:00,2026-01-26 15:00:00,2026-01-27 15:00:00,BOG,TR-02,Entregado
ORD-10473,2026-01-13 11:00:00,2026-01-14 18:00:00,2026-01-15 23:00:00,BOG,TR-04,Entregado
ORD-10474,2026-01-25 11:00:00,2026-01-26 18:00:00,2026-01-27 20:00:00,BOG,TR-02,Entregado
ORD-10475,2026-05-18 10:00:00,2026-05-19 20:00:00,2026-05-21 00:00:00,BOG,TR-04,Entregado
ORD-10476,2026-04-19 09:00:00,2026-04-20 12:00:00,2026-04-22 08:00:00,BOG,TR-03,Entregado
ORD-10477,2026-04-21 11:00:00,2026-04-22 19:00:00,2026-04-23 16:00:00,BOG,TR-02,Entregado
ORD-10478,2026-04-21 13:00:00,2026-04-22 17:00:00,2026-04-25 13:00:00,BGA,TR-03,Entregado
ORD-10479,2026-02-03 15:00:00,2026-02-05 01:00:00,2026-02-09 01:00:00,BAQ,TR-01,Entregado
ORD-10480,2026-06-17 08:00:00,2026-06-18 16:00:00,2026-06-21 12:00:00,MED,TR-04,Entregado
ORD-10481,2026-03-24 17:00:00,2026-03-25 19:00:00,2026-03-28 18:00:00,BAQ,TR-04,Entregado
ORD-10482,2026-06-18 12:00:00,2026-06-19 18:00:00,2026-06-21 16:00:00,CAL,TR-01,Entregado
ORD-10483,2026-01-06 11:00:00,2026-01-07 14:00:00,2026-01-13 19:00:00,BGA,TR-04,Entregado
ORD-10484,2026-01-26 09:00:00,2026-01-27 20:00:00,2026-01-30 23:00:00,CAL,TR-01,Entregado
ORD-10485,2026-02-28 13:00:00,2026-03-04 21:00:00,,BGA,TR-03,Devuelto
ORD-10486,2026-05-01 08:00:00,2026-05-04 12:00:00,2026-05-05 13:00:00,BOG,TR-01,Entregado
ORD-10487,2026-05-30 12:00:00,2026-06-02 17:00:00,2026-06-04 14:00:00,MED,TR-03,Entregado
ORD-10488,2026-03-11 14:00:00,2026-03-12 21:00:00,2026-03-14 19:00:00,MED,TR-04,Entregado
ORD-10489,2026-04-22 11:00:00,2026-04-23 13:00:00,2026-04-25 14:00:00,MED,TR-02,Entregado
ORD-10490,2026-04-04 18:00:00,2026-04-07 21:00:00,2026-04-10 02:00:00,CAL,TR-04,Entregado
ORD-10491,2026-03-03 15:00:00,2026-03-05 01:00:00,2026-03-08 03:00:00,BGA,TR-02,Entregado
ORD-10492,2026-02-24 16:00:00,2026-02-25 23:00:00,2026-02-27 23:00:00,MED,TR-02,Entregado
ORD-10493,2026-05-11 10:00:00,2026-05-12 21:00:00,2026-05-14 02:00:00,BOG,TR-04,Entregado
ORD-10494,2026-01-31 15:00:00,2026-02-04 17:00:00,2026-02-05 15:00:00,BOG,TR-03,Entregado
ORD-10495,2026-02-05 15:00:00,2026-02-07 02:00:00,2026-02-07 22:00:00,BOG,TR-02,Entregado
ORD-10496,2026-01-06 09:00:00,2026-01-07 20:00:00,2026-01-08 20:00:00,BOG,TR-03,Entregado
ORD-10497,2026-03-16 11:00:00,2026-03-17 21:00:00,2026-03-20 01:00:00,MED,TR-02,Entregado
ORD-10498,2026-03-20 13:00:00,2026-03-24 18:00:00,2026-03-25 20:00:00,BOG,TR-01,Entregado
ORD-10499,2026-04-28 08:00:00,2026-04-29 14:00:00,2026-04-30 10:00:00,CAL,TR-01,Entregado
ORD-10500,2026-04-04 15:00:00,2026-04-08 21:00:00,2026-04-10 01:00:00,BOG,TR-01,Entregado
ORD-10501,2026-06-28 16:00:00,2026-06-30 03:00:00,2026-07-06 02:00:00,BAQ,TR-02,Entregado
ORD-10502,2026-03-20 18:00:00,2026-03-25 04:00:00,2026-03-28 00:00:00,BGA,TR-02,Entregado
ORD-10503,2026-05-16 17:00:00,2026-05-19 20:00:00,,MED,TR-04,Devuelto
ORD-10504,2026-06-28 19:00:00,2026-06-30 05:00:00,2026-07-03 04:00:00,CAL,TR-04,Entregado
ORD-10505,2026-05-13 13:00:00,2026-05-14 15:00:00,2026-05-15 18:00:00,MED,TR-04,Entregado
ORD-10506,2026-06-03 13:00:00,2026-06-04 20:00:00,2026-06-05 19:00:00,BOG,TR-02,Entregado
ORD-10507,2026-03-09 10:00:00,2026-03-10 19:00:00,2026-03-11 16:00:00,BOG,TR-01,Entregado
ORD-10508,2026-01-20 08:00:00,2026-01-21 12:00:00,2026-01-23 15:00:00,BOG,TR-02,Entregado
ORD-10509,2026-05-20 08:00:00,2026-05-21 11:00:00,2026-05-22 16:00:00,BGA,TR-02,Entregado
ORD-10510,2026-03-31 13:00:00,2026-04-01 16:00:00,2026-04-03 21:00:00,BOG,TR-01,Entregado
ORD-10511,2026-02-06 18:00:00,2026-02-10 00:00:00,2026-02-11 03:00:00,BOG,TR-04,Entregado
ORD-10512,2026-04-10 18:00:00,2026-04-14 01:00:00,2026-04-15 02:00:00,BOG,TR-03,Entregado
ORD-10513,2026-01-03 08:00:00,2026-01-06 14:00:00,2026-01-09 13:00:00,CAL,TR-04,Entregado
ORD-10514,2026-05-14 09:00:00,2026-05-15 19:00:00,2026-05-17 19:00:00,CAL,TR-02,Entregado
ORD-10515,2026-01-10 12:00:00,2026-01-13 14:00:00,2026-01-14 11:00:00,BGA,TR-02,Entregado
ORD-10516,2026-05-31 17:00:00,2026-06-02 00:00:00,2026-06-03 03:00:00,BOG,TR-04,Entregado
ORD-10517,2026-06-21 09:00:00,2026-06-22 16:00:00,2026-06-23 16:00:00,BOG,TR-02,Entregado
ORD-10518,2026-01-13 15:00:00,2026-01-14 19:00:00,2026-01-17 19:00:00,MED,TR-02,Entregado
ORD-10519,2026-05-10 11:00:00,2026-05-11 15:00:00,2026-05-13 13:00:00,MED,TR-04,Entregado
ORD-10520,2026-03-06 12:00:00,2026-03-10 22:00:00,2026-03-12 20:00:00,BOG,TR-04,Entregado
ORD-10521,2026-03-14 08:00:00,2026-03-17 13:00:00,2026-03-18 13:00:00,CAL,TR-01,Entregado
ORD-10522,2026-01-09 18:00:00,2026-01-13 22:00:00,2026-01-15 02:00:00,BOG,TR-01,Entregado
ORD-10523,2026-05-23 15:00:00,2026-05-27 23:00:00,2026-05-28 22:00:00,BOG,TR-01,Entregado
ORD-10524,2026-02-07 14:00:00,2026-02-12 01:00:00,2026-02-15 05:00:00,BGA,TR-01,Entregado
ORD-10525,2026-06-12 08:00:00,2026-06-15 13:00:00,2026-06-16 16:00:00,BOG,TR-01,Entregado
ORD-10526,2026-03-10 19:00:00,2026-03-12 03:00:00,2026-03-14 02:00:00,BOG,TR-02,Entregado
ORD-10527,2026-06-27 12:00:00,2026-07-01 14:00:00,2026-07-03 16:00:00,BAQ,TR-01,Entregado
ORD-10528,2026-04-30 18:00:00,2026-05-01 22:00:00,2026-05-04 20:00:00,MED,TR-03,Entregado
ORD-10529,2026-05-17 09:00:00,2026-05-18 18:00:00,2026-05-21 14:00:00,CAL,TR-01,Entregado
ORD-10530,2026-03-17 10:00:00,2026-03-18 21:00:00,2026-03-21 18:00:00,BAQ,TR-03,Entregado
ORD-10531,2026-02-04 08:00:00,2026-02-05 18:00:00,2026-02-07 20:00:00,BGA,TR-01,Entregado
ORD-10532,2026-02-09 13:00:00,2026-02-10 17:00:00,2026-02-11 18:00:00,BOG,TR-01,Entregado
ORD-10533,2026-03-01 15:00:00,2026-03-03 00:00:00,2026-03-03 20:00:00,BOG,TR-01,Entregado
ORD-10534,2026-01-11 16:00:00,2026-01-13 02:00:00,2026-01-16 00:00:00,CAL,TR-03,Entregado
ORD-10535,2026-01-14 19:00:00,2026-01-16 02:00:00,2026-01-17 02:00:00,CAL,TR-02,Entregado
ORD-10536,2026-01-30 10:00:00,2026-02-03 20:00:00,2026-02-06 01:00:00,BOG,TR-02,Entregado
ORD-10537,2026-06-14 12:00:00,2026-06-15 19:00:00,2026-06-16 21:00:00,BOG,TR-04,Entregado
ORD-10538,2026-03-24 18:00:00,2026-03-26 01:00:00,2026-04-01 04:00:00,BGA,TR-04,Entregado
ORD-10539,2026-03-19 17:00:00,2026-03-21 01:00:00,2026-03-22 05:00:00,BOG,TR-03,Entregado
ORD-10540,2026-03-03 11:00:00,2026-03-04 21:00:00,2026-03-07 00:00:00,BGA,TR-02,Entregado
ORD-10541,2026-03-30 17:00:00,2026-03-31 22:00:00,2026-04-02 03:00:00,BOG,TR-04,Entregado
ORD-10542,2026-03-30 09:00:00,2026-03-31 18:00:00,2026-04-02 23:00:00,BOG,TR-03,Entregado
ORD-10543,2026-02-09 15:00:00,2026-02-10 23:00:00,2026-02-13 21:00:00,CAL,TR-03,Entregado
ORD-10544,2026-02-08 15:00:00,2026-02-09 22:00:00,2026-02-11 00:00:00,BOG,TR-04,Entregado
ORD-10545,2026-01-14 10:00:00,2026-01-15 19:00:00,2026-01-17 23:00:00,CAL,TR-02,Entregado
ORD-10546,2026-05-05 13:00:00,2026-05-06 15:00:00,2026-05-09 18:00:00,BAQ,TR-03,Entregado
ORD-10547,2026-04-07 14:00:00,2026-04-08 16:00:00,2026-04-10 18:00:00,CAL,TR-02,Entregado
ORD-10548,2026-03-04 08:00:00,2026-03-05 15:00:00,2026-03-08 17:00:00,BGA,TR-03,Entregado
ORD-10549,2026-06-02 08:00:00,2026-06-03 12:00:00,2026-06-04 17:00:00,BOG,TR-04,Entregado
ORD-10550,2026-02-22 15:00:00,2026-02-24 02:00:00,2026-02-26 00:00:00,CAL,TR-02,Entregado
ORD-10551,2026-04-14 10:00:00,2026-04-15 13:00:00,2026-04-17 16:00:00,BOG,TR-04,Entregado
ORD-10552,2026-02-08 10:00:00,2026-02-09 12:00:00,2026-02-12 16:00:00,CAL,TR-03,Entregado
ORD-10553,2026-05-14 10:00:00,2026-05-15 19:00:00,2026-05-18 18:00:00,CAL,TR-02,Entregado
ORD-10554,2026-05-15 10:00:00,2026-05-19 15:00:00,2026-05-21 15:00:00,CAL,TR-02,Entregado
ORD-10555,2026-02-11 11:00:00,2026-02-12 13:00:00,2026-02-13 16:00:00,MED,TR-03,Entregado
ORD-10556,2026-01-15 08:00:00,2026-01-16 11:00:00,2026-01-18 13:00:00,MED,TR-02,Entregado
ORD-10557,2026-06-04 11:00:00,2026-06-05 18:00:00,2026-06-07 20:00:00,BGA,TR-03,Entregado
ORD-10558,2026-06-06 13:00:00,2026-06-10 18:00:00,2026-06-12 16:00:00,BOG,TR-04,Entregado
ORD-10559,2026-04-07 12:00:00,2026-04-08 17:00:00,2026-04-10 14:00:00,CAL,TR-02,Entregado
ORD-10560,2026-06-04 14:00:00,2026-06-05 17:00:00,2026-06-13 18:00:00,BGA,TR-04,Entregado
ORD-10561,2026-02-02 11:00:00,2026-02-03 13:00:00,2026-02-05 13:00:00,BOG,TR-04,Entregado
ORD-10562,2026-03-27 09:00:00,2026-03-31 13:00:00,2026-04-03 17:00:00,MED,TR-03,Entregado
ORD-10563,2026-01-10 12:00:00,2026-01-14 19:00:00,2026-01-17 23:00:00,CAL,TR-04,Entregado
ORD-10564,2026-05-03 17:00:00,2026-05-04 23:00:00,2026-05-07 23:00:00,BGA,TR-03,Entregado
ORD-10565,2026-04-07 13:00:00,2026-04-08 20:00:00,2026-04-11 01:00:00,BGA,TR-03,Entregado
ORD-10566,2026-02-07 11:00:00,2026-02-10 16:00:00,2026-02-12 20:00:00,BGA,TR-03,Entregado
ORD-10567,2026-04-19 15:00:00,2026-04-20 23:00:00,2026-04-23 04:00:00,CAL,TR-04,Entregado
ORD-10568,2026-06-29 15:00:00,2026-07-01 01:00:00,2026-07-03 05:00:00,BGA,TR-03,Entregado
ORD-10569,2026-01-15 15:00:00,2026-01-16 23:00:00,2026-01-23 03:00:00,BGA,TR-04,Entregado
ORD-10570,2026-01-05 11:00:00,2026-01-06 16:00:00,2026-01-07 18:00:00,BOG,TR-04,Entregado
ORD-10571,2026-03-17 09:00:00,2026-03-18 11:00:00,2026-03-19 12:00:00,BOG,TR-01,Entregado
ORD-10572,2026-06-04 10:00:00,2026-06-05 13:00:00,2026-06-06 17:00:00,BOG,TR-03,Entregado
ORD-10573,2026-06-13 11:00:00,2026-06-17 21:00:00,2026-06-18 23:00:00,CAL,TR-03,Entregado
ORD-10574,2026-01-26 18:00:00,2026-01-28 04:00:00,2026-01-29 09:00:00,BOG,TR-04,Entregado
ORD-10575,2026-01-27 12:00:00,2026-01-28 22:00:00,2026-01-31 03:00:00,CAL,TR-03,Entregado
ORD-10576,2026-05-28 18:00:00,2026-05-29 22:00:00,2026-06-01 01:00:00,MED,TR-01,Entregado
ORD-10577,2026-03-15 15:00:00,2026-03-16 23:00:00,2026-03-21 03:00:00,BAQ,TR-02,Entregado
ORD-10578,2026-02-07 13:00:00,2026-02-10 16:00:00,2026-02-13 20:00:00,CAL,TR-03,Entregado
ORD-10579,2026-01-23 17:00:00,2026-01-27 04:00:00,2026-02-01 04:00:00,BGA,TR-04,Entregado
ORD-10580,2026-02-15 18:00:00,2026-02-17 02:00:00,2026-02-23 22:00:00,BGA,TR-04,Entregado
ORD-10581,2026-05-20 17:00:00,2026-05-21 23:00:00,2026-05-22 20:00:00,MED,TR-03,Entregado
ORD-10582,2026-05-21 15:00:00,2026-05-22 22:00:00,2026-05-23 19:00:00,CAL,TR-02,Entregado
ORD-10583,2026-04-21 15:00:00,2026-04-22 21:00:00,2026-04-24 23:00:00,BGA,TR-02,Entregado
ORD-10584,2026-03-01 18:00:00,2026-03-03 01:00:00,2026-03-09 04:00:00,BAQ,TR-02,Entregado
ORD-10585,2026-04-10 11:00:00,2026-04-13 14:00:00,2026-04-15 11:00:00,BGA,TR-02,Entregado
ORD-10586,2026-05-13 15:00:00,2026-05-14 21:00:00,2026-05-15 17:00:00,BOG,TR-04,Entregado
ORD-10587,2026-02-06 15:00:00,2026-02-09 19:00:00,2026-02-10 23:00:00,BOG,TR-04,Entregado
ORD-10588,2026-05-07 17:00:00,2026-05-08 23:00:00,2026-05-09 23:00:00,BGA,TR-02,Entregado
ORD-10589,2026-04-02 17:00:00,2026-04-03 20:00:00,2026-04-07 00:00:00,CAL,TR-04,Entregado
ORD-10590,2026-05-17 13:00:00,2026-05-18 18:00:00,2026-05-19 20:00:00,CAL,TR-03,Entregado
ORD-10591,2026-02-20 15:00:00,2026-02-24 01:00:00,2026-02-25 04:00:00,BOG,TR-01,Entregado
ORD-10592,2026-02-10 13:00:00,2026-02-11 17:00:00,2026-02-14 21:00:00,BAQ,TR-04,Entregado
ORD-10593,2026-01-11 14:00:00,2026-01-12 17:00:00,2026-01-13 14:00:00,BOG,TR-02,Entregado
ORD-10594,2026-01-01 12:00:00,2026-01-02 16:00:00,2026-01-03 16:00:00,BOG,TR-03,Entregado
ORD-10595,2026-05-29 17:00:00,2026-06-02 00:00:00,2026-06-03 00:00:00,BOG,TR-02,Entregado
ORD-10596,2026-04-20 11:00:00,2026-04-21 18:00:00,2026-04-24 18:00:00,MED,TR-03,Entregado
ORD-10597,2026-02-26 08:00:00,2026-02-27 10:00:00,2026-03-03 06:00:00,BAQ,TR-04,Entregado
ORD-10598,2026-03-04 13:00:00,2026-03-05 23:00:00,2026-03-06 23:00:00,BOG,TR-01,Entregado
ORD-10599,2026-02-24 10:00:00,2026-02-25 17:00:00,2026-02-26 15:00:00,BOG,TR-02,Entregado
ORD-10600,2026-06-17 12:00:00,2026-06-18 21:00:00,2026-06-19 19:00:00,MED,TR-02,Entregado
ORD-10601,2026-06-24 16:00:00,2026-06-26 02:00:00,2026-06-28 07:00:00,BOG,TR-01,Entregado
ORD-10602,2026-02-22 16:00:00,2026-02-24 00:00:00,2026-02-26 03:00:00,MED,TR-02,Entregado
ORD-10603,2026-06-29 16:00:00,2026-07-01 03:00:00,2026-07-03 06:00:00,CAL,TR-02,Entregado
ORD-10604,2026-04-27 17:00:00,2026-04-29 03:00:00,2026-05-01 07:00:00,BAQ,TR-03,Entregado
ORD-10605,2026-06-18 10:00:00,2026-06-19 15:00:00,2026-06-20 16:00:00,BOG,TR-04,Entregado
ORD-10606,2026-03-04 11:00:00,2026-03-05 20:00:00,2026-03-08 16:00:00,MED,TR-03,Entregado
ORD-10607,2026-01-25 17:00:00,2026-01-27 00:00:00,2026-01-28 02:00:00,BOG,TR-01,Entregado
ORD-10608,2026-03-16 13:00:00,2026-03-17 17:00:00,2026-03-18 22:00:00,BGA,TR-01,Entregado
ORD-10609,2026-05-10 14:00:00,2026-05-11 19:00:00,2026-05-13 22:00:00,BOG,TR-01,Entregado
ORD-10610,2026-06-11 18:00:00,2026-06-13 03:00:00,2026-06-14 00:00:00,MED,TR-03,Entregado
ORD-10611,2026-01-17 18:00:00,2026-01-22 03:00:00,2026-01-24 23:00:00,MED,TR-04,Entregado
ORD-10612,2026-04-18 18:00:00,2026-04-22 02:00:00,2026-04-23 04:00:00,BOG,TR-03,Entregado
ORD-10613,2026-06-28 13:00:00,2026-06-29 16:00:00,2026-06-30 15:00:00,MED,TR-02,Entregado
ORD-10614,2026-06-01 16:00:00,2026-06-03 01:00:00,2026-06-03 23:00:00,BOG,TR-02,Entregado
ORD-10615,2026-06-29 13:00:00,2026-06-30 17:00:00,2026-07-02 14:00:00,MED,TR-04,Entregado
ORD-10616,2026-03-29 08:00:00,2026-03-30 17:00:00,2026-03-31 13:00:00,BOG,TR-01,Entregado
ORD-10617,2026-06-26 18:00:00,2026-06-30 03:00:00,2026-07-01 03:00:00,BOG,TR-03,Entregado
ORD-10618,2026-05-30 17:00:00,2026-06-02 20:00:00,2026-06-03 16:00:00,BOG,TR-03,Entregado
ORD-10619,2026-06-05 09:00:00,2026-06-08 16:00:00,2026-06-10 17:00:00,BGA,TR-02,Entregado
ORD-10620,2026-02-18 14:00:00,2026-02-19 20:00:00,2026-02-21 00:00:00,BGA,TR-02,Entregado
ORD-10621,2026-03-22 11:00:00,2026-03-23 17:00:00,2026-03-25 16:00:00,CAL,TR-04,Entregado
ORD-10622,2026-04-15 08:00:00,2026-04-16 19:00:00,2026-04-18 15:00:00,MED,TR-04,Entregado
ORD-10623,2026-05-28 13:00:00,2026-05-29 20:00:00,2026-05-31 01:00:00,BOG,TR-03,Entregado
ORD-10624,2026-03-27 19:00:00,2026-03-31 23:00:00,2026-04-02 20:00:00,BOG,TR-04,Entregado
ORD-10625,2026-03-04 15:00:00,2026-03-05 17:00:00,2026-03-12 14:00:00,BGA,TR-04,Entregado
ORD-10626,2026-02-18 14:00:00,2026-02-19 19:00:00,2026-02-20 15:00:00,BOG,TR-02,Entregado
ORD-10627,2026-01-01 14:00:00,2026-01-03 01:00:00,2026-01-05 04:00:00,MED,TR-02,Entregado
ORD-10628,2026-06-28 18:00:00,2026-06-30 01:00:00,2026-07-02 00:00:00,BAQ,TR-03,Entregado
ORD-10629,2026-03-03 08:00:00,2026-03-04 12:00:00,2026-03-06 14:00:00,MED,TR-03,Entregado
ORD-10630,2026-06-22 15:00:00,2026-06-24 00:00:00,2026-06-25 23:00:00,BGA,TR-01,Entregado
ORD-10631,2026-01-19 09:00:00,2026-01-20 18:00:00,2026-01-21 23:00:00,BOG,TR-04,Entregado
ORD-10632,2026-01-01 10:00:00,2026-01-02 16:00:00,2026-01-04 12:00:00,MED,TR-02,Entregado
ORD-10633,2026-06-24 09:00:00,2026-06-25 20:00:00,2026-06-26 18:00:00,BOG,TR-03,Entregado
ORD-10634,2026-04-23 09:00:00,2026-04-24 18:00:00,2026-04-26 23:00:00,CAL,TR-01,Entregado
ORD-10635,2026-06-15 10:00:00,2026-06-16 12:00:00,2026-06-17 09:00:00,BOG,TR-04,Entregado
ORD-10636,2026-03-04 11:00:00,2026-03-05 22:00:00,2026-03-08 02:00:00,MED,TR-01,Entregado
ORD-10637,2026-05-09 15:00:00,2026-05-13 02:00:00,2026-05-15 23:00:00,BGA,TR-02,Entregado
ORD-10638,2026-06-06 14:00:00,2026-06-10 20:00:00,2026-06-13 00:00:00,MED,TR-02,Entregado
ORD-10639,2026-04-13 10:00:00,2026-04-14 16:00:00,2026-04-15 18:00:00,MED,TR-02,Entregado
ORD-10640,2026-02-01 17:00:00,2026-02-02 19:00:00,2026-02-03 19:00:00,BOG,TR-02,Entregado
ORD-10641,2026-04-20 09:00:00,2026-04-21 18:00:00,2026-04-23 18:00:00,BOG,TR-03,Entregado
ORD-10642,2026-05-04 08:00:00,2026-05-05 17:00:00,2026-05-07 15:00:00,BAQ,TR-04,Entregado
ORD-10643,2026-03-28 14:00:00,2026-04-01 19:00:00,2026-04-04 00:00:00,MED,TR-04,Entregado
ORD-10644,2026-02-01 09:00:00,2026-02-02 11:00:00,2026-02-03 12:00:00,BOG,TR-03,Entregado
ORD-10645,2026-05-15 15:00:00,2026-05-18 19:00:00,2026-05-20 16:00:00,MED,TR-03,Entregado
ORD-10646,2026-03-06 16:00:00,2026-03-10 03:00:00,2026-03-13 05:00:00,BGA,TR-02,Entregado
ORD-10647,2026-03-08 15:00:00,2026-03-09 18:00:00,2026-03-13 14:00:00,BAQ,TR-01,Entregado
ORD-10648,2026-03-13 13:00:00,2026-03-16 17:00:00,2026-03-18 13:00:00,BGA,TR-02,Entregado
ORD-10649,2026-03-08 10:00:00,2026-03-09 12:00:00,2026-03-10 13:00:00,BOG,TR-02,Entregado
ORD-10650,2026-04-07 19:00:00,2026-04-09 01:00:00,2026-04-11 05:00:00,MED,TR-03,Entregado
ORD-10651,2026-01-08 09:00:00,2026-01-09 17:00:00,2026-01-10 17:00:00,CAL,TR-03,Entregado
ORD-10652,2026-02-04 15:00:00,2026-02-06 02:00:00,2026-02-08 06:00:00,BOG,TR-03,Entregado
ORD-10653,2026-03-19 15:00:00,2026-03-20 18:00:00,2026-03-21 14:00:00,CAL,TR-03,Entregado
ORD-10654,2026-02-15 18:00:00,2026-02-17 01:00:00,2026-02-18 04:00:00,BGA,TR-01,Entregado
ORD-10655,2026-05-24 11:00:00,2026-05-25 19:00:00,2026-05-27 22:00:00,MED,TR-03,Entregado
ORD-10656,2026-06-14 13:00:00,2026-06-15 16:00:00,2026-06-19 15:00:00,BAQ,TR-04,Entregado
ORD-10657,2026-05-22 14:00:00,2026-05-25 21:00:00,2026-05-26 20:00:00,BOG,TR-04,Entregado
ORD-10658,2026-06-25 09:00:00,2026-06-26 20:00:00,2026-06-28 23:00:00,MED,TR-04,Entregado
ORD-10659,2026-01-07 17:00:00,2026-01-08 20:00:00,2026-01-14 19:00:00,BAQ,TR-02,Entregado
ORD-10660,2026-01-07 08:00:00,2026-01-08 19:00:00,2026-01-11 16:00:00,MED,TR-03,Entregado
ORD-10661,2026-05-31 12:00:00,2026-06-01 17:00:00,2026-06-03 17:00:00,BOG,TR-01,Entregado
ORD-10662,2026-05-27 10:00:00,2026-05-28 16:00:00,2026-05-31 20:00:00,BGA,TR-01,Entregado
ORD-10663,2026-02-05 19:00:00,2026-02-07 04:00:00,2026-02-09 02:00:00,CAL,TR-01,Entregado
ORD-10664,2026-03-23 09:00:00,2026-03-24 17:00:00,2026-03-26 13:00:00,MED,TR-02,Entregado
ORD-10665,2026-05-09 12:00:00,2026-05-12 23:00:00,2026-05-14 21:00:00,MED,TR-04,Entregado
ORD-10666,2026-05-28 18:00:00,2026-05-29 22:00:00,2026-06-02 00:00:00,CAL,TR-03,Entregado
ORD-10667,2026-05-10 10:00:00,2026-05-11 18:00:00,2026-05-13 21:00:00,MED,TR-01,Entregado
ORD-10668,2026-04-29 19:00:00,2026-05-01 06:00:00,2026-05-02 09:00:00,BOG,TR-03,Entregado
ORD-10669,2026-01-20 12:00:00,2026-01-21 17:00:00,2026-01-22 21:00:00,BOG,TR-01,Entregado
ORD-10670,2026-02-06 13:00:00,2026-02-10 21:00:00,2026-02-11 19:00:00,MED,TR-02,Entregado
ORD-10671,2026-05-17 09:00:00,2026-05-18 18:00:00,2026-05-19 14:00:00,BOG,TR-02,Entregado
ORD-10672,2026-02-22 19:00:00,2026-02-24 06:00:00,2026-02-25 03:00:00,BOG,TR-04,Entregado
ORD-10673,2026-04-09 11:00:00,2026-04-10 18:00:00,2026-04-12 14:00:00,BAQ,TR-04,Entregado
ORD-10674,2026-03-27 19:00:00,2026-03-31 21:00:00,2026-04-01 22:00:00,CAL,TR-02,Entregado
ORD-10675,2026-01-24 08:00:00,2026-01-28 16:00:00,2026-01-30 13:00:00,BOG,TR-04,Entregado
ORD-10676,2026-06-07 15:00:00,2026-06-08 17:00:00,2026-06-10 13:00:00,MED,TR-03,Entregado
ORD-10677,2026-02-28 14:00:00,2026-03-04 23:00:00,2026-03-07 02:00:00,CAL,TR-01,Entregado
ORD-10678,2026-05-08 08:00:00,2026-05-12 14:00:00,2026-05-14 19:00:00,MED,TR-02,Entregado
ORD-10679,2026-04-24 10:00:00,2026-04-27 17:00:00,2026-04-28 21:00:00,BOG,TR-04,Entregado
ORD-10680,2026-01-14 16:00:00,2026-01-15 20:00:00,2026-01-17 17:00:00,MED,TR-02,Entregado
ORD-10681,2026-02-09 09:00:00,2026-02-10 14:00:00,2026-02-13 16:00:00,BGA,TR-03,Entregado
ORD-10682,2026-01-25 14:00:00,2026-01-26 21:00:00,2026-01-27 17:00:00,BOG,TR-03,Entregado
ORD-10683,2026-01-22 18:00:00,2026-01-24 02:00:00,2026-01-26 01:00:00,MED,TR-02,Entregado
ORD-10684,2026-01-04 17:00:00,2026-01-05 23:00:00,2026-01-08 02:00:00,MED,TR-01,Entregado
ORD-10685,2026-01-29 09:00:00,2026-01-30 12:00:00,2026-01-31 15:00:00,BOG,TR-02,Entregado
ORD-10686,2026-02-06 18:00:00,2026-02-10 00:00:00,2026-02-13 01:00:00,BAQ,TR-04,Entregado
ORD-10687,2026-03-11 09:00:00,2026-03-12 20:00:00,2026-03-13 19:00:00,BOG,TR-03,Entregado
ORD-10688,2026-05-08 12:00:00,2026-05-12 23:00:00,2026-05-13 20:00:00,MED,TR-01,Entregado
ORD-10689,2026-02-11 11:00:00,2026-02-12 18:00:00,2026-02-14 20:00:00,BGA,TR-01,Entregado
ORD-10690,2026-02-10 13:00:00,2026-02-11 18:00:00,2026-02-13 22:00:00,MED,TR-02,Entregado
ORD-10691,2026-02-03 08:00:00,2026-02-04 17:00:00,2026-02-06 21:00:00,BGA,TR-03,Entregado
ORD-10692,2026-06-14 16:00:00,2026-06-15 18:00:00,2026-06-17 14:00:00,MED,TR-03,Entregado
ORD-10693,2026-05-02 19:00:00,2026-05-07 06:00:00,2026-05-09 03:00:00,CAL,TR-03,Entregado
ORD-10694,2026-03-28 12:00:00,2026-04-01 17:00:00,2026-04-02 19:00:00,MED,TR-01,Entregado
ORD-10695,2026-04-16 13:00:00,2026-04-17 20:00:00,2026-04-18 16:00:00,BOG,TR-03,Entregado
ORD-10696,2026-01-27 16:00:00,2026-01-28 21:00:00,2026-01-30 22:00:00,BOG,TR-03,Entregado
ORD-10697,2026-01-31 13:00:00,2026-02-04 15:00:00,2026-02-07 11:00:00,BGA,TR-01,Entregado
ORD-10698,2026-06-17 09:00:00,2026-06-18 18:00:00,2026-06-20 14:00:00,CAL,TR-03,Entregado
ORD-10699,2026-01-12 16:00:00,2026-01-14 01:00:00,2026-01-15 06:00:00,BOG,TR-04,Entregado
ORD-10700,2026-02-22 14:00:00,2026-02-23 20:00:00,2026-02-25 20:00:00,MED,TR-03,Entregado
ORD-10701,2026-05-18 08:00:00,2026-05-19 19:00:00,2026-05-21 15:00:00,BOG,TR-04,Entregado
ORD-10702,2026-06-03 12:00:00,2026-06-04 20:00:00,2026-06-07 00:00:00,MED,TR-04,Entregado
ORD-10703,2026-05-02 09:00:00,2026-05-05 11:00:00,2026-05-07 09:00:00,MED,TR-03,Entregado
ORD-10704,2026-02-23 18:00:00,2026-02-24 21:00:00,2026-02-26 23:00:00,MED,TR-03,Entregado
ORD-10705,2026-02-20 12:00:00,2026-02-24 16:00:00,2026-02-25 16:00:00,MED,TR-03,Entregado
ORD-10706,2026-02-05 10:00:00,2026-02-06 13:00:00,2026-02-07 11:00:00,CAL,TR-04,Entregado
ORD-10707,2026-01-26 12:00:00,2026-01-27 14:00:00,2026-01-28 12:00:00,BOG,TR-02,Entregado
ORD-10708,2026-01-11 15:00:00,2026-01-12 18:00:00,2026-01-13 23:00:00,MED,TR-04,Entregado
ORD-10709,2026-01-11 11:00:00,2026-01-12 13:00:00,2026-01-14 09:00:00,CAL,TR-01,Entregado
ORD-10710,2026-04-23 18:00:00,2026-04-25 02:00:00,2026-04-27 04:00:00,MED,TR-01,Entregado
ORD-10711,2026-02-08 15:00:00,2026-02-10 01:00:00,2026-02-11 05:00:00,BOG,TR-04,Entregado
ORD-10712,2026-02-23 09:00:00,2026-02-24 14:00:00,2026-02-25 13:00:00,MED,TR-04,Entregado
ORD-10713,2026-02-24 15:00:00,2026-02-25 22:00:00,2026-02-28 19:00:00,MED,TR-04,Entregado
ORD-10714,2026-05-30 12:00:00,2026-06-02 19:00:00,2026-06-05 00:00:00,CAL,TR-03,Entregado
ORD-10715,2026-02-25 08:00:00,2026-02-26 14:00:00,2026-02-27 16:00:00,MED,TR-03,Entregado
ORD-10716,2026-02-05 11:00:00,2026-02-06 21:00:00,2026-02-10 02:00:00,MED,TR-03,Entregado
ORD-10717,2026-03-22 18:00:00,2026-03-23 21:00:00,2026-03-24 23:00:00,BOG,TR-01,Entregado
ORD-10718,2026-04-19 18:00:00,2026-04-21 01:00:00,2026-04-21 21:00:00,BOG,TR-02,Entregado
ORD-10719,2026-06-03 09:00:00,2026-06-04 16:00:00,2026-06-05 16:00:00,BOG,TR-02,Entregado
ORD-10720,2026-03-14 16:00:00,2026-03-18 03:00:00,2026-03-19 02:00:00,BOG,TR-02,Entregado
ORD-10721,2026-02-09 08:00:00,2026-02-10 10:00:00,2026-02-11 07:00:00,MED,TR-03,Entregado
ORD-10722,2026-05-09 16:00:00,2026-05-14 00:00:00,2026-05-15 03:00:00,BOG,TR-01,Entregado
ORD-10723,2026-03-02 18:00:00,2026-03-04 05:00:00,2026-03-08 06:00:00,BAQ,TR-03,Entregado
ORD-10724,2026-04-14 17:00:00,2026-04-15 20:00:00,2026-04-16 16:00:00,BOG,TR-02,Entregado
ORD-10725,2026-01-25 14:00:00,2026-01-26 23:00:00,2026-01-27 23:00:00,BOG,TR-04,Entregado
ORD-10726,2026-02-04 10:00:00,2026-02-05 16:00:00,2026-02-06 20:00:00,BOG,TR-02,Entregado
ORD-10727,2026-04-18 19:00:00,2026-04-22 05:00:00,2026-04-27 01:00:00,BAQ,TR-02,Entregado
ORD-10728,2026-06-28 13:00:00,2026-06-29 22:00:00,2026-07-02 19:00:00,BAQ,TR-01,Entregado
ORD-10729,2026-04-08 19:00:00,2026-04-09 23:00:00,2026-04-10 21:00:00,MED,TR-03,Entregado
ORD-10730,2026-01-19 12:00:00,2026-01-20 17:00:00,2026-01-21 20:00:00,BGA,TR-01,Entregado
ORD-10731,2026-02-13 18:00:00,2026-02-17 05:00:00,2026-02-18 05:00:00,BGA,TR-02,Entregado
ORD-10732,2026-02-18 08:00:00,2026-02-19 18:00:00,2026-02-20 16:00:00,BOG,TR-04,Entregado
ORD-10733,2026-03-15 16:00:00,2026-03-16 19:00:00,2026-03-17 21:00:00,BOG,TR-01,Entregado
ORD-10734,2026-02-24 08:00:00,2026-02-25 12:00:00,2026-02-28 12:00:00,BGA,TR-01,Entregado
ORD-10735,2026-02-16 19:00:00,2026-02-18 05:00:00,2026-02-19 03:00:00,BOG,TR-02,Entregado
ORD-10736,2026-03-03 15:00:00,2026-03-04 23:00:00,2026-03-08 02:00:00,BAQ,TR-04,Entregado
ORD-10737,2026-03-24 15:00:00,2026-03-25 20:00:00,2026-03-28 00:00:00,MED,TR-03,Entregado
ORD-10738,2026-05-29 08:00:00,2026-06-01 18:00:00,2026-06-02 17:00:00,BGA,TR-03,Entregado
ORD-10739,2026-04-28 13:00:00,2026-04-29 22:00:00,2026-04-30 21:00:00,BOG,TR-01,Entregado
ORD-10740,2026-01-25 09:00:00,2026-01-26 19:00:00,2026-02-02 21:00:00,BGA,TR-04,Entregado
ORD-10741,2026-03-30 19:00:00,2026-04-01 04:00:00,,BAQ,TR-04,Perdido
ORD-10742,2026-05-23 18:00:00,2026-05-27 02:00:00,2026-05-29 01:00:00,BGA,TR-03,Entregado
ORD-10743,2026-06-03 16:00:00,2026-06-04 20:00:00,2026-06-06 00:00:00,BOG,TR-02,Entregado
ORD-10744,2026-04-19 17:00:00,2026-04-20 21:00:00,2026-04-23 22:00:00,BAQ,TR-01,Entregado
ORD-10745,2026-02-16 17:00:00,2026-02-18 01:00:00,2026-02-20 05:00:00,BAQ,TR-02,Entregado
ORD-10746,2026-01-16 14:00:00,2026-01-20 18:00:00,2026-01-22 18:00:00,BGA,TR-03,Entregado
ORD-10747,2026-05-25 14:00:00,2026-05-26 17:00:00,2026-05-28 14:00:00,BGA,TR-01,Entregado
ORD-10748,2026-01-26 12:00:00,2026-01-27 18:00:00,2026-01-29 17:00:00,CAL,TR-03,Entregado
ORD-10749,2026-03-27 17:00:00,2026-03-31 03:00:00,2026-04-02 04:00:00,MED,TR-03,Entregado
ORD-10750,2026-05-15 12:00:00,2026-05-19 17:00:00,2026-05-22 18:00:00,BGA,TR-02,Entregado
ORD-10751,2026-01-07 16:00:00,2026-01-09 01:00:00,2026-01-10 21:00:00,BGA,TR-01,Entregado
ORD-10752,2026-04-25 15:00:00,2026-04-29 02:00:00,2026-05-01 07:00:00,CAL,TR-03,Entregado
ORD-10753,2026-02-28 14:00:00,2026-03-03 16:00:00,2026-03-05 12:00:00,MED,TR-03,Entregado
ORD-10754,2026-03-23 11:00:00,2026-03-24 21:00:00,2026-03-25 17:00:00,MED,TR-01,Entregado
ORD-10755,2026-06-16 10:00:00,2026-06-17 14:00:00,2026-06-19 13:00:00,MED,TR-01,Entregado
ORD-10756,2026-05-26 18:00:00,2026-05-28 04:00:00,2026-05-29 03:00:00,BOG,TR-01,Entregado
ORD-10757,2026-04-13 08:00:00,2026-04-14 13:00:00,2026-04-16 12:00:00,MED,TR-01,Entregado
ORD-10758,2026-01-14 15:00:00,2026-01-15 18:00:00,2026-01-18 14:00:00,BAQ,TR-04,Entregado
ORD-10759,2026-04-18 19:00:00,2026-04-22 21:00:00,2026-04-23 17:00:00,BOG,TR-03,Entregado
ORD-10760,2026-02-14 09:00:00,2026-02-18 19:00:00,2026-02-19 21:00:00,BOG,TR-02,Entregado
ORD-10761,2026-05-11 12:00:00,2026-05-12 16:00:00,2026-05-14 12:00:00,MED,TR-04,Entregado
ORD-10762,2026-06-20 15:00:00,2026-06-25 01:00:00,2026-06-26 22:00:00,CAL,TR-01,Entregado
ORD-10763,2026-04-18 14:00:00,2026-04-21 21:00:00,2026-04-22 18:00:00,BOG,TR-03,Entregado
ORD-10764,2026-01-15 15:00:00,2026-01-17 00:00:00,2026-01-19 02:00:00,BOG,TR-01,Entregado
ORD-10765,2026-01-04 13:00:00,2026-01-05 18:00:00,2026-01-08 23:00:00,MED,TR-03,Entregado
ORD-10766,2026-06-02 09:00:00,2026-06-03 17:00:00,2026-06-04 22:00:00,BGA,TR-03,Entregado
ORD-10767,2026-06-10 17:00:00,2026-06-12 04:00:00,2026-06-14 05:00:00,CAL,TR-01,Entregado
ORD-10768,2026-04-18 09:00:00,2026-04-22 16:00:00,2026-04-25 12:00:00,BAQ,TR-04,Entregado
ORD-10769,2026-02-24 10:00:00,2026-02-25 18:00:00,2026-02-26 17:00:00,CAL,TR-01,Entregado
ORD-10770,2026-06-19 09:00:00,2026-06-22 11:00:00,2026-06-23 12:00:00,BOG,TR-04,Entregado
ORD-10771,2026-06-07 18:00:00,2026-06-08 22:00:00,2026-06-13 22:00:00,BGA,TR-04,Entregado
ORD-10772,2026-01-13 09:00:00,2026-01-14 13:00:00,2026-01-16 10:00:00,CAL,TR-02,Entregado
ORD-10773,2026-06-09 10:00:00,2026-06-10 12:00:00,2026-06-11 16:00:00,BOG,TR-01,Entregado
ORD-10774,2026-05-03 14:00:00,2026-05-04 16:00:00,2026-05-07 17:00:00,MED,TR-02,Entregado
ORD-10775,2026-02-15 11:00:00,2026-02-16 13:00:00,2026-02-17 13:00:00,BGA,TR-01,Entregado
ORD-10776,2026-01-29 08:00:00,2026-01-30 19:00:00,2026-01-31 23:00:00,MED,TR-04,Entregado
ORD-10777,2026-03-03 12:00:00,2026-03-04 16:00:00,2026-03-06 13:00:00,CAL,TR-03,Entregado
ORD-10778,2026-01-16 15:00:00,2026-01-20 17:00:00,2026-01-21 19:00:00,BOG,TR-03,Entregado
ORD-10779,2026-05-01 17:00:00,2026-05-05 00:00:00,2026-05-07 02:00:00,BOG,TR-02,Entregado
ORD-10780,2026-06-07 16:00:00,2026-06-09 01:00:00,2026-06-09 23:00:00,BGA,TR-02,Entregado
ORD-10781,2026-04-13 11:00:00,2026-04-14 21:00:00,2026-04-15 18:00:00,BOG,TR-02,Entregado
ORD-10782,2026-05-13 08:00:00,2026-05-14 11:00:00,2026-05-16 13:00:00,BGA,TR-01,Entregado
ORD-10783,2026-06-26 10:00:00,2026-06-30 19:00:00,2026-07-01 18:00:00,MED,TR-04,Entregado
ORD-10784,2026-06-22 15:00:00,2026-06-23 19:00:00,2026-06-25 21:00:00,MED,TR-01,Entregado
ORD-10785,2026-06-07 09:00:00,2026-06-08 11:00:00,2026-06-14 09:00:00,BGA,TR-04,Entregado
ORD-10786,2026-03-09 09:00:00,2026-03-10 16:00:00,2026-03-11 20:00:00,BOG,TR-04,Entregado
ORD-10787,2026-02-06 16:00:00,2026-02-10 21:00:00,2026-02-14 00:00:00,BAQ,TR-03,Entregado
ORD-10788,2026-06-25 08:00:00,2026-06-26 10:00:00,2026-06-30 07:00:00,BAQ,TR-02,Entregado
ORD-10789,2026-03-14 08:00:00,2026-03-17 13:00:00,2026-03-18 16:00:00,BOG,TR-02,Entregado
ORD-10790,2026-05-01 15:00:00,2026-05-05 02:00:00,2026-05-07 23:00:00,MED,TR-03,Entregado
ORD-10791,2026-05-20 18:00:00,2026-05-21 23:00:00,2026-05-25 04:00:00,BAQ,TR-01,Entregado
ORD-10792,2026-02-06 12:00:00,2026-02-10 14:00:00,2026-02-12 12:00:00,CAL,TR-02,Entregado
ORD-10793,2026-06-20 19:00:00,2026-06-24 05:00:00,2026-06-25 02:00:00,MED,TR-03,Entregado
ORD-10794,2026-02-08 15:00:00,2026-02-10 01:00:00,,MED,TR-03,Devuelto
ORD-10795,2026-03-04 15:00:00,2026-03-05 18:00:00,2026-03-11 16:00:00,BGA,TR-04,Entregado
ORD-10796,2026-01-11 09:00:00,2026-01-12 19:00:00,2026-01-13 21:00:00,CAL,TR-03,Entregado
ORD-10797,2026-06-02 14:00:00,2026-06-03 20:00:00,2026-06-04 16:00:00,BOG,TR-01,Entregado
ORD-10798,2026-02-21 11:00:00,2026-02-25 22:00:00,2026-02-27 01:00:00,BOG,TR-03,Entregado
ORD-10799,2026-02-28 15:00:00,2026-03-04 01:00:00,2026-03-06 04:00:00,MED,TR-02,Entregado
ORD-10800,2026-05-28 13:00:00,2026-05-29 23:00:00,2026-05-30 19:00:00,MED,TR-03,Entregado
ORD-10801,2026-04-27 10:00:00,2026-04-28 15:00:00,2026-04-29 12:00:00,BOG,TR-01,Entregado
ORD-10802,2026-04-20 17:00:00,2026-04-21 21:00:00,2026-04-26 19:00:00,BGA,TR-04,Entregado
ORD-10803,2026-04-17 09:00:00,2026-04-20 13:00:00,2026-04-21 14:00:00,BOG,TR-02,Entregado
ORD-10804,2026-02-26 17:00:00,2026-02-28 03:00:00,2026-03-02 03:00:00,BAQ,TR-04,Entregado
ORD-10805,2026-06-18 08:00:00,2026-06-19 13:00:00,2026-06-20 15:00:00,BOG,TR-04,Entregado
ORD-10806,2026-01-03 15:00:00,2026-01-07 20:00:00,2026-01-08 22:00:00,MED,TR-02,Entregado
ORD-10807,2026-01-06 12:00:00,2026-01-07 19:00:00,2026-01-08 16:00:00,CAL,TR-01,Entregado
ORD-10808,2026-01-05 13:00:00,2026-01-06 15:00:00,2026-01-08 11:00:00,BOG,TR-03,Entregado
ORD-10809,2026-02-16 14:00:00,2026-02-17 16:00:00,2026-02-18 18:00:00,BGA,TR-03,Entregado
ORD-10810,2026-06-26 16:00:00,2026-06-30 19:00:00,2026-07-01 21:00:00,BOG,TR-04,Entregado
ORD-10811,2026-04-09 11:00:00,2026-04-10 22:00:00,2026-04-11 20:00:00,BOG,TR-02,Entregado
ORD-10812,2026-05-02 08:00:00,2026-05-06 16:00:00,2026-05-08 19:00:00,BOG,TR-01,Entregado
ORD-10813,2026-03-02 18:00:00,2026-03-04 03:00:00,2026-03-05 06:00:00,BOG,TR-02,Entregado
ORD-10814,2026-06-12 09:00:00,2026-06-15 12:00:00,2026-06-16 16:00:00,BOG,TR-04,Entregado
ORD-10815,2026-03-23 08:00:00,2026-03-24 15:00:00,2026-03-26 14:00:00,BOG,TR-01,Entregado
ORD-10816,2026-01-03 10:00:00,2026-01-06 21:00:00,2026-01-09 18:00:00,MED,TR-04,Entregado
ORD-10817,2026-01-13 15:00:00,2026-01-15 01:00:00,2026-01-16 23:00:00,CAL,TR-01,Entregado
ORD-10818,2026-05-05 16:00:00,2026-05-06 19:00:00,2026-05-07 16:00:00,BOG,TR-01,Entregado
ORD-10819,2026-03-14 11:00:00,2026-03-18 14:00:00,2026-03-19 17:00:00,BGA,TR-03,Entregado
ORD-10820,2026-05-22 12:00:00,2026-05-25 20:00:00,2026-05-26 20:00:00,CAL,TR-01,Entregado
ORD-10821,2026-04-08 18:00:00,2026-04-10 04:00:00,2026-04-12 05:00:00,CAL,TR-02,Entregado
ORD-10822,2026-04-15 15:00:00,2026-04-16 21:00:00,2026-04-20 02:00:00,MED,TR-03,Entregado
ORD-10823,2026-03-08 18:00:00,2026-03-09 23:00:00,2026-03-11 20:00:00,MED,TR-04,Entregado
ORD-10824,2026-01-29 16:00:00,2026-01-30 21:00:00,2026-02-06 02:00:00,BGA,TR-04,Entregado
ORD-10825,2026-06-02 09:00:00,2026-06-03 14:00:00,2026-06-08 14:00:00,BGA,TR-04,Entregado
ORD-10826,2026-03-17 17:00:00,2026-03-18 22:00:00,2026-03-19 23:00:00,BOG,TR-03,Entregado
ORD-10827,2026-01-09 15:00:00,2026-01-13 20:00:00,2026-01-15 17:00:00,MED,TR-03,Entregado
ORD-10828,2026-01-25 12:00:00,2026-01-26 20:00:00,2026-01-28 17:00:00,MED,TR-03,Entregado
ORD-10829,2026-05-19 18:00:00,2026-05-20 22:00:00,2026-05-21 22:00:00,BOG,TR-01,Entregado
ORD-10830,2026-05-04 13:00:00,2026-05-05 16:00:00,2026-05-07 20:00:00,BGA,TR-03,Entregado
ORD-10831,2026-03-13 18:00:00,2026-03-17 03:00:00,2026-03-19 23:00:00,BAQ,TR-01,Entregado
ORD-10832,2026-05-13 17:00:00,2026-05-15 03:00:00,2026-05-16 02:00:00,MED,TR-02,Entregado
ORD-10833,2026-05-26 13:00:00,2026-05-27 15:00:00,2026-05-29 17:00:00,MED,TR-02,Entregado
ORD-10834,2026-02-06 19:00:00,2026-02-10 02:00:00,2026-02-11 22:00:00,CAL,TR-03,Entregado
ORD-10835,2026-06-25 19:00:00,2026-06-27 04:00:00,2026-06-29 01:00:00,MED,TR-03,Entregado
ORD-10836,2026-03-22 09:00:00,2026-03-23 13:00:00,2026-03-25 14:00:00,BOG,TR-04,Entregado
ORD-10837,2026-02-09 10:00:00,2026-02-10 14:00:00,2026-02-11 17:00:00,MED,TR-01,Entregado
ORD-10838,2026-03-08 15:00:00,2026-03-09 17:00:00,2026-03-13 14:00:00,BAQ,TR-01,Entregado
ORD-10839,2026-02-09 09:00:00,2026-02-10 18:00:00,2026-02-11 19:00:00,BOG,TR-03,Entregado
ORD-10840,2026-02-09 18:00:00,2026-02-10 22:00:00,2026-02-13 01:00:00,MED,TR-03,Entregado
ORD-10841,2026-02-02 13:00:00,2026-02-03 16:00:00,2026-02-05 19:00:00,BOG,TR-02,Entregado
ORD-10842,2026-05-27 15:00:00,2026-05-29 00:00:00,2026-05-29 23:00:00,BOG,TR-03,Entregado
ORD-10843,2026-04-02 08:00:00,2026-04-03 13:00:00,2026-04-04 16:00:00,BOG,TR-02,Entregado
ORD-10844,2026-02-28 18:00:00,2026-03-05 05:00:00,2026-03-06 10:00:00,BOG,TR-02,Entregado
ORD-10845,2026-02-17 16:00:00,2026-02-19 02:00:00,2026-02-20 06:00:00,BOG,TR-03,Entregado
ORD-10846,2026-01-13 18:00:00,2026-01-15 03:00:00,2026-01-16 08:00:00,BGA,TR-03,Entregado
ORD-10847,2026-02-14 16:00:00,2026-02-18 03:00:00,2026-02-20 00:00:00,MED,TR-03,Entregado
ORD-10848,2026-06-19 11:00:00,2026-06-23 14:00:00,2026-06-24 19:00:00,BOG,TR-02,Entregado
ORD-10849,2026-06-04 13:00:00,2026-06-05 19:00:00,2026-06-07 18:00:00,CAL,TR-03,Entregado
ORD-10850,2026-01-07 12:00:00,2026-01-08 22:00:00,2026-01-09 21:00:00,BOG,TR-01,Entregado
ORD-10851,2026-02-14 17:00:00,2026-02-19 03:00:00,2026-02-22 02:00:00,CAL,TR-03,Entregado
ORD-10852,2026-01-31 14:00:00,2026-02-04 22:00:00,2026-02-05 18:00:00,BOG,TR-03,Entregado
ORD-10853,2026-06-19 17:00:00,2026-06-24 00:00:00,2026-06-26 02:00:00,MED,TR-04,Entregado
ORD-10854,2026-06-09 18:00:00,2026-06-11 00:00:00,2026-06-11 23:00:00,CAL,TR-01,Entregado
ORD-10855,2026-06-07 14:00:00,2026-06-08 16:00:00,2026-06-10 19:00:00,BGA,TR-02,Entregado
ORD-10856,2026-06-08 09:00:00,2026-06-09 17:00:00,2026-06-10 14:00:00,BOG,TR-04,Entregado
ORD-10857,2026-04-10 09:00:00,2026-04-13 19:00:00,2026-04-16 22:00:00,CAL,TR-03,Entregado
ORD-10858,2026-03-18 19:00:00,2026-03-20 04:00:00,2026-03-21 08:00:00,BOG,TR-03,Entregado
ORD-10859,2026-02-08 09:00:00,2026-02-09 13:00:00,2026-02-16 11:00:00,BGA,TR-04,Entregado
ORD-10860,2026-01-13 18:00:00,2026-01-15 05:00:00,2026-01-17 06:00:00,CAL,TR-01,Entregado
ORD-10861,2026-04-23 16:00:00,2026-04-25 00:00:00,2026-04-26 04:00:00,CAL,TR-03,Entregado
ORD-10862,2026-01-17 15:00:00,2026-01-21 20:00:00,2026-01-22 16:00:00,MED,TR-01,Entregado
ORD-10863,2026-04-08 19:00:00,2026-04-09 21:00:00,2026-04-13 02:00:00,CAL,TR-02,Entregado
ORD-10864,2026-03-29 10:00:00,2026-03-30 19:00:00,2026-03-31 20:00:00,BOG,TR-02,Entregado
ORD-10865,2026-03-11 10:00:00,2026-03-12 17:00:00,2026-03-18 18:00:00,BGA,TR-04,Entregado
ORD-10866,2026-06-07 14:00:00,2026-06-08 19:00:00,2026-06-10 19:00:00,CAL,TR-02,Entregado
ORD-10867,2026-03-15 16:00:00,2026-03-16 18:00:00,2026-03-18 20:00:00,BGA,TR-03,Entregado
ORD-10868,2026-03-04 19:00:00,2026-03-06 01:00:00,2026-03-12 04:00:00,BGA,TR-04,Entregado
ORD-10869,2026-03-01 12:00:00,2026-03-02 23:00:00,2026-03-03 19:00:00,BOG,TR-03,Entregado
ORD-10870,2026-01-22 11:00:00,2026-01-23 14:00:00,2026-01-25 16:00:00,MED,TR-01,Entregado
ORD-10871,2026-05-28 11:00:00,2026-05-29 15:00:00,2026-05-31 15:00:00,MED,TR-02,Entregado
ORD-10872,2026-03-09 18:00:00,2026-03-10 22:00:00,2026-03-16 01:00:00,BAQ,TR-02,Entregado
ORD-10873,2026-01-17 19:00:00,2026-01-21 22:00:00,2026-01-24 22:00:00,MED,TR-02,Entregado
ORD-10874,2026-05-30 08:00:00,2026-06-03 15:00:00,2026-06-04 18:00:00,BOG,TR-02,Entregado
ORD-10875,2026-05-18 13:00:00,2026-05-19 23:00:00,2026-05-21 22:00:00,CAL,TR-04,Entregado
ORD-10876,2026-01-22 17:00:00,2026-01-23 19:00:00,2026-01-26 18:00:00,MED,TR-04,Entregado
ORD-10877,2026-04-30 18:00:00,2026-05-01 21:00:00,2026-05-03 17:00:00,BOG,TR-01,Entregado
ORD-10878,2026-02-19 19:00:00,2026-02-21 04:00:00,2026-02-22 04:00:00,BOG,TR-02,Entregado
ORD-10879,2026-06-13 18:00:00,2026-06-18 03:00:00,2026-06-19 07:00:00,CAL,TR-02,Entregado
ORD-10880,2026-06-29 19:00:00,2026-07-01 00:00:00,2026-07-06 20:00:00,BAQ,TR-02,Entregado
ORD-10881,2026-01-07 18:00:00,2026-01-08 20:00:00,2026-01-09 19:00:00,BOG,TR-04,Entregado
ORD-10882,2026-02-02 13:00:00,2026-02-03 23:00:00,2026-02-06 00:00:00,BOG,TR-04,Entregado
ORD-10883,2026-04-21 10:00:00,2026-04-22 18:00:00,2026-04-23 17:00:00,BOG,TR-03,Entregado
ORD-10884,2026-02-27 14:00:00,2026-03-02 19:00:00,2026-03-03 20:00:00,BGA,TR-01,Entregado
ORD-10885,2026-01-26 09:00:00,2026-01-27 19:00:00,2026-01-28 17:00:00,BOG,TR-01,Entregado
ORD-10886,2026-06-23 09:00:00,2026-06-24 14:00:00,2026-06-26 19:00:00,MED,TR-04,Entregado
ORD-10887,2026-01-29 11:00:00,2026-01-30 14:00:00,2026-02-01 14:00:00,MED,TR-01,Entregado
ORD-10888,2026-04-09 16:00:00,2026-04-10 20:00:00,2026-04-11 20:00:00,BOG,TR-03,Entregado
ORD-10889,2026-02-08 14:00:00,2026-02-09 17:00:00,2026-02-10 18:00:00,BOG,TR-04,Entregado
ORD-10890,2026-01-29 18:00:00,2026-01-31 00:00:00,2026-02-03 00:00:00,CAL,TR-04,Entregado
ORD-10891,2026-04-26 09:00:00,2026-04-27 12:00:00,2026-04-28 13:00:00,BOG,TR-03,Entregado
ORD-10892,2026-06-24 11:00:00,2026-06-25 21:00:00,2026-06-26 18:00:00,BOG,TR-04,Entregado
ORD-10893,2026-01-22 18:00:00,2026-01-24 00:00:00,2026-01-25 02:00:00,BOG,TR-01,Entregado
ORD-10894,2026-01-27 10:00:00,2026-01-28 17:00:00,2026-01-29 16:00:00,BOG,TR-04,Entregado
ORD-10895,2026-03-22 19:00:00,2026-03-24 03:00:00,2026-03-25 03:00:00,BOG,TR-04,Entregado
ORD-10896,2026-04-02 12:00:00,2026-04-03 19:00:00,2026-04-04 15:00:00,BOG,TR-02,Entregado
ORD-10897,2026-02-16 12:00:00,2026-02-17 14:00:00,2026-02-19 15:00:00,BGA,TR-01,Entregado
ORD-10898,2026-03-25 13:00:00,2026-03-26 17:00:00,2026-03-27 17:00:00,BOG,TR-02,Entregado
ORD-10899,2026-05-27 16:00:00,2026-05-29 03:00:00,2026-05-30 05:00:00,MED,TR-02,Entregado
ORD-10900,2026-05-11 18:00:00,2026-05-13 02:00:00,,CAL,TR-01,Devuelto
ORD-10901,2026-01-01 17:00:00,2026-01-02 23:00:00,2026-01-03 23:00:00,BOG,TR-02,Entregado
ORD-10902,2026-05-04 13:00:00,2026-05-05 20:00:00,2026-05-06 19:00:00,BOG,TR-03,Entregado
ORD-10903,2026-01-15 09:00:00,2026-01-16 20:00:00,2026-01-19 21:00:00,CAL,TR-01,Entregado
ORD-10904,2026-06-12 08:00:00,2026-06-15 10:00:00,2026-06-17 11:00:00,MED,TR-01,Entregado
ORD-10905,2026-01-25 15:00:00,2026-01-27 00:00:00,2026-01-28 01:00:00,CAL,TR-02,Entregado
ORD-10906,2026-01-12 09:00:00,2026-01-13 17:00:00,2026-01-15 15:00:00,MED,TR-02,Entregado
ORD-10907,2026-01-15 19:00:00,2026-01-17 03:00:00,2026-01-18 06:00:00,BOG,TR-02,Entregado
ORD-10908,2026-01-27 15:00:00,2026-01-28 20:00:00,2026-01-31 17:00:00,BGA,TR-02,Entregado
ORD-10909,2026-03-01 16:00:00,2026-03-02 20:00:00,2026-03-04 19:00:00,MED,TR-02,Entregado
ORD-10910,2026-05-25 12:00:00,2026-05-26 16:00:00,2026-05-29 15:00:00,MED,TR-04,Entregado
ORD-10911,2026-01-08 18:00:00,2026-01-10 01:00:00,2026-01-12 21:00:00,BAQ,TR-02,Entregado
ORD-10912,2026-06-23 09:00:00,2026-06-24 19:00:00,2026-06-28 00:00:00,CAL,TR-01,Entregado
ORD-10913,2026-05-11 19:00:00,2026-05-12 21:00:00,2026-05-19 02:00:00,BGA,TR-04,Entregado
ORD-10914,2026-01-24 19:00:00,2026-01-27 22:00:00,2026-01-30 00:00:00,MED,TR-02,Entregado
ORD-10915,2026-05-02 10:00:00,2026-05-05 13:00:00,2026-05-06 10:00:00,BOG,TR-03,Entregado
ORD-10916,2026-05-28 16:00:00,2026-05-30 01:00:00,2026-06-01 05:00:00,MED,TR-04,Entregado
ORD-10917,2026-01-17 19:00:00,2026-01-22 06:00:00,2026-01-24 06:00:00,BOG,TR-01,Entregado
ORD-10918,2026-03-25 11:00:00,2026-03-26 17:00:00,2026-03-28 14:00:00,BGA,TR-01,Entregado
ORD-10919,2026-01-09 13:00:00,2026-01-14 00:00:00,2026-01-17 03:00:00,CAL,TR-04,Entregado
ORD-10920,2026-06-25 16:00:00,2026-06-26 20:00:00,2026-06-27 19:00:00,BOG,TR-03,Entregado
ORD-10921,2026-03-04 13:00:00,2026-03-05 22:00:00,2026-03-08 18:00:00,MED,TR-01,Entregado
ORD-10922,2026-04-27 09:00:00,2026-04-28 18:00:00,2026-04-30 23:00:00,CAL,TR-02,Entregado
ORD-10923,2026-03-29 15:00:00,2026-03-31 02:00:00,2026-04-02 00:00:00,BOG,TR-04,Entregado
ORD-10924,2026-05-19 08:00:00,2026-05-20 13:00:00,2026-05-23 12:00:00,BAQ,TR-01,Entregado
ORD-10925,2026-03-13 12:00:00,2026-03-17 22:00:00,2026-03-18 23:00:00,BOG,TR-01,Entregado
ORD-10926,2026-01-18 09:00:00,2026-01-19 14:00:00,2026-01-20 13:00:00,BOG,TR-03,Entregado
ORD-10927,2026-04-20 13:00:00,2026-04-21 16:00:00,2026-04-24 21:00:00,CAL,TR-02,Entregado
ORD-10928,2026-02-01 18:00:00,2026-02-03 05:00:00,2026-02-04 10:00:00,BOG,TR-01,Entregado
ORD-10929,2026-02-14 16:00:00,2026-02-18 20:00:00,2026-02-19 17:00:00,BOG,TR-01,Entregado
ORD-10930,2026-02-02 19:00:00,2026-02-04 04:00:00,2026-02-05 05:00:00,BGA,TR-02,Entregado
ORD-10931,2026-04-12 16:00:00,2026-04-13 23:00:00,2026-04-17 03:00:00,BAQ,TR-01,Entregado
ORD-10932,2026-05-16 18:00:00,2026-05-20 23:00:00,2026-05-22 21:00:00,BOG,TR-01,Entregado
ORD-10933,2026-06-28 15:00:00,2026-06-30 00:00:00,2026-07-01 23:00:00,MED,TR-02,Entregado
ORD-10934,2026-02-10 08:00:00,2026-02-11 19:00:00,2026-02-13 23:00:00,CAL,TR-03,Entregado
ORD-10935,2026-03-17 16:00:00,2026-03-19 03:00:00,2026-03-20 06:00:00,BOG,TR-02,Entregado
ORD-10936,2026-02-15 13:00:00,2026-02-16 15:00:00,2026-02-17 20:00:00,BOG,TR-04,Entregado
ORD-10937,2026-03-27 19:00:00,2026-03-31 00:00:00,2026-04-01 05:00:00,MED,TR-03,Entregado
ORD-10938,2026-05-28 08:00:00,2026-05-29 13:00:00,2026-05-30 14:00:00,BOG,TR-03,Entregado
ORD-10939,2026-06-17 09:00:00,2026-06-18 15:00:00,2026-06-20 12:00:00,BOG,TR-01,Entregado
ORD-10940,2026-04-07 09:00:00,2026-04-08 20:00:00,2026-04-12 00:00:00,CAL,TR-04,Entregado
ORD-10941,2026-02-02 16:00:00,2026-02-03 21:00:00,2026-02-06 19:00:00,BAQ,TR-04,Entregado
ORD-10942,2026-06-07 08:00:00,2026-06-08 10:00:00,2026-06-10 12:00:00,MED,TR-03,Entregado
ORD-10943,2026-03-18 11:00:00,2026-03-19 21:00:00,2026-03-22 02:00:00,BOG,TR-04,Entregado
ORD-10944,2026-06-03 13:00:00,2026-06-04 18:00:00,2026-06-05 22:00:00,BOG,TR-03,Entregado
ORD-10945,2026-04-13 09:00:00,2026-04-14 18:00:00,2026-04-17 21:00:00,MED,TR-02,Entregado
ORD-10946,2026-06-15 14:00:00,2026-06-16 19:00:00,2026-06-18 23:00:00,CAL,TR-04,Entregado
ORD-10947,2026-03-31 17:00:00,2026-04-01 19:00:00,2026-04-03 23:00:00,BGA,TR-02,Entregado
ORD-10948,2026-05-23 09:00:00,2026-05-27 12:00:00,2026-05-28 10:00:00,BOG,TR-01,Entregado
ORD-10949,2026-04-16 14:00:00,2026-04-17 17:00:00,2026-04-20 19:00:00,BAQ,TR-04,Entregado
ORD-10950,2026-06-21 08:00:00,2026-06-22 15:00:00,2026-06-23 14:00:00,BOG,TR-04,Entregado
ORD-10951,2026-04-14 18:00:00,2026-04-16 05:00:00,2026-04-17 05:00:00,CAL,TR-04,Entregado
ORD-10952,2026-03-02 10:00:00,2026-03-03 12:00:00,2026-03-05 12:00:00,BGA,TR-01,Entregado
ORD-10953,2026-05-03 13:00:00,2026-05-04 15:00:00,2026-05-07 20:00:00,MED,TR-04,Entregado
ORD-10954,2026-01-09 13:00:00,2026-01-12 19:00:00,2026-01-14 15:00:00,MED,TR-02,Entregado
ORD-10955,2026-03-14 14:00:00,2026-03-18 23:00:00,2026-03-21 03:00:00,BOG,TR-01,Entregado
ORD-10956,2026-06-09 16:00:00,2026-06-10 21:00:00,2026-06-13 17:00:00,MED,TR-03,Entregado
ORD-10957,2026-04-24 19:00:00,2026-04-29 01:00:00,2026-05-02 04:00:00,MED,TR-03,Entregado
ORD-10958,2026-01-08 15:00:00,2026-01-10 00:00:00,2026-01-11 04:00:00,BGA,TR-02,Entregado
ORD-10959,2026-06-27 19:00:00,2026-07-02 06:00:00,2026-07-03 06:00:00,BOG,TR-02,Entregado
ORD-10960,2026-03-03 11:00:00,2026-03-04 20:00:00,2026-03-06 18:00:00,BOG,TR-01,Entregado
ORD-10961,2026-03-03 18:00:00,2026-03-05 03:00:00,2026-03-07 04:00:00,MED,TR-02,Entregado
ORD-10962,2026-05-07 14:00:00,2026-05-09 00:00:00,2026-05-11 03:00:00,CAL,TR-04,Entregado
ORD-10963,2026-03-25 11:00:00,2026-03-26 13:00:00,2026-03-27 18:00:00,CAL,TR-04,Entregado
ORD-10964,2026-05-14 17:00:00,2026-05-15 20:00:00,2026-05-18 18:00:00,CAL,TR-01,Entregado
ORD-10965,2026-01-22 17:00:00,2026-01-24 01:00:00,2026-01-25 23:00:00,MED,TR-03,Entregado
ORD-10966,2026-05-07 10:00:00,2026-05-08 18:00:00,2026-05-09 18:00:00,BOG,TR-03,Entregado
ORD-10967,2026-05-07 16:00:00,2026-05-08 20:00:00,2026-05-12 20:00:00,BGA,TR-04,Entregado
ORD-10968,2026-04-16 18:00:00,2026-04-17 21:00:00,2026-04-19 19:00:00,BOG,TR-01,Entregado
ORD-10969,2026-01-12 14:00:00,2026-01-13 19:00:00,2026-01-14 23:00:00,BGA,TR-03,Entregado
ORD-10970,2026-01-12 16:00:00,2026-01-14 00:00:00,2026-01-16 23:00:00,MED,TR-02,Entregado
ORD-10971,2026-02-14 10:00:00,2026-02-18 20:00:00,2026-02-20 16:00:00,CAL,TR-01,Entregado
ORD-10972,2026-05-02 10:00:00,2026-05-06 15:00:00,2026-05-07 12:00:00,BOG,TR-03,Entregado
ORD-10973,2026-02-24 11:00:00,2026-02-25 20:00:00,2026-02-27 16:00:00,MED,TR-04,Entregado
ORD-10974,2026-06-22 15:00:00,2026-06-23 18:00:00,2026-06-25 20:00:00,MED,TR-03,Entregado
ORD-10975,2026-04-29 12:00:00,2026-04-30 23:00:00,2026-05-02 19:00:00,BOG,TR-01,Entregado
ORD-10976,2026-02-01 10:00:00,2026-02-02 14:00:00,2026-02-04 17:00:00,BGA,TR-01,Entregado
ORD-10977,2026-02-13 09:00:00,2026-02-16 20:00:00,2026-02-19 21:00:00,BAQ,TR-02,Entregado
ORD-10978,2026-05-26 10:00:00,2026-05-27 12:00:00,,BOG,TR-04,Perdido
ORD-10979,2026-05-30 12:00:00,2026-06-03 19:00:00,,MED,TR-03,Perdido
ORD-10980,2026-04-06 15:00:00,2026-04-07 17:00:00,2026-04-09 22:00:00,BGA,TR-02,Entregado
ORD-10981,2026-04-15 18:00:00,2026-04-17 00:00:00,2026-04-18 00:00:00,BOG,TR-03,Entregado
ORD-10982,2026-05-11 19:00:00,2026-05-13 05:00:00,2026-05-14 05:00:00,MED,TR-02,Entregado
ORD-10983,2026-02-04 13:00:00,2026-02-05 18:00:00,2026-02-06 17:00:00,BGA,TR-02,Entregado
ORD-10984,2026-04-07 14:00:00,2026-04-09 01:00:00,2026-04-12 02:00:00,CAL,TR-02,Entregado
ORD-10985,2026-03-17 08:00:00,2026-03-18 15:00:00,2026-03-19 14:00:00,BOG,TR-01,Entregado
ORD-10986,2026-04-04 12:00:00,2026-04-08 19:00:00,,BAQ,TR-03,Perdido
ORD-10987,2026-06-08 17:00:00,2026-06-09 21:00:00,2026-06-10 18:00:00,MED,TR-03,Entregado
ORD-10988,2026-01-24 11:00:00,2026-01-28 22:00:00,2026-01-30 19:00:00,MED,TR-01,Entregado
ORD-10989,2026-02-06 11:00:00,2026-02-10 13:00:00,2026-02-13 12:00:00,MED,TR-01,Entregado
ORD-10990,2026-04-18 11:00:00,2026-04-21 18:00:00,2026-04-22 14:00:00,BOG,TR-03,Entregado
ORD-10991,2026-06-01 09:00:00,2026-06-02 19:00:00,2026-06-03 17:00:00,BOG,TR-04,Entregado
ORD-10992,2026-06-26 10:00:00,2026-06-30 20:00:00,2026-07-02 20:00:00,MED,TR-01,Entregado
ORD-10993,2026-04-06 16:00:00,2026-04-08 01:00:00,2026-04-14 06:00:00,BGA,TR-04,Entregado
ORD-10994,2026-06-13 17:00:00,2026-06-16 23:00:00,2026-06-18 01:00:00,CAL,TR-02,Entregado
ORD-10995,2026-04-27 09:00:00,2026-04-28 15:00:00,2026-04-29 16:00:00,BOG,TR-01,Entregado
ORD-10996,2026-03-07 09:00:00,2026-03-11 11:00:00,2026-03-12 13:00:00,BOG,TR-03,Entregado
ORD-10997,2026-06-13 13:00:00,2026-06-17 00:00:00,2026-06-18 21:00:00,BGA,TR-03,Entregado
ORD-10998,2026-02-08 17:00:00,2026-02-09 21:00:00,2026-02-11 21:00:00,BOG,TR-02,Entregado
ORD-10999,2026-04-25 17:00:00,2026-04-30 01:00:00,2026-05-02 04:00:00,BOG,TR-02,Entregado
ORD-11000,2026-05-05 19:00:00,2026-05-07 03:00:00,2026-05-08 05:00:00,BOG,TR-03,Entregado
ORD-11001,2026-05-11 09:00:00,2026-05-12 13:00:00,2026-05-13 15:00:00,MED,TR-02,Entregado
ORD-11002,2026-02-09 12:00:00,2026-02-10 23:00:00,2026-02-12 04:00:00,BOG,TR-03,Entregado
ORD-11003,2026-05-23 08:00:00,2026-05-26 13:00:00,2026-05-28 18:00:00,CAL,TR-04,Entregado
ORD-11004,2026-04-09 17:00:00,2026-04-10 22:00:00,2026-04-15 00:00:00,BAQ,TR-04,Entregado
ORD-11005,2026-01-08 11:00:00,2026-01-09 20:00:00,2026-01-12 00:00:00,BOG,TR-01,Entregado
ORD-11006,2026-03-28 17:00:00,2026-04-01 03:00:00,2026-04-02 08:00:00,MED,TR-03,Entregado
ORD-11007,2026-06-21 09:00:00,2026-06-22 16:00:00,2026-06-23 16:00:00,BOG,TR-03,Entregado
ORD-11008,2026-04-29 12:00:00,2026-04-30 17:00:00,2026-05-02 14:00:00,BOG,TR-04,Entregado
ORD-11009,2026-03-10 13:00:00,2026-03-11 15:00:00,2026-03-12 14:00:00,BOG,TR-04,Entregado
ORD-11010,2026-02-10 13:00:00,2026-02-11 21:00:00,2026-02-13 22:00:00,MED,TR-03,Entregado
ORD-11011,2026-03-01 15:00:00,2026-03-02 23:00:00,2026-03-03 23:00:00,CAL,TR-02,Entregado
ORD-11012,2026-03-25 09:00:00,2026-03-26 16:00:00,2026-03-27 17:00:00,BOG,TR-04,Entregado
ORD-11013,2026-03-11 08:00:00,2026-03-12 13:00:00,2026-03-19 14:00:00,BAQ,TR-02,Entregado
ORD-11014,2026-05-03 16:00:00,2026-05-05 00:00:00,2026-05-07 21:00:00,MED,TR-02,Entregado
ORD-11015,2026-01-28 09:00:00,2026-01-29 17:00:00,2026-01-31 21:00:00,BGA,TR-02,Entregado
ORD-11016,2026-06-12 12:00:00,2026-06-16 23:00:00,2026-06-20 01:00:00,BAQ,TR-04,Entregado
ORD-11017,2026-01-05 08:00:00,2026-01-06 16:00:00,2026-01-07 20:00:00,BOG,TR-04,Entregado
ORD-11018,2026-06-17 19:00:00,2026-06-18 23:00:00,2026-06-22 02:00:00,BAQ,TR-03,Entregado
ORD-11019,2026-06-13 14:00:00,2026-06-17 17:00:00,2026-06-19 22:00:00,BOG,TR-04,Entregado
ORD-11020,2026-02-16 18:00:00,2026-02-17 21:00:00,2026-02-19 22:00:00,BAQ,TR-02,Entregado
ORD-11021,2026-01-10 10:00:00,2026-01-14 17:00:00,2026-01-15 22:00:00,BOG,TR-04,Entregado
ORD-11022,2026-04-28 17:00:00,2026-04-29 23:00:00,2026-05-01 01:00:00,BOG,TR-02,Entregado
ORD-11023,2026-04-03 17:00:00,2026-04-08 01:00:00,2026-04-10 01:00:00,MED,TR-02,Entregado
ORD-11024,2026-03-17 16:00:00,2026-03-18 21:00:00,2026-03-22 01:00:00,MED,TR-03,Entregado
ORD-11025,2026-01-01 12:00:00,2026-01-02 17:00:00,2026-01-04 21:00:00,CAL,TR-01,Entregado
ORD-11026,2026-01-20 15:00:00,2026-01-21 19:00:00,2026-01-23 17:00:00,CAL,TR-04,Entregado
ORD-11027,2026-06-20 19:00:00,2026-06-24 03:00:00,2026-06-26 04:00:00,BOG,TR-01,Entregado
ORD-11028,2026-01-01 16:00:00,2026-01-03 03:00:00,2026-01-07 07:00:00,BAQ,TR-04,Entregado
ORD-11029,2026-03-05 13:00:00,2026-03-07 00:00:00,2026-03-11 03:00:00,BAQ,TR-03,Entregado
ORD-11030,2026-01-28 16:00:00,2026-01-29 21:00:00,2026-02-01 22:00:00,MED,TR-01,Entregado
ORD-11031,2026-04-17 12:00:00,2026-04-20 23:00:00,2026-04-22 22:00:00,BOG,TR-04,Entregado
ORD-11032,2026-06-24 12:00:00,2026-06-25 16:00:00,2026-06-28 14:00:00,BGA,TR-03,Entregado
ORD-11033,2026-06-14 08:00:00,2026-06-15 17:00:00,2026-06-17 18:00:00,MED,TR-01,Entregado
ORD-11034,2026-04-30 19:00:00,2026-05-01 22:00:00,2026-05-03 03:00:00,BOG,TR-01,Entregado
ORD-11035,2026-02-25 19:00:00,2026-02-27 02:00:00,2026-02-28 22:00:00,MED,TR-04,Entregado
ORD-11036,2026-04-21 13:00:00,2026-04-22 23:00:00,2026-04-24 01:00:00,BOG,TR-03,Entregado
ORD-11037,2026-04-18 18:00:00,2026-04-22 04:00:00,2026-04-24 03:00:00,MED,TR-01,Entregado
ORD-11038,2026-05-28 09:00:00,2026-05-29 11:00:00,2026-05-31 14:00:00,BOG,TR-04,Entregado
ORD-11039,2026-03-19 09:00:00,2026-03-20 17:00:00,,BGA,TR-02,Devuelto
ORD-11040,2026-02-06 11:00:00,2026-02-09 15:00:00,2026-02-11 12:00:00,MED,TR-03,Entregado
ORD-11041,2026-01-26 08:00:00,2026-01-27 17:00:00,2026-01-28 14:00:00,CAL,TR-03,Entregado
ORD-11042,2026-04-29 10:00:00,2026-04-30 17:00:00,2026-05-02 13:00:00,BAQ,TR-03,Entregado
ORD-11043,2026-02-28 12:00:00,2026-03-03 20:00:00,2026-03-09 17:00:00,BGA,TR-04,Entregado
ORD-11044,2026-06-10 08:00:00,2026-06-11 10:00:00,2026-06-12 09:00:00,BOG,TR-03,Entregado
ORD-11045,2026-06-28 19:00:00,2026-06-30 00:00:00,2026-07-01 20:00:00,BOG,TR-01,Entregado
ORD-11046,2026-01-20 12:00:00,2026-01-21 16:00:00,2026-01-22 17:00:00,BOG,TR-02,Entregado
ORD-11047,2026-02-12 09:00:00,2026-02-13 16:00:00,2026-02-14 12:00:00,BOG,TR-03,Entregado
ORD-11048,2026-02-19 16:00:00,2026-02-21 02:00:00,2026-02-23 02:00:00,BOG,TR-04,Entregado
ORD-11049,2026-02-08 15:00:00,2026-02-09 22:00:00,2026-02-12 03:00:00,CAL,TR-02,Entregado
ORD-11050,2026-06-20 09:00:00,2026-06-23 12:00:00,2026-06-24 10:00:00,MED,TR-01,Entregado
ORD-11051,2026-05-31 19:00:00,2026-06-02 02:00:00,2026-06-04 22:00:00,MED,TR-04,Entregado
ORD-11052,2026-02-07 11:00:00,2026-02-11 19:00:00,2026-02-18 19:00:00,BGA,TR-04,Entregado
ORD-11053,2026-05-31 11:00:00,2026-06-01 14:00:00,2026-06-02 15:00:00,MED,TR-04,Entregado
ORD-11054,2026-03-21 09:00:00,2026-03-24 16:00:00,2026-03-27 12:00:00,CAL,TR-04,Entregado
ORD-11055,2026-05-04 14:00:00,2026-05-06 01:00:00,2026-05-08 22:00:00,MED,TR-01,Entregado
ORD-11056,2026-01-08 09:00:00,2026-01-09 14:00:00,2026-01-13 15:00:00,BAQ,TR-01,Entregado
ORD-11057,2026-03-26 08:00:00,2026-03-27 19:00:00,2026-03-28 23:00:00,MED,TR-04,Entregado
ORD-11058,2026-01-08 13:00:00,2026-01-09 17:00:00,2026-01-12 22:00:00,BGA,TR-02,Entregado
ORD-11059,2026-01-05 13:00:00,2026-01-06 19:00:00,2026-01-07 17:00:00,BOG,TR-04,Entregado
ORD-11060,2026-06-24 09:00:00,2026-06-25 18:00:00,2026-06-26 18:00:00,BOG,TR-04,Entregado
ORD-11061,2026-02-24 14:00:00,2026-02-25 17:00:00,2026-03-02 22:00:00,BGA,TR-04,Entregado
ORD-11062,2026-06-20 17:00:00,2026-06-23 22:00:00,2026-06-26 20:00:00,MED,TR-02,Entregado
ORD-11063,2026-06-07 09:00:00,2026-06-08 13:00:00,2026-06-11 16:00:00,BAQ,TR-03,Entregado
ORD-11064,2026-05-25 17:00:00,2026-05-26 21:00:00,2026-05-28 17:00:00,BOG,TR-03,Entregado
ORD-11065,2026-05-16 15:00:00,2026-05-20 22:00:00,2026-05-24 02:00:00,MED,TR-04,Entregado
ORD-11066,2026-04-23 19:00:00,2026-04-25 00:00:00,2026-04-29 05:00:00,BGA,TR-04,Entregado
ORD-11067,2026-03-13 16:00:00,2026-03-18 00:00:00,2026-03-20 21:00:00,MED,TR-03,Entregado
ORD-11068,2026-02-15 11:00:00,2026-02-16 13:00:00,2026-02-18 12:00:00,MED,TR-03,Entregado
ORD-11069,2026-02-02 08:00:00,2026-02-03 10:00:00,2026-02-06 08:00:00,BGA,TR-01,Entregado
ORD-11070,2026-05-27 12:00:00,2026-05-28 23:00:00,2026-05-31 23:00:00,BAQ,TR-04,Entregado
ORD-11071,2026-02-17 12:00:00,2026-02-18 14:00:00,2026-02-20 12:00:00,CAL,TR-03,Entregado
ORD-11072,2026-04-15 17:00:00,2026-04-17 02:00:00,2026-04-17 23:00:00,BOG,TR-01,Entregado
ORD-11073,2026-03-04 16:00:00,2026-03-06 03:00:00,2026-03-07 02:00:00,BOG,TR-04,Entregado
ORD-11074,2026-06-10 16:00:00,2026-06-11 23:00:00,2026-06-13 03:00:00,BOG,TR-04,Entregado
ORD-11075,2026-03-30 16:00:00,2026-04-01 02:00:00,2026-04-03 00:00:00,MED,TR-01,Entregado
ORD-11076,2026-03-18 16:00:00,2026-03-20 03:00:00,2026-03-21 05:00:00,BGA,TR-01,Entregado
ORD-11077,2026-03-09 09:00:00,2026-03-10 11:00:00,2026-03-11 07:00:00,BOG,TR-04,Entregado
ORD-11078,2026-05-05 13:00:00,2026-05-06 15:00:00,2026-05-07 12:00:00,BOG,TR-04,Entregado
ORD-11079,2026-05-12 13:00:00,2026-05-13 15:00:00,2026-05-15 20:00:00,BGA,TR-03,Entregado
ORD-11080,2026-01-19 13:00:00,2026-01-20 16:00:00,2026-01-22 19:00:00,MED,TR-01,Entregado
ORD-11081,2026-03-23 16:00:00,2026-03-25 00:00:00,2026-03-28 00:00:00,MED,TR-02,Entregado
ORD-11082,2026-01-23 10:00:00,2026-01-27 13:00:00,2026-01-30 11:00:00,CAL,TR-04,Entregado
ORD-11083,2026-04-19 18:00:00,2026-04-20 20:00:00,2026-04-22 22:00:00,BOG,TR-02,Entregado
ORD-11084,2026-05-09 15:00:00,2026-05-12 19:00:00,2026-05-13 19:00:00,CAL,TR-03,Entregado
ORD-11085,2026-02-23 14:00:00,2026-02-25 01:00:00,2026-02-28 06:00:00,CAL,TR-02,Entregado
ORD-11086,2026-03-30 12:00:00,2026-03-31 19:00:00,2026-04-02 18:00:00,MED,TR-02,Entregado
ORD-11087,2026-05-23 08:00:00,2026-05-26 16:00:00,2026-05-28 16:00:00,MED,TR-02,Entregado
ORD-11088,2026-03-17 17:00:00,2026-03-18 20:00:00,2026-03-20 00:00:00,BOG,TR-04,Entregado
ORD-11089,2026-05-23 12:00:00,2026-05-26 18:00:00,2026-05-27 20:00:00,MED,TR-03,Entregado
ORD-11090,2026-05-27 19:00:00,2026-05-29 06:00:00,2026-05-31 03:00:00,BOG,TR-04,Entregado
ORD-11091,2026-04-03 16:00:00,2026-04-07 20:00:00,2026-04-09 01:00:00,BGA,TR-03,Entregado
ORD-11092,2026-06-10 08:00:00,2026-06-11 19:00:00,2026-06-13 22:00:00,MED,TR-01,Entregado
ORD-11093,2026-02-04 19:00:00,2026-02-06 04:00:00,2026-02-08 05:00:00,BOG,TR-04,Entregado
ORD-11094,2026-04-12 17:00:00,2026-04-14 00:00:00,2026-04-16 02:00:00,BOG,TR-04,Entregado
ORD-11095,2026-01-11 10:00:00,2026-01-12 21:00:00,2026-01-15 18:00:00,MED,TR-02,Entregado
ORD-11096,2026-04-20 17:00:00,2026-04-22 00:00:00,2026-04-22 21:00:00,MED,TR-03,Entregado
ORD-11097,2026-06-23 16:00:00,2026-06-24 20:00:00,2026-06-27 00:00:00,BOG,TR-01,Entregado
ORD-11098,2026-01-03 12:00:00,2026-01-06 17:00:00,2026-01-08 14:00:00,CAL,TR-02,Entregado
ORD-11099,2026-01-26 15:00:00,2026-01-27 18:00:00,2026-01-29 16:00:00,BAQ,TR-01,Entregado
ORD-11100,2026-02-17 09:00:00,2026-02-18 15:00:00,2026-02-20 14:00:00,BGA,TR-03,Entregado
ORD-11101,2026-06-05 12:00:00,2026-06-09 20:00:00,2026-06-11 23:00:00,CAL,TR-01,Entregado
ORD-11102,2026-06-03 16:00:00,2026-06-04 20:00:00,2026-06-07 20:00:00,CAL,TR-03,Entregado
ORD-11103,2026-01-12 12:00:00,2026-01-13 21:00:00,2026-01-15 01:00:00,BOG,TR-02,Entregado
ORD-11104,2026-02-17 12:00:00,2026-02-18 23:00:00,2026-02-21 04:00:00,BAQ,TR-03,Entregado
ORD-11105,2026-02-13 11:00:00,2026-02-17 14:00:00,2026-02-19 15:00:00,CAL,TR-01,Entregado
ORD-11106,2026-01-15 18:00:00,2026-01-17 02:00:00,2026-01-19 00:00:00,BGA,TR-01,Entregado
ORD-11107,2026-06-25 14:00:00,2026-06-26 23:00:00,2026-06-28 01:00:00,BOG,TR-01,Entregado
ORD-11108,2026-03-11 09:00:00,2026-03-12 17:00:00,2026-03-14 14:00:00,BOG,TR-04,Entregado
ORD-11109,2026-04-18 18:00:00,2026-04-21 23:00:00,2026-04-23 04:00:00,BOG,TR-03,Entregado
ORD-11110,2026-06-20 12:00:00,2026-06-23 22:00:00,2026-06-26 20:00:00,BAQ,TR-04,Entregado
ORD-11111,2026-05-31 18:00:00,2026-06-02 05:00:00,2026-06-06 06:00:00,BAQ,TR-03,Entregado
ORD-11112,2026-03-21 12:00:00,2026-03-24 19:00:00,2026-03-26 15:00:00,CAL,TR-04,Entregado
ORD-11113,2026-05-04 16:00:00,2026-05-05 23:00:00,2026-05-07 02:00:00,BOG,TR-02,Entregado
ORD-11114,2026-02-05 18:00:00,2026-02-07 00:00:00,2026-02-10 05:00:00,BGA,TR-01,Entregado
ORD-11115,2026-02-20 11:00:00,2026-02-23 13:00:00,2026-02-25 14:00:00,BGA,TR-02,Entregado
ORD-11116,2026-01-21 13:00:00,2026-01-23 00:00:00,2026-01-24 05:00:00,BOG,TR-03,Entregado
ORD-11117,2026-01-19 09:00:00,2026-01-20 15:00:00,2026-01-21 14:00:00,BOG,TR-03,Entregado
ORD-11118,2026-03-19 11:00:00,2026-03-20 18:00:00,2026-03-21 22:00:00,BOG,TR-01,Entregado
ORD-11119,2026-04-27 11:00:00,2026-04-28 21:00:00,2026-04-30 01:00:00,CAL,TR-04,Entregado
ORD-11120,2026-01-27 19:00:00,2026-01-29 06:00:00,2026-01-30 08:00:00,MED,TR-01,Entregado
ORD-11121,2026-02-04 15:00:00,2026-02-06 01:00:00,2026-02-07 06:00:00,BOG,TR-01,Entregado
ORD-11122,2026-05-24 17:00:00,2026-05-26 03:00:00,2026-05-28 04:00:00,MED,TR-03,Entregado
ORD-11123,2026-06-13 09:00:00,2026-06-16 11:00:00,2026-06-18 15:00:00,MED,TR-04,Entregado
ORD-11124,2026-01-02 08:00:00,2026-01-05 12:00:00,2026-01-06 12:00:00,CAL,TR-04,Entregado
ORD-11125,2026-03-18 11:00:00,2026-03-19 22:00:00,2026-03-22 03:00:00,MED,TR-01,Entregado
ORD-11126,2026-03-31 16:00:00,2026-04-02 02:00:00,2026-04-02 22:00:00,MED,TR-01,Entregado
ORD-11127,2026-04-04 18:00:00,2026-04-07 22:00:00,2026-04-09 20:00:00,BAQ,TR-03,Entregado
ORD-11128,2026-01-07 19:00:00,2026-01-09 04:00:00,2026-01-11 08:00:00,BGA,TR-03,Entregado
ORD-11129,2026-03-15 14:00:00,2026-03-16 16:00:00,2026-03-17 19:00:00,BOG,TR-02,Entregado
ORD-11130,2026-05-21 14:00:00,2026-05-22 19:00:00,2026-05-24 17:00:00,BOG,TR-04,Entregado
ORD-11131,2026-02-25 08:00:00,2026-02-26 19:00:00,2026-02-28 00:00:00,BOG,TR-02,Entregado
ORD-11132,2026-06-19 17:00:00,2026-06-23 03:00:00,2026-06-26 02:00:00,MED,TR-04,Entregado
ORD-11133,2026-02-05 11:00:00,2026-02-06 15:00:00,2026-02-08 18:00:00,BOG,TR-02,Entregado
ORD-11134,2026-04-28 14:00:00,2026-04-29 16:00:00,2026-04-30 19:00:00,BOG,TR-04,Entregado
ORD-11135,2026-02-23 08:00:00,2026-02-24 13:00:00,2026-02-25 13:00:00,CAL,TR-03,Entregado
ORD-11136,2026-06-21 15:00:00,2026-06-22 21:00:00,2026-06-24 20:00:00,CAL,TR-01,Entregado
ORD-11137,2026-06-22 17:00:00,2026-06-23 23:00:00,2026-06-26 00:00:00,CAL,TR-01,Entregado
ORD-11138,2026-02-16 18:00:00,2026-02-18 01:00:00,2026-02-20 01:00:00,BAQ,TR-04,Entregado
ORD-11139,2026-05-21 14:00:00,2026-05-22 21:00:00,2026-05-23 22:00:00,BOG,TR-02,Entregado
ORD-11140,2026-05-30 13:00:00,2026-06-03 22:00:00,2026-06-06 01:00:00,BOG,TR-03,Entregado
ORD-11141,2026-01-21 13:00:00,2026-01-22 21:00:00,2026-01-24 02:00:00,BOG,TR-04,Entregado
ORD-11142,2026-05-17 17:00:00,2026-05-19 03:00:00,2026-05-20 08:00:00,BOG,TR-02,Entregado
ORD-11143,2026-01-09 17:00:00,2026-01-12 23:00:00,2026-01-16 01:00:00,MED,TR-03,Entregado
ORD-11144,2026-05-02 16:00:00,2026-05-05 23:00:00,2026-05-06 20:00:00,BOG,TR-03,Entregado
ORD-11145,2026-05-05 17:00:00,2026-05-07 03:00:00,2026-05-08 04:00:00,BOG,TR-02,Entregado
ORD-11146,2026-03-13 15:00:00,2026-03-16 22:00:00,2026-03-19 23:00:00,CAL,TR-04,Entregado
ORD-11147,2026-02-18 17:00:00,2026-02-20 00:00:00,2026-02-20 20:00:00,BOG,TR-01,Entregado
ORD-11148,2026-04-01 12:00:00,2026-04-02 18:00:00,2026-04-04 17:00:00,MED,TR-04,Entregado
ORD-11149,2026-03-09 09:00:00,2026-03-10 16:00:00,2026-03-11 21:00:00,BOG,TR-01,Entregado
ORD-11150,2026-06-01 10:00:00,2026-06-02 13:00:00,2026-06-04 10:00:00,BGA,TR-02,Entregado
ORD-11151,2026-04-10 19:00:00,2026-04-15 03:00:00,2026-04-17 03:00:00,MED,TR-03,Entregado
ORD-11152,2026-06-16 17:00:00,2026-06-17 19:00:00,2026-06-19 15:00:00,CAL,TR-02,Entregado
ORD-11153,2026-03-30 09:00:00,2026-03-31 17:00:00,2026-04-02 14:00:00,BOG,TR-03,Entregado
ORD-11154,2026-05-27 11:00:00,2026-05-28 15:00:00,2026-05-29 17:00:00,BGA,TR-02,Entregado
ORD-11155,2026-03-10 08:00:00,2026-03-11 11:00:00,2026-03-12 11:00:00,MED,TR-03,Entregado
ORD-11156,2026-04-18 09:00:00,2026-04-21 12:00:00,2026-04-23 15:00:00,MED,TR-03,Entregado
ORD-11157,2026-06-10 14:00:00,2026-06-11 16:00:00,2026-06-14 14:00:00,CAL,TR-03,Entregado
ORD-11158,2026-05-29 08:00:00,2026-06-01 11:00:00,2026-06-02 16:00:00,BOG,TR-04,Entregado
ORD-11159,2026-05-30 12:00:00,2026-06-03 20:00:00,2026-06-05 18:00:00,MED,TR-01,Entregado
ORD-11160,2026-05-23 10:00:00,2026-05-27 14:00:00,2026-05-28 11:00:00,BOG,TR-01,Entregado
ORD-11161,2026-06-09 18:00:00,2026-06-11 02:00:00,2026-06-12 23:00:00,MED,TR-02,Entregado
ORD-11162,2026-05-18 16:00:00,2026-05-20 01:00:00,2026-05-20 22:00:00,BOG,TR-01,Entregado
ORD-11163,2026-03-19 16:00:00,2026-03-21 03:00:00,2026-03-28 05:00:00,BGA,TR-04,Entregado
ORD-11164,2026-06-02 09:00:00,2026-06-03 11:00:00,2026-06-05 10:00:00,CAL,TR-03,Entregado
ORD-11165,2026-03-05 10:00:00,2026-03-06 14:00:00,2026-03-07 10:00:00,BOG,TR-04,Entregado
ORD-11166,2026-01-07 12:00:00,2026-01-08 20:00:00,2026-01-10 00:00:00,BOG,TR-02,Entregado
ORD-11167,2026-05-26 10:00:00,2026-05-27 20:00:00,2026-05-28 22:00:00,MED,TR-04,Entregado
ORD-11168,2026-02-11 13:00:00,2026-02-12 18:00:00,2026-02-15 20:00:00,MED,TR-02,Entregado
ORD-11169,2026-05-05 14:00:00,2026-05-07 01:00:00,2026-05-08 22:00:00,MED,TR-02,Entregado
ORD-11170,2026-06-18 08:00:00,2026-06-19 14:00:00,2026-06-20 16:00:00,BOG,TR-04,Entregado
ORD-11171,2026-01-24 19:00:00,2026-01-27 22:00:00,2026-01-29 18:00:00,CAL,TR-01,Entregado
ORD-11172,2026-02-15 10:00:00,2026-02-16 21:00:00,2026-02-18 19:00:00,CAL,TR-04,Entregado
ORD-11173,2026-03-09 17:00:00,2026-03-10 19:00:00,2026-03-12 19:00:00,MED,TR-02,Entregado
ORD-11174,2026-04-12 17:00:00,2026-04-13 20:00:00,2026-04-14 16:00:00,BGA,TR-03,Entregado
ORD-11175,2026-02-01 14:00:00,2026-02-02 22:00:00,2026-02-05 23:00:00,MED,TR-04,Entregado
ORD-11176,2026-04-19 11:00:00,2026-04-20 17:00:00,2026-04-23 14:00:00,MED,TR-03,Entregado
ORD-11177,2026-04-07 11:00:00,2026-04-08 13:00:00,2026-04-09 09:00:00,BGA,TR-02,Entregado
ORD-11178,2026-05-11 16:00:00,2026-05-12 21:00:00,2026-05-14 21:00:00,BOG,TR-02,Entregado
ORD-11179,2026-05-16 08:00:00,2026-05-20 14:00:00,2026-05-21 12:00:00,BOG,TR-02,Entregado
ORD-11180,2026-05-03 13:00:00,2026-05-04 19:00:00,2026-05-06 20:00:00,BOG,TR-01,Entregado
ORD-11181,2026-06-18 14:00:00,2026-06-19 20:00:00,2026-06-21 00:00:00,BOG,TR-04,Entregado
ORD-11182,2026-01-13 08:00:00,2026-01-14 15:00:00,2026-01-17 20:00:00,CAL,TR-01,Entregado
ORD-11183,2026-03-01 09:00:00,2026-03-02 14:00:00,2026-03-03 12:00:00,CAL,TR-01,Entregado
ORD-11184,2026-01-05 19:00:00,2026-01-07 01:00:00,2026-01-07 21:00:00,MED,TR-02,Entregado
ORD-11185,2026-01-27 12:00:00,2026-01-28 18:00:00,2026-01-30 14:00:00,CAL,TR-01,Entregado
ORD-11186,2026-01-08 13:00:00,2026-01-09 15:00:00,2026-01-12 20:00:00,BAQ,TR-02,Entregado
ORD-11187,2026-02-19 10:00:00,2026-02-20 21:00:00,2026-02-21 23:00:00,MED,TR-03,Entregado
ORD-11188,2026-02-13 17:00:00,2026-02-17 00:00:00,2026-02-18 01:00:00,CAL,TR-01,Entregado
ORD-11189,2026-01-03 13:00:00,2026-01-07 22:00:00,2026-01-09 02:00:00,BOG,TR-03,Entregado
ORD-11190,2026-03-11 09:00:00,2026-03-12 13:00:00,2026-03-13 10:00:00,MED,TR-01,Entregado
ORD-11191,2026-06-21 09:00:00,2026-06-22 19:00:00,2026-06-25 16:00:00,CAL,TR-04,Entregado
ORD-11192,2026-04-12 08:00:00,2026-04-13 15:00:00,2026-04-15 12:00:00,BGA,TR-01,Entregado
ORD-11193,2026-02-04 09:00:00,2026-02-05 16:00:00,2026-02-06 20:00:00,BOG,TR-04,Entregado
ORD-11194,2026-01-30 11:00:00,2026-02-03 15:00:00,2026-02-04 20:00:00,MED,TR-02,Entregado
ORD-11195,2026-01-08 13:00:00,2026-01-09 23:00:00,2026-01-11 04:00:00,BOG,TR-03,Entregado
ORD-11196,2026-02-13 17:00:00,2026-02-17 21:00:00,2026-02-20 23:00:00,MED,TR-03,Entregado
ORD-11197,2026-02-05 12:00:00,2026-02-06 18:00:00,2026-02-10 21:00:00,BAQ,TR-04,Entregado
ORD-11198,2026-03-18 16:00:00,2026-03-19 19:00:00,2026-03-21 16:00:00,CAL,TR-04,Entregado
ORD-11199,2026-02-24 17:00:00,2026-02-26 01:00:00,2026-02-27 22:00:00,CAL,TR-02,Entregado
ORD-11200,2026-06-07 16:00:00,2026-06-08 20:00:00,2026-06-15 01:00:00,BAQ,TR-02,Entregado
ORD-11201,2026-02-24 19:00:00,2026-02-26 02:00:00,2026-02-27 00:00:00,BOG,TR-04,Entregado
ORD-11202,2026-05-25 19:00:00,2026-05-27 04:00:00,2026-05-30 07:00:00,BAQ,TR-04,Entregado
ORD-11203,2026-05-16 11:00:00,2026-05-20 14:00:00,2026-05-21 13:00:00,MED,TR-03,Entregado
ORD-11204,2026-01-03 14:00:00,2026-01-06 22:00:00,2026-01-08 21:00:00,MED,TR-04,Entregado
ORD-11205,2026-04-02 10:00:00,2026-04-03 19:00:00,2026-04-04 15:00:00,BOG,TR-03,Entregado
ORD-11206,2026-04-14 13:00:00,2026-04-16 00:00:00,2026-04-16 22:00:00,MED,TR-01,Entregado
ORD-11207,2026-01-05 11:00:00,2026-01-06 16:00:00,2026-01-09 19:00:00,CAL,TR-04,Entregado
ORD-11208,2026-04-14 15:00:00,2026-04-15 19:00:00,2026-04-18 20:00:00,BAQ,TR-03,Entregado
ORD-11209,2026-04-18 08:00:00,2026-04-22 18:00:00,2026-04-24 21:00:00,BOG,TR-02,Entregado
ORD-11210,2026-05-01 12:00:00,2026-05-05 18:00:00,2026-05-06 16:00:00,BOG,TR-02,Entregado
ORD-11211,2026-03-25 13:00:00,2026-03-26 16:00:00,2026-03-28 20:00:00,CAL,TR-02,Entregado
ORD-11212,2026-05-30 09:00:00,2026-06-02 19:00:00,2026-06-04 22:00:00,MED,TR-02,Entregado
ORD-11213,2026-02-01 08:00:00,2026-02-02 16:00:00,2026-02-03 15:00:00,BOG,TR-04,Entregado
ORD-11214,2026-01-16 19:00:00,2026-01-19 22:00:00,2026-01-22 20:00:00,MED,TR-03,Entregado
ORD-11215,2026-02-07 11:00:00,2026-02-11 22:00:00,2026-02-13 02:00:00,BOG,TR-02,Entregado
ORD-11216,2026-05-22 11:00:00,2026-05-25 20:00:00,2026-05-27 00:00:00,CAL,TR-04,Entregado
ORD-11217,2026-05-31 09:00:00,2026-06-01 15:00:00,2026-06-04 14:00:00,BAQ,TR-01,Entregado
ORD-11218,2026-03-07 16:00:00,2026-03-10 20:00:00,2026-03-14 00:00:00,BAQ,TR-01,Entregado
ORD-11219,2026-03-26 09:00:00,2026-03-27 12:00:00,2026-03-29 11:00:00,MED,TR-02,Entregado
ORD-11220,2026-03-16 10:00:00,2026-03-17 12:00:00,2026-03-19 09:00:00,BOG,TR-02,Entregado
ORD-11221,2026-06-29 14:00:00,2026-06-30 19:00:00,2026-07-03 15:00:00,BAQ,TR-01,Entregado
ORD-11222,2026-06-03 11:00:00,2026-06-04 21:00:00,2026-06-05 23:00:00,CAL,TR-04,Entregado
ORD-11223,2026-02-24 13:00:00,2026-02-25 23:00:00,2026-03-01 00:00:00,BAQ,TR-03,Entregado
ORD-11224,2026-06-12 13:00:00,2026-06-16 15:00:00,2026-06-18 11:00:00,MED,TR-02,Entregado
ORD-11225,2026-06-20 13:00:00,2026-06-24 16:00:00,2026-06-27 17:00:00,MED,TR-03,Entregado
ORD-11226,2026-03-01 12:00:00,2026-03-02 17:00:00,2026-03-05 22:00:00,MED,TR-01,Entregado
ORD-11227,2026-01-12 08:00:00,2026-01-13 12:00:00,2026-01-14 08:00:00,BGA,TR-02,Entregado
ORD-11228,2026-02-11 13:00:00,2026-02-12 22:00:00,2026-02-15 21:00:00,BGA,TR-02,Entregado
ORD-11229,2026-03-23 10:00:00,2026-03-24 20:00:00,2026-04-02 00:00:00,BGA,TR-04,Entregado
ORD-11230,2026-06-07 15:00:00,2026-06-09 01:00:00,2026-06-11 21:00:00,BAQ,TR-04,Entregado
ORD-11231,2026-06-07 13:00:00,2026-06-08 16:00:00,2026-06-10 21:00:00,MED,TR-04,Entregado
ORD-11232,2026-03-08 14:00:00,2026-03-09 23:00:00,2026-03-10 21:00:00,BOG,TR-02,Entregado
ORD-11233,2026-06-29 16:00:00,2026-06-30 22:00:00,2026-07-02 23:00:00,BGA,TR-03,Entregado
ORD-11234,2026-05-23 12:00:00,2026-05-26 19:00:00,2026-05-27 15:00:00,MED,TR-03,Entregado
ORD-11235,2026-06-12 09:00:00,2026-06-15 17:00:00,2026-06-16 16:00:00,BOG,TR-01,Entregado
ORD-11236,2026-04-01 09:00:00,2026-04-02 16:00:00,2026-04-03 17:00:00,MED,TR-01,Entregado
ORD-11237,2026-06-12 09:00:00,2026-06-15 12:00:00,2026-06-16 17:00:00,BOG,TR-04,Entregado
ORD-11238,2026-01-20 09:00:00,2026-01-21 17:00:00,2026-01-24 15:00:00,CAL,TR-01,Entregado
ORD-11239,2026-01-10 16:00:00,2026-01-14 03:00:00,2026-01-16 01:00:00,MED,TR-01,Entregado
ORD-11240,2026-01-25 13:00:00,2026-01-27 00:00:00,2026-01-27 21:00:00,BOG,TR-03,Entregado
ORD-11241,2026-02-02 11:00:00,2026-02-03 17:00:00,2026-02-05 18:00:00,CAL,TR-02,Entregado
ORD-11242,2026-04-05 08:00:00,2026-04-06 16:00:00,2026-04-07 21:00:00,MED,TR-04,Entregado
ORD-11243,2026-04-20 13:00:00,2026-04-21 23:00:00,2026-04-23 23:00:00,CAL,TR-02,Entregado
ORD-11244,2026-05-05 11:00:00,2026-05-06 14:00:00,2026-05-08 19:00:00,MED,TR-04,Entregado
ORD-11245,2026-05-11 10:00:00,2026-05-12 16:00:00,2026-05-15 16:00:00,BGA,TR-02,Entregado
ORD-11246,2026-06-18 13:00:00,2026-06-19 21:00:00,2026-06-22 21:00:00,BGA,TR-03,Entregado
ORD-11247,2026-01-25 12:00:00,2026-01-26 15:00:00,2026-01-28 11:00:00,CAL,TR-02,Entregado
ORD-11248,2026-05-16 12:00:00,2026-05-20 17:00:00,2026-05-23 22:00:00,BAQ,TR-02,Entregado
ORD-11249,2026-01-25 11:00:00,2026-01-26 21:00:00,2026-01-28 18:00:00,MED,TR-03,Entregado
ORD-11250,2026-06-22 19:00:00,2026-06-23 21:00:00,2026-06-25 01:00:00,BOG,TR-04,Entregado
ORD-11251,2026-01-12 19:00:00,2026-01-13 21:00:00,2026-01-15 21:00:00,BOG,TR-01,Entregado
ORD-11252,2026-05-21 11:00:00,2026-05-22 17:00:00,2026-05-24 15:00:00,MED,TR-04,Entregado
ORD-11253,2026-05-26 19:00:00,2026-05-28 06:00:00,2026-05-30 06:00:00,MED,TR-03,Entregado
ORD-11254,2026-05-14 18:00:00,2026-05-15 23:00:00,2026-05-16 22:00:00,BGA,TR-03,Entregado
ORD-11255,2026-05-10 19:00:00,2026-05-12 06:00:00,,CAL,TR-04,Perdido
ORD-11256,2026-05-31 10:00:00,2026-06-01 17:00:00,2026-06-03 19:00:00,MED,TR-04,Entregado
ORD-11257,2026-01-31 10:00:00,2026-02-03 19:00:00,2026-02-05 00:00:00,CAL,TR-04,Entregado
ORD-11258,2026-01-05 10:00:00,2026-01-06 16:00:00,2026-01-09 19:00:00,MED,TR-03,Entregado
ORD-11259,2026-06-11 17:00:00,2026-06-12 19:00:00,2026-06-14 20:00:00,MED,TR-01,Entregado
ORD-11260,2026-03-30 09:00:00,2026-03-31 19:00:00,2026-04-05 00:00:00,BAQ,TR-03,Entregado
ORD-11261,2026-05-06 18:00:00,2026-05-08 00:00:00,2026-05-10 03:00:00,MED,TR-03,Entregado
ORD-11262,2026-06-27 15:00:00,2026-07-02 02:00:00,2026-07-05 04:00:00,BAQ,TR-01,Entregado
ORD-11263,2026-03-24 16:00:00,2026-03-25 23:00:00,2026-03-26 19:00:00,BOG,TR-01,Entregado
ORD-11264,2026-04-09 12:00:00,2026-04-10 18:00:00,2026-04-13 14:00:00,CAL,TR-01,Entregado
ORD-11265,2026-03-14 19:00:00,2026-03-18 03:00:00,2026-03-19 04:00:00,MED,TR-02,Entregado
ORD-11266,2026-04-25 14:00:00,2026-04-29 19:00:00,2026-05-01 15:00:00,MED,TR-04,Entregado
ORD-11267,2026-03-21 19:00:00,2026-03-24 21:00:00,2026-03-26 22:00:00,CAL,TR-02,Entregado
ORD-11268,2026-04-07 11:00:00,2026-04-08 17:00:00,2026-04-09 18:00:00,BOG,TR-04,Entregado
ORD-11269,2026-01-04 14:00:00,2026-01-06 00:00:00,2026-01-09 01:00:00,MED,TR-03,Entregado
ORD-11270,2026-02-09 08:00:00,2026-02-10 11:00:00,2026-02-11 09:00:00,BOG,TR-04,Entregado
ORD-11271,2026-04-11 14:00:00,2026-04-15 18:00:00,2026-04-16 19:00:00,MED,TR-04,Entregado
ORD-11272,2026-05-04 11:00:00,2026-05-05 17:00:00,2026-05-06 21:00:00,BOG,TR-02,Entregado
ORD-11273,2026-02-21 11:00:00,2026-02-24 13:00:00,2026-02-27 16:00:00,CAL,TR-04,Entregado
ORD-11274,2026-05-04 13:00:00,2026-05-05 19:00:00,2026-05-06 23:00:00,BOG,TR-02,Entregado
ORD-11275,2026-06-27 12:00:00,2026-06-30 23:00:00,2026-07-03 23:00:00,MED,TR-02,Entregado
ORD-11276,2026-04-26 10:00:00,2026-04-27 15:00:00,2026-04-29 17:00:00,CAL,TR-04,Entregado
ORD-11277,2026-01-07 18:00:00,2026-01-09 01:00:00,2026-01-13 05:00:00,BAQ,TR-04,Entregado
ORD-11278,2026-04-02 13:00:00,2026-04-03 16:00:00,2026-04-06 21:00:00,MED,TR-03,Entregado
ORD-11279,2026-01-14 14:00:00,2026-01-15 17:00:00,2026-01-21 22:00:00,BAQ,TR-02,Entregado
ORD-11280,2026-03-27 12:00:00,2026-03-31 14:00:00,2026-04-01 14:00:00,CAL,TR-02,Entregado
ORD-11281,2026-05-10 18:00:00,2026-05-11 20:00:00,2026-05-12 19:00:00,BOG,TR-01,Entregado
ORD-11282,2026-05-29 13:00:00,2026-06-01 18:00:00,2026-06-02 20:00:00,BOG,TR-03,Entregado
ORD-11283,2026-03-20 12:00:00,2026-03-24 14:00:00,2026-03-27 11:00:00,CAL,TR-02,Entregado
ORD-11284,2026-05-18 14:00:00,2026-05-19 23:00:00,2026-05-22 04:00:00,MED,TR-03,Entregado
ORD-11285,2026-02-27 15:00:00,2026-03-03 01:00:00,2026-03-05 05:00:00,MED,TR-04,Entregado
ORD-11286,2026-06-16 12:00:00,2026-06-17 15:00:00,2026-06-19 12:00:00,CAL,TR-02,Entregado
ORD-11287,2026-03-06 12:00:00,2026-03-10 17:00:00,2026-03-14 13:00:00,BGA,TR-04,Entregado
ORD-11288,2026-03-23 12:00:00,2026-03-24 23:00:00,2026-03-27 01:00:00,CAL,TR-04,Entregado
ORD-11289,2026-06-22 11:00:00,2026-06-23 20:00:00,2026-06-25 00:00:00,BOG,TR-04,Entregado
ORD-11290,2026-05-19 12:00:00,2026-05-20 20:00:00,2026-05-22 01:00:00,MED,TR-03,Entregado
ORD-11291,2026-02-21 14:00:00,2026-02-24 19:00:00,2026-02-25 19:00:00,BOG,TR-03,Entregado
ORD-11292,2026-04-27 17:00:00,2026-04-29 01:00:00,2026-04-30 22:00:00,MED,TR-01,Entregado
ORD-11293,2026-02-03 11:00:00,2026-02-04 15:00:00,2026-02-05 20:00:00,BOG,TR-02,Entregado
ORD-11294,2026-04-22 19:00:00,2026-04-24 01:00:00,2026-04-25 04:00:00,BOG,TR-03,Entregado
ORD-11295,2026-03-23 15:00:00,2026-03-24 17:00:00,2026-03-25 22:00:00,BGA,TR-03,Entregado
ORD-11296,2026-06-29 13:00:00,2026-07-01 00:00:00,2026-07-03 04:00:00,BOG,TR-04,Entregado
ORD-11297,2026-02-11 12:00:00,2026-02-12 20:00:00,2026-02-14 16:00:00,CAL,TR-04,Entregado
ORD-11298,2026-02-11 08:00:00,2026-02-12 11:00:00,2026-02-15 10:00:00,BAQ,TR-01,Entregado
ORD-11299,2026-04-15 08:00:00,2026-04-16 17:00:00,2026-04-19 18:00:00,MED,TR-04,Entregado
ORD-11300,2026-04-30 16:00:00,2026-05-02 02:00:00,2026-05-04 22:00:00,BAQ,TR-02,Entregado
ORD-11301,2026-06-18 08:00:00,2026-06-19 13:00:00,2026-06-21 13:00:00,BOG,TR-03,Entregado
ORD-11302,2026-05-10 19:00:00,2026-05-11 22:00:00,2026-05-12 21:00:00,BOG,TR-01,Entregado
ORD-11303,2026-02-17 08:00:00,2026-02-18 18:00:00,2026-02-20 14:00:00,BOG,TR-03,Entregado
ORD-11304,2026-01-10 09:00:00,2026-01-13 11:00:00,2026-01-15 08:00:00,BOG,TR-01,Entregado
ORD-11305,2026-02-27 19:00:00,2026-03-04 06:00:00,2026-03-05 11:00:00,MED,TR-01,Entregado
ORD-11306,2026-01-21 19:00:00,2026-01-23 04:00:00,2026-01-26 00:00:00,MED,TR-02,Entregado
ORD-11307,2026-02-03 15:00:00,2026-02-05 00:00:00,2026-02-10 22:00:00,BGA,TR-04,Entregado
ORD-11308,2026-06-26 08:00:00,2026-06-29 15:00:00,2026-06-30 17:00:00,MED,TR-01,Entregado
ORD-11309,2026-03-28 15:00:00,2026-03-31 17:00:00,2026-04-02 14:00:00,CAL,TR-03,Entregado
ORD-11310,2026-06-22 10:00:00,2026-06-23 15:00:00,2026-06-24 14:00:00,MED,TR-02,Entregado
ORD-11311,2026-03-10 19:00:00,2026-03-12 00:00:00,2026-03-13 00:00:00,BGA,TR-03,Entregado
ORD-11312,2026-03-28 12:00:00,2026-03-31 20:00:00,2026-04-02 16:00:00,BAQ,TR-01,Entregado
ORD-11313,2026-01-08 15:00:00,2026-01-09 23:00:00,2026-01-12 03:00:00,MED,TR-02,Entregado
ORD-11314,2026-03-28 18:00:00,2026-04-01 22:00:00,2026-04-04 23:00:00,MED,TR-01,Entregado
ORD-11315,2026-05-09 10:00:00,2026-05-12 18:00:00,2026-05-13 22:00:00,MED,TR-04,Entregado
ORD-11316,2026-06-01 10:00:00,2026-06-02 19:00:00,2026-06-03 16:00:00,MED,TR-02,Entregado
ORD-11317,2026-06-01 08:00:00,2026-06-02 13:00:00,2026-06-05 14:00:00,CAL,TR-01,Entregado
ORD-11318,2026-05-13 11:00:00,2026-05-14 13:00:00,2026-05-16 17:00:00,BOG,TR-01,Entregado
ORD-11319,2026-01-21 15:00:00,2026-01-22 18:00:00,2026-01-23 18:00:00,BOG,TR-02,Entregado
ORD-11320,2026-02-27 11:00:00,2026-03-02 14:00:00,2026-03-08 12:00:00,BGA,TR-04,Entregado
ORD-11321,2026-05-19 11:00:00,2026-05-20 22:00:00,2026-05-25 23:00:00,BGA,TR-04,Entregado
ORD-11322,2026-05-23 10:00:00,2026-05-27 14:00:00,2026-05-29 14:00:00,MED,TR-04,Entregado
ORD-11323,2026-05-15 10:00:00,2026-05-19 18:00:00,2026-05-20 17:00:00,BOG,TR-01,Entregado
ORD-11324,2026-01-28 10:00:00,2026-01-29 19:00:00,2026-01-30 17:00:00,BOG,TR-03,Entregado
ORD-11325,2026-01-05 12:00:00,2026-01-06 16:00:00,2026-01-08 18:00:00,BAQ,TR-03,Entregado
ORD-11326,2026-04-04 13:00:00,2026-04-07 18:00:00,2026-04-08 21:00:00,MED,TR-03,Entregado
ORD-11327,2026-04-06 15:00:00,2026-04-07 20:00:00,2026-04-08 22:00:00,BOG,TR-04,Entregado
ORD-11328,2026-03-05 17:00:00,2026-03-07 02:00:00,2026-03-09 05:00:00,CAL,TR-02,Entregado
ORD-11329,2026-02-07 19:00:00,2026-02-11 06:00:00,2026-02-12 07:00:00,MED,TR-04,Entregado
ORD-11330,2026-03-22 15:00:00,2026-03-23 22:00:00,2026-03-27 22:00:00,BAQ,TR-04,Entregado
ORD-11331,2026-04-14 16:00:00,2026-04-16 01:00:00,2026-04-19 00:00:00,BGA,TR-03,Entregado
ORD-11332,2026-03-14 09:00:00,2026-03-18 17:00:00,2026-03-20 17:00:00,BGA,TR-01,Entregado
ORD-11333,2026-06-27 10:00:00,2026-07-01 19:00:00,2026-07-03 22:00:00,BGA,TR-03,Entregado
ORD-11334,2026-02-18 11:00:00,2026-02-19 16:00:00,2026-02-21 12:00:00,CAL,TR-01,Entregado
ORD-11335,2026-05-06 11:00:00,2026-05-07 15:00:00,2026-05-10 19:00:00,BAQ,TR-04,Entregado
ORD-11336,2026-03-19 16:00:00,2026-03-20 22:00:00,2026-03-22 18:00:00,BGA,TR-01,Entregado
ORD-11337,2026-06-18 16:00:00,2026-06-20 02:00:00,2026-06-21 01:00:00,BOG,TR-03,Entregado
ORD-11338,2026-05-02 14:00:00,2026-05-06 20:00:00,2026-05-08 20:00:00,BAQ,TR-01,Entregado
ORD-11339,2026-04-24 17:00:00,2026-04-28 22:00:00,2026-05-02 02:00:00,MED,TR-04,Entregado
ORD-11340,2026-05-29 11:00:00,2026-06-02 21:00:00,2026-06-05 01:00:00,BOG,TR-01,Entregado
ORD-11341,2026-05-20 18:00:00,2026-05-21 23:00:00,2026-05-23 20:00:00,BOG,TR-02,Entregado
ORD-11342,2026-01-02 13:00:00,2026-01-05 17:00:00,2026-01-07 22:00:00,BOG,TR-04,Entregado
ORD-11343,2026-01-13 12:00:00,2026-01-14 16:00:00,2026-01-16 13:00:00,BGA,TR-02,Entregado
ORD-11344,2026-06-09 19:00:00,2026-06-11 02:00:00,2026-06-14 03:00:00,BGA,TR-03,Entregado
ORD-11345,2026-01-11 17:00:00,2026-01-13 00:00:00,,BOG,TR-04,Devuelto
ORD-11346,2026-01-15 08:00:00,2026-01-16 13:00:00,2026-01-18 15:00:00,MED,TR-04,Entregado
ORD-11347,2026-06-17 09:00:00,2026-06-18 20:00:00,2026-06-19 16:00:00,MED,TR-02,Entregado
ORD-11348,2026-06-02 15:00:00,2026-06-03 21:00:00,2026-06-04 23:00:00,MED,TR-01,Entregado
ORD-11349,2026-02-28 19:00:00,2026-03-05 02:00:00,2026-03-06 23:00:00,BOG,TR-04,Entregado
ORD-11350,2026-04-24 13:00:00,2026-04-27 23:00:00,2026-04-29 03:00:00,BOG,TR-01,Entregado
ORD-11351,2026-06-07 11:00:00,2026-06-08 15:00:00,2026-06-09 18:00:00,BOG,TR-02,Entregado
ORD-11352,2026-06-21 10:00:00,2026-06-22 17:00:00,2026-06-25 17:00:00,MED,TR-04,Entregado
ORD-11353,2026-06-23 08:00:00,2026-06-24 12:00:00,2026-06-26 13:00:00,CAL,TR-01,Entregado
ORD-11354,2026-04-30 12:00:00,2026-05-01 20:00:00,2026-05-03 17:00:00,CAL,TR-02,Entregado
ORD-11355,2026-05-02 14:00:00,2026-05-06 19:00:00,2026-05-10 22:00:00,BAQ,TR-01,Entregado
ORD-11356,2026-02-08 08:00:00,2026-02-09 13:00:00,2026-02-10 16:00:00,BOG,TR-03,Entregado
ORD-11357,2026-01-12 16:00:00,2026-01-13 21:00:00,2026-01-15 23:00:00,MED,TR-02,Entregado
ORD-11358,2026-06-24 09:00:00,2026-06-25 16:00:00,2026-06-27 12:00:00,BOG,TR-02,Entregado
ORD-11359,2026-05-29 12:00:00,2026-06-01 16:00:00,2026-06-02 18:00:00,MED,TR-01,Entregado
ORD-11360,2026-05-06 15:00:00,2026-05-07 17:00:00,2026-05-09 20:00:00,MED,TR-02,Entregado
ORD-11361,2026-02-15 15:00:00,2026-02-16 19:00:00,2026-02-17 20:00:00,CAL,TR-03,Entregado
ORD-11362,2026-05-15 14:00:00,2026-05-19 01:00:00,2026-05-25 05:00:00,BGA,TR-04,Entregado
ORD-11363,2026-03-27 13:00:00,2026-03-31 17:00:00,2026-04-01 13:00:00,BGA,TR-01,Entregado
ORD-11364,2026-03-30 13:00:00,2026-03-31 18:00:00,2026-04-01 15:00:00,BOG,TR-02,Entregado
ORD-11365,2026-04-02 09:00:00,2026-04-03 19:00:00,2026-04-05 20:00:00,CAL,TR-01,Entregado
ORD-11366,2026-01-02 12:00:00,2026-01-05 16:00:00,2026-01-06 20:00:00,BOG,TR-03,Entregado
ORD-11367,2026-06-29 18:00:00,2026-06-30 21:00:00,2026-07-02 23:00:00,MED,TR-03,Entregado
ORD-11368,2026-02-19 10:00:00,2026-02-20 17:00:00,2026-02-21 19:00:00,BOG,TR-01,Entregado
ORD-11369,2026-05-31 15:00:00,2026-06-01 20:00:00,2026-06-02 17:00:00,BOG,TR-01,Entregado
ORD-11370,2026-02-13 13:00:00,2026-02-16 21:00:00,2026-02-18 22:00:00,MED,TR-01,Entregado
ORD-11371,2026-06-20 12:00:00,2026-06-23 21:00:00,2026-06-27 01:00:00,BGA,TR-02,Entregado
ORD-11372,2026-04-07 15:00:00,2026-04-08 18:00:00,2026-04-11 15:00:00,CAL,TR-03,Entregado
ORD-11373,2026-01-03 13:00:00,2026-01-06 19:00:00,2026-01-08 21:00:00,MED,TR-04,Entregado
ORD-11374,2026-01-19 14:00:00,2026-01-20 20:00:00,2026-01-22 23:00:00,MED,TR-03,Entregado
ORD-11375,2026-06-06 14:00:00,2026-06-10 20:00:00,2026-06-12 21:00:00,BOG,TR-04,Entregado
ORD-11376,2026-04-18 16:00:00,2026-04-21 20:00:00,2026-04-23 18:00:00,BGA,TR-03,Entregado
ORD-11377,2026-05-08 12:00:00,2026-05-12 23:00:00,2026-05-13 19:00:00,BOG,TR-03,Entregado
ORD-11378,2026-04-21 15:00:00,2026-04-22 22:00:00,2026-04-23 20:00:00,BOG,TR-02,Entregado
ORD-11379,2026-04-16 17:00:00,2026-04-18 00:00:00,2026-04-20 23:00:00,BGA,TR-01,Entregado
ORD-11380,2026-05-24 15:00:00,2026-05-26 00:00:00,2026-05-29 03:00:00,MED,TR-01,Entregado
ORD-11381,2026-05-09 19:00:00,2026-05-13 03:00:00,2026-05-16 06:00:00,CAL,TR-03,Entregado
ORD-11382,2026-01-05 10:00:00,2026-01-06 15:00:00,2026-01-09 16:00:00,CAL,TR-02,Entregado
ORD-11383,2026-05-12 15:00:00,2026-05-14 02:00:00,2026-05-15 07:00:00,BOG,TR-02,Entregado
ORD-11384,2026-03-05 17:00:00,2026-03-07 01:00:00,2026-03-08 21:00:00,CAL,TR-02,Entregado
ORD-11385,2026-04-08 18:00:00,2026-04-10 03:00:00,2026-04-11 02:00:00,BOG,TR-04,Entregado
ORD-11386,2026-01-10 12:00:00,2026-01-14 19:00:00,2026-01-17 19:00:00,BGA,TR-03,Entregado
ORD-11387,2026-05-08 14:00:00,2026-05-11 23:00:00,2026-05-14 00:00:00,BOG,TR-01,Entregado
ORD-11388,2026-06-04 09:00:00,2026-06-05 19:00:00,2026-06-06 19:00:00,BOG,TR-04,Entregado
ORD-11389,2026-06-18 16:00:00,2026-06-20 01:00:00,2026-06-21 21:00:00,MED,TR-02,Entregado
ORD-11390,2026-06-13 13:00:00,2026-06-17 17:00:00,2026-06-19 18:00:00,BGA,TR-03,Entregado
ORD-11391,2026-03-31 17:00:00,2026-04-01 19:00:00,2026-04-04 23:00:00,CAL,TR-04,Entregado
ORD-11392,2026-02-23 19:00:00,2026-02-25 05:00:00,2026-02-28 06:00:00,BGA,TR-02,Entregado
ORD-11393,2026-01-14 16:00:00,2026-01-15 20:00:00,2026-01-16 22:00:00,BOG,TR-02,Entregado
ORD-11394,2026-06-11 12:00:00,2026-06-12 16:00:00,2026-06-13 20:00:00,BOG,TR-02,Entregado
ORD-11395,2026-05-01 11:00:00,2026-05-04 16:00:00,2026-05-05 20:00:00,BOG,TR-01,Entregado
ORD-11396,2026-03-16 10:00:00,2026-03-17 20:00:00,2026-03-20 01:00:00,BOG,TR-01,Entregado
ORD-11397,2026-03-11 15:00:00,2026-03-12 20:00:00,2026-03-14 01:00:00,BOG,TR-01,Entregado
ORD-11398,2026-04-11 17:00:00,2026-04-15 04:00:00,2026-04-18 09:00:00,MED,TR-03,Entregado
ORD-11399,2026-05-12 11:00:00,2026-05-13 16:00:00,2026-05-15 17:00:00,MED,TR-03,Entregado
ORD-11400,2026-01-20 17:00:00,2026-01-22 04:00:00,,MED,TR-01,Devuelto
ORD-11401,2026-01-24 13:00:00,2026-01-28 15:00:00,2026-01-30 15:00:00,MED,TR-02,Entregado
ORD-11402,2026-06-03 12:00:00,2026-06-04 19:00:00,2026-06-07 15:00:00,MED,TR-04,Entregado
ORD-11403,2026-02-23 15:00:00,2026-02-25 00:00:00,2026-02-26 22:00:00,CAL,TR-02,Entregado
ORD-11404,2026-04-13 12:00:00,2026-04-14 16:00:00,2026-04-15 15:00:00,BOG,TR-03,Entregado
ORD-11405,2026-02-07 11:00:00,2026-02-11 16:00:00,2026-02-12 15:00:00,BOG,TR-03,Entregado
ORD-11406,2026-02-26 11:00:00,2026-02-27 13:00:00,2026-03-04 13:00:00,BGA,TR-04,Entregado
ORD-11407,2026-01-17 14:00:00,2026-01-20 16:00:00,2026-01-22 17:00:00,CAL,TR-02,Entregado
ORD-11408,2026-03-12 11:00:00,2026-03-13 15:00:00,2026-03-18 20:00:00,BGA,TR-04,Entregado
ORD-11409,2026-01-14 10:00:00,2026-01-15 13:00:00,2026-01-16 10:00:00,CAL,TR-01,Entregado
ORD-11410,2026-03-21 17:00:00,2026-03-26 01:00:00,2026-03-27 05:00:00,MED,TR-01,Entregado
ORD-11411,2026-02-24 11:00:00,2026-02-25 18:00:00,2026-02-26 20:00:00,MED,TR-03,Entregado
ORD-11412,2026-05-12 15:00:00,2026-05-14 01:00:00,2026-05-14 23:00:00,CAL,TR-04,Entregado
ORD-11413,2026-01-24 09:00:00,2026-01-27 12:00:00,2026-01-28 13:00:00,BOG,TR-04,Entregado
ORD-11414,2026-06-07 09:00:00,2026-06-08 18:00:00,2026-06-10 18:00:00,CAL,TR-02,Entregado
ORD-11415,2026-05-27 19:00:00,2026-05-29 01:00:00,2026-05-30 22:00:00,BOG,TR-03,Entregado
ORD-11416,2026-03-01 10:00:00,2026-03-02 15:00:00,2026-03-03 18:00:00,BOG,TR-04,Entregado
ORD-11417,2026-02-18 10:00:00,2026-02-19 13:00:00,2026-02-20 12:00:00,BOG,TR-01,Entregado
ORD-11418,2026-05-30 15:00:00,2026-06-03 22:00:00,2026-06-04 21:00:00,BOG,TR-01,Entregado
ORD-11419,2026-04-19 19:00:00,2026-04-21 00:00:00,2026-04-22 23:00:00,MED,TR-02,Entregado
ORD-11420,2026-01-30 17:00:00,2026-02-03 23:00:00,2026-02-05 21:00:00,BAQ,TR-03,Entregado
ORD-11421,2026-04-27 11:00:00,2026-04-28 20:00:00,2026-04-29 20:00:00,BGA,TR-01,Entregado
ORD-11422,2026-01-19 11:00:00,2026-01-20 19:00:00,2026-01-22 20:00:00,CAL,TR-04,Entregado
ORD-11423,2026-04-04 14:00:00,2026-04-08 17:00:00,2026-04-09 20:00:00,BOG,TR-04,Entregado
ORD-11424,2026-04-23 14:00:00,2026-04-24 19:00:00,2026-04-25 21:00:00,BOG,TR-01,Entregado
ORD-11425,2026-05-26 11:00:00,2026-05-27 16:00:00,2026-05-28 20:00:00,BOG,TR-01,Entregado
ORD-11426,2026-04-23 18:00:00,2026-04-24 21:00:00,2026-04-27 20:00:00,MED,TR-01,Entregado
ORD-11427,2026-02-16 18:00:00,2026-02-18 01:00:00,2026-02-19 05:00:00,MED,TR-02,Entregado
ORD-11428,2026-02-26 19:00:00,2026-02-28 00:00:00,2026-03-02 23:00:00,BGA,TR-02,Entregado
ORD-11429,2026-04-28 08:00:00,2026-04-29 14:00:00,2026-05-01 10:00:00,BGA,TR-03,Entregado
ORD-11430,2026-05-25 13:00:00,2026-05-27 00:00:00,2026-05-28 20:00:00,CAL,TR-01,Entregado
ORD-11431,2026-01-04 11:00:00,2026-01-05 19:00:00,2026-01-06 17:00:00,BOG,TR-04,Entregado
ORD-11432,2026-02-16 18:00:00,2026-02-17 21:00:00,2026-02-18 23:00:00,BOG,TR-02,Entregado
ORD-11433,2026-05-23 13:00:00,2026-05-26 16:00:00,2026-05-27 12:00:00,MED,TR-04,Entregado
ORD-11434,2026-02-16 19:00:00,2026-02-18 04:00:00,2026-02-20 09:00:00,CAL,TR-02,Entregado
ORD-11435,2026-03-16 14:00:00,2026-03-17 21:00:00,2026-03-20 17:00:00,BGA,TR-03,Entregado
ORD-11436,2026-05-17 17:00:00,2026-05-19 03:00:00,2026-05-21 06:00:00,BOG,TR-02,Entregado
ORD-11437,2026-05-24 12:00:00,2026-05-25 20:00:00,2026-05-26 20:00:00,CAL,TR-03,Entregado
ORD-11438,2026-03-02 17:00:00,2026-03-03 22:00:00,2026-03-05 01:00:00,BGA,TR-03,Entregado
ORD-11439,2026-02-19 10:00:00,2026-02-20 17:00:00,2026-02-21 17:00:00,MED,TR-04,Entregado
ORD-11440,2026-04-17 08:00:00,2026-04-20 18:00:00,2026-04-22 18:00:00,MED,TR-01,Entregado
ORD-11441,2026-04-04 13:00:00,2026-04-07 18:00:00,2026-04-08 15:00:00,BOG,TR-04,Entregado
ORD-11442,2026-03-22 18:00:00,2026-03-24 00:00:00,2026-03-24 22:00:00,MED,TR-04,Entregado
ORD-11443,2026-04-19 10:00:00,2026-04-20 14:00:00,2026-04-23 17:00:00,MED,TR-03,Entregado
ORD-11444,2026-05-27 17:00:00,2026-05-29 01:00:00,2026-05-30 06:00:00,BOG,TR-03,Entregado
ORD-11445,2026-02-04 17:00:00,2026-02-05 19:00:00,2026-02-07 19:00:00,BOG,TR-04,Entregado
ORD-11446,2026-03-10 12:00:00,2026-03-11 14:00:00,2026-03-12 12:00:00,BOG,TR-03,Entregado
ORD-11447,2026-02-18 12:00:00,2026-02-19 15:00:00,2026-02-21 15:00:00,CAL,TR-01,Entregado
ORD-11448,2026-03-15 12:00:00,2026-03-16 23:00:00,2026-03-17 20:00:00,BOG,TR-03,Entregado
ORD-11449,2026-04-10 13:00:00,2026-04-13 21:00:00,2026-04-16 01:00:00,CAL,TR-02,Entregado
ORD-11450,2026-03-31 11:00:00,2026-04-01 20:00:00,2026-04-09 01:00:00,BGA,TR-04,Entregado
ORD-11451,2026-05-06 14:00:00,2026-05-08 01:00:00,2026-05-09 23:00:00,BOG,TR-03,Entregado
ORD-11452,2026-02-08 09:00:00,2026-02-09 20:00:00,2026-02-11 01:00:00,MED,TR-03,Entregado
ORD-11453,2026-06-12 08:00:00,2026-06-16 13:00:00,2026-06-17 10:00:00,MED,TR-02,Entregado
ORD-11454,2026-01-24 16:00:00,2026-01-27 18:00:00,2026-01-30 19:00:00,MED,TR-03,Entregado
ORD-11455,2026-04-10 13:00:00,2026-04-13 19:00:00,2026-04-15 17:00:00,CAL,TR-03,Entregado
ORD-11456,2026-02-10 13:00:00,2026-02-11 17:00:00,2026-02-12 19:00:00,BGA,TR-03,Entregado
ORD-11457,2026-06-23 19:00:00,2026-06-24 22:00:00,2026-06-28 02:00:00,BAQ,TR-04,Entregado
ORD-11458,2026-04-18 19:00:00,2026-04-22 21:00:00,2026-04-24 19:00:00,MED,TR-04,Entregado
ORD-11459,2026-02-26 11:00:00,2026-02-27 14:00:00,2026-02-28 10:00:00,BGA,TR-01,Entregado
ORD-11460,2026-06-01 16:00:00,2026-06-02 23:00:00,2026-06-05 01:00:00,BOG,TR-03,Entregado
ORD-11461,2026-02-05 12:00:00,2026-02-06 16:00:00,2026-02-08 18:00:00,BOG,TR-02,Entregado
ORD-11462,2026-06-07 15:00:00,2026-06-08 21:00:00,2026-06-09 20:00:00,BOG,TR-03,Entregado
ORD-11463,2026-04-18 17:00:00,2026-04-23 02:00:00,2026-04-26 00:00:00,MED,TR-03,Entregado
ORD-11464,2026-06-07 13:00:00,2026-06-08 21:00:00,2026-06-10 20:00:00,MED,TR-02,Entregado
ORD-11465,2026-05-15 10:00:00,2026-05-18 12:00:00,2026-05-19 13:00:00,BOG,TR-02,Entregado
ORD-11466,2026-01-14 15:00:00,2026-01-15 23:00:00,2026-01-17 03:00:00,MED,TR-03,Entregado
ORD-11467,2026-05-18 13:00:00,2026-05-19 15:00:00,2026-05-21 20:00:00,BOG,TR-03,Entregado
ORD-11468,2026-04-16 16:00:00,2026-04-17 18:00:00,2026-04-20 18:00:00,MED,TR-01,Entregado
ORD-11469,2026-03-11 19:00:00,2026-03-13 03:00:00,2026-03-15 06:00:00,MED,TR-01,Entregado
ORD-11470,2026-03-14 11:00:00,2026-03-17 14:00:00,2026-03-20 18:00:00,BAQ,TR-02,Entregado
ORD-11471,2026-04-17 11:00:00,2026-04-20 19:00:00,2026-04-21 18:00:00,BOG,TR-02,Entregado
ORD-11472,2026-03-23 17:00:00,2026-03-24 22:00:00,2026-03-25 23:00:00,MED,TR-01,Entregado
ORD-11473,2026-04-17 16:00:00,2026-04-21 19:00:00,2026-04-23 18:00:00,BAQ,TR-01,Entregado
ORD-11474,2026-01-21 11:00:00,2026-01-22 21:00:00,2026-01-26 19:00:00,BAQ,TR-01,Entregado
ORD-11475,2026-06-27 08:00:00,2026-06-30 19:00:00,2026-07-01 15:00:00,CAL,TR-03,Entregado
ORD-11476,2026-01-07 13:00:00,2026-01-08 23:00:00,2026-01-10 20:00:00,CAL,TR-04,Entregado
ORD-11477,2026-05-07 09:00:00,2026-05-08 16:00:00,2026-05-09 19:00:00,BOG,TR-01,Entregado
ORD-11478,2026-06-09 15:00:00,2026-06-10 22:00:00,2026-06-12 18:00:00,BOG,TR-02,Entregado
ORD-11479,2026-05-28 15:00:00,2026-05-29 21:00:00,2026-05-30 17:00:00,BOG,TR-02,Entregado
ORD-11480,2026-05-23 14:00:00,2026-05-27 20:00:00,2026-05-28 19:00:00,MED,TR-02,Entregado
ORD-11481,2026-05-29 17:00:00,2026-06-03 02:00:00,2026-06-04 01:00:00,BOG,TR-03,Entregado
ORD-11482,2026-06-03 19:00:00,2026-06-05 05:00:00,2026-06-07 10:00:00,MED,TR-03,Entregado
ORD-11483,2026-04-30 16:00:00,2026-05-01 18:00:00,2026-05-08 17:00:00,BGA,TR-04,Entregado
ORD-11484,2026-06-14 17:00:00,2026-06-15 22:00:00,2026-06-18 03:00:00,BGA,TR-01,Entregado
ORD-11485,2026-01-21 09:00:00,2026-01-22 12:00:00,2026-01-23 09:00:00,BOG,TR-02,Entregado
ORD-11486,2026-03-10 10:00:00,2026-03-11 21:00:00,2026-03-14 02:00:00,BOG,TR-03,Entregado
ORD-11487,2026-03-28 17:00:00,2026-04-02 01:00:00,2026-04-04 04:00:00,BOG,TR-02,Entregado
ORD-11488,2026-06-14 15:00:00,2026-06-15 18:00:00,2026-06-16 18:00:00,BOG,TR-02,Entregado
ORD-11489,2026-02-18 10:00:00,2026-02-19 17:00:00,2026-02-21 16:00:00,BGA,TR-02,Entregado
ORD-11490,2026-04-25 16:00:00,2026-04-29 03:00:00,2026-04-29 23:00:00,BOG,TR-04,Entregado
ORD-11491,2026-03-26 19:00:00,2026-03-28 00:00:00,2026-03-30 02:00:00,MED,TR-03,Entregado
ORD-11492,2026-06-18 08:00:00,2026-06-19 10:00:00,2026-06-22 15:00:00,CAL,TR-02,Entregado
ORD-11493,2026-06-27 12:00:00,2026-07-01 16:00:00,2026-07-03 20:00:00,BGA,TR-01,Entregado
ORD-11494,2026-05-07 17:00:00,2026-05-08 19:00:00,2026-05-10 21:00:00,CAL,TR-04,Entregado
ORD-11495,2026-03-12 13:00:00,2026-03-13 22:00:00,2026-03-15 00:00:00,BOG,TR-03,Entregado
ORD-11496,2026-02-02 08:00:00,2026-02-03 12:00:00,2026-02-05 12:00:00,CAL,TR-02,Entregado
ORD-11497,2026-06-01 09:00:00,2026-06-02 17:00:00,2026-06-03 22:00:00,BOG,TR-04,Entregado
ORD-11498,2026-01-28 17:00:00,2026-01-29 23:00:00,2026-02-01 21:00:00,MED,TR-03,Entregado
ORD-11499,2026-02-12 16:00:00,2026-02-13 21:00:00,2026-02-16 18:00:00,BAQ,TR-01,Entregado
ORD-11500,2026-06-16 13:00:00,2026-06-17 16:00:00,2026-06-20 15:00:00,CAL,TR-04,Entregado
ORD-11501,2026-06-26 08:00:00,2026-06-30 15:00:00,2026-07-02 12:00:00,BOG,TR-03,Entregado
ORD-11502,2026-04-08 13:00:00,2026-04-09 18:00:00,2026-04-11 22:00:00,BGA,TR-03,Entregado
ORD-11503,2026-04-08 08:00:00,2026-04-09 15:00:00,2026-04-11 17:00:00,BAQ,TR-02,Entregado
ORD-11504,2026-03-15 12:00:00,2026-03-16 20:00:00,2026-03-18 23:00:00,CAL,TR-02,Entregado
ORD-11505,2026-01-05 09:00:00,2026-01-06 16:00:00,2026-01-08 17:00:00,MED,TR-02,Entregado
ORD-11506,2026-01-22 16:00:00,2026-01-23 23:00:00,2026-01-25 04:00:00,BOG,TR-03,Entregado
ORD-11507,2026-03-07 17:00:00,2026-03-10 20:00:00,2026-03-12 22:00:00,BOG,TR-04,Entregado
ORD-11508,2026-04-08 10:00:00,2026-04-09 13:00:00,,CAL,TR-03,Devuelto
ORD-11509,2026-05-05 14:00:00,2026-05-06 19:00:00,2026-05-11 00:00:00,BAQ,TR-03,Entregado
ORD-11510,2026-03-27 19:00:00,2026-03-31 21:00:00,2026-04-02 22:00:00,MED,TR-02,Entregado
ORD-11511,2026-03-29 15:00:00,2026-03-31 02:00:00,2026-04-02 04:00:00,MED,TR-03,Entregado
ORD-11512,2026-02-07 19:00:00,2026-02-12 03:00:00,2026-02-16 07:00:00,BAQ,TR-03,Entregado
ORD-11513,2026-02-28 17:00:00,2026-03-04 04:00:00,2026-03-05 06:00:00,BOG,TR-03,Entregado
ORD-11514,2026-04-09 10:00:00,2026-04-10 16:00:00,2026-04-13 19:00:00,BGA,TR-01,Entregado
ORD-11515,2026-03-04 08:00:00,2026-03-05 10:00:00,2026-03-08 11:00:00,MED,TR-02,Entregado
ORD-11516,2026-02-01 14:00:00,2026-02-02 17:00:00,2026-02-05 18:00:00,BGA,TR-03,Entregado
ORD-11517,2026-01-21 11:00:00,2026-01-22 18:00:00,2026-01-23 16:00:00,MED,TR-04,Entregado
ORD-11518,2026-06-03 11:00:00,2026-06-04 18:00:00,2026-06-06 20:00:00,CAL,TR-03,Entregado
ORD-11519,2026-04-20 11:00:00,2026-04-21 18:00:00,2026-04-23 17:00:00,MED,TR-03,Entregado
ORD-11520,2026-05-23 15:00:00,2026-05-28 02:00:00,2026-05-31 02:00:00,MED,TR-02,Entregado
ORD-11521,2026-03-20 13:00:00,2026-03-23 22:00:00,2026-03-24 23:00:00,BOG,TR-03,Entregado
ORD-11522,2026-04-26 19:00:00,2026-04-28 00:00:00,2026-04-29 23:00:00,MED,TR-02,Entregado
ORD-11523,2026-01-14 18:00:00,2026-01-16 02:00:00,2026-01-24 06:00:00,BGA,TR-04,Entregado
ORD-11524,2026-05-05 16:00:00,2026-05-06 20:00:00,,BOG,TR-04,Perdido
ORD-11525,2026-06-17 17:00:00,2026-06-19 01:00:00,2026-06-21 01:00:00,MED,TR-04,Entregado
ORD-11526,2026-01-28 17:00:00,2026-01-29 20:00:00,2026-02-01 22:00:00,CAL,TR-01,Entregado
ORD-11527,2026-04-23 09:00:00,2026-04-24 15:00:00,2026-04-26 15:00:00,MED,TR-02,Entregado
ORD-11528,2026-06-02 15:00:00,2026-06-03 21:00:00,2026-06-05 00:00:00,BOG,TR-04,Entregado
ORD-11529,2026-05-11 15:00:00,2026-05-12 18:00:00,2026-05-15 14:00:00,MED,TR-02,Entregado
ORD-11530,2026-02-13 08:00:00,2026-02-17 13:00:00,2026-02-18 15:00:00,BOG,TR-04,Entregado
ORD-11531,2026-02-11 11:00:00,2026-02-12 13:00:00,2026-02-17 15:00:00,BGA,TR-04,Entregado
ORD-11532,2026-01-06 14:00:00,2026-01-07 17:00:00,2026-01-11 20:00:00,BAQ,TR-04,Entregado
ORD-11533,2026-06-29 14:00:00,2026-06-30 20:00:00,2026-07-01 16:00:00,BOG,TR-03,Entregado
ORD-11534,2026-03-30 18:00:00,2026-03-31 22:00:00,2026-04-01 21:00:00,BOG,TR-04,Entregado
ORD-11535,2026-06-27 18:00:00,2026-07-02 05:00:00,2026-07-04 04:00:00,BOG,TR-04,Entregado
ORD-11536,2026-05-27 12:00:00,2026-05-28 17:00:00,2026-05-29 17:00:00,BOG,TR-03,Entregado
ORD-11537,2026-02-20 18:00:00,2026-02-25 05:00:00,2026-02-28 05:00:00,BAQ,TR-01,Entregado
ORD-11538,2026-01-12 17:00:00,2026-01-14 01:00:00,2026-01-15 01:00:00,BOG,TR-04,Entregado
ORD-11539,2026-01-08 15:00:00,2026-01-09 21:00:00,2026-01-12 23:00:00,BAQ,TR-01,Entregado
ORD-11540,2026-02-10 11:00:00,2026-02-11 14:00:00,2026-02-12 11:00:00,BOG,TR-02,Entregado
ORD-11541,2026-03-26 15:00:00,2026-03-27 17:00:00,2026-03-30 22:00:00,MED,TR-01,Entregado
ORD-11542,2026-02-24 16:00:00,2026-02-26 00:00:00,2026-02-27 03:00:00,BOG,TR-02,Entregado
ORD-11543,2026-02-16 15:00:00,2026-02-17 17:00:00,2026-02-18 18:00:00,BOG,TR-03,Entregado
ORD-11544,2026-02-11 19:00:00,2026-02-12 22:00:00,2026-02-13 18:00:00,MED,TR-04,Entregado
ORD-11545,2026-01-12 09:00:00,2026-01-13 11:00:00,2026-01-15 09:00:00,MED,TR-02,Entregado
ORD-11546,2026-01-07 10:00:00,2026-01-08 13:00:00,2026-01-11 13:00:00,BAQ,TR-02,Entregado
ORD-11547,2026-04-19 10:00:00,2026-04-20 15:00:00,2026-04-21 17:00:00,CAL,TR-02,Entregado
ORD-11548,2026-01-27 09:00:00,2026-01-28 12:00:00,2026-01-29 17:00:00,BOG,TR-01,Entregado
ORD-11549,2026-04-17 15:00:00,2026-04-22 00:00:00,2026-04-22 22:00:00,BOG,TR-04,Entregado
ORD-11550,2026-06-10 19:00:00,2026-06-11 22:00:00,2026-06-14 02:00:00,CAL,TR-04,Entregado
ORD-11551,2026-05-09 14:00:00,2026-05-13 17:00:00,2026-05-15 18:00:00,MED,TR-04,Entregado
ORD-11552,2026-01-08 12:00:00,2026-01-09 20:00:00,2026-01-11 23:00:00,CAL,TR-03,Entregado
ORD-11553,2026-06-09 19:00:00,2026-06-10 22:00:00,2026-06-12 22:00:00,MED,TR-01,Entregado
ORD-11554,2026-06-25 18:00:00,2026-06-27 01:00:00,2026-06-27 23:00:00,MED,TR-04,Entregado
ORD-11555,2026-04-11 11:00:00,2026-04-14 14:00:00,2026-04-16 14:00:00,BGA,TR-01,Entregado
ORD-11556,2026-04-20 13:00:00,2026-04-22 00:00:00,2026-04-24 03:00:00,BOG,TR-03,Entregado
ORD-11557,2026-01-19 16:00:00,2026-01-20 22:00:00,2026-01-26 22:00:00,BAQ,TR-02,Entregado
ORD-11558,2026-01-12 18:00:00,2026-01-13 21:00:00,2026-01-18 23:00:00,BAQ,TR-02,Entregado
ORD-11559,2026-02-15 14:00:00,2026-02-16 19:00:00,2026-02-17 18:00:00,BOG,TR-01,Entregado
ORD-11560,2026-01-16 08:00:00,2026-01-20 10:00:00,2026-01-23 07:00:00,MED,TR-02,Entregado
ORD-11561,2026-03-04 14:00:00,2026-03-05 17:00:00,2026-03-06 21:00:00,BOG,TR-03,Entregado
ORD-11562,2026-01-21 09:00:00,2026-01-22 17:00:00,2026-01-23 15:00:00,MED,TR-02,Entregado
ORD-11563,2026-01-04 19:00:00,2026-01-06 05:00:00,2026-01-11 01:00:00,BGA,TR-04,Entregado
ORD-11564,2026-04-12 17:00:00,2026-04-14 01:00:00,2026-04-17 01:00:00,BAQ,TR-02,Entregado
ORD-11565,2026-02-28 14:00:00,2026-03-04 23:00:00,2026-03-07 04:00:00,BOG,TR-04,Entregado
ORD-11566,2026-05-08 18:00:00,2026-05-12 03:00:00,,MED,TR-04,Devuelto
ORD-11567,2026-03-10 16:00:00,2026-03-11 20:00:00,2026-03-12 22:00:00,BOG,TR-04,Entregado
ORD-11568,2026-05-11 08:00:00,2026-05-12 15:00:00,2026-05-14 17:00:00,MED,TR-01,Entregado
ORD-11569,2026-01-25 11:00:00,2026-01-26 14:00:00,2026-01-27 12:00:00,BOG,TR-01,Entregado
ORD-11570,2026-06-11 17:00:00,2026-06-13 00:00:00,2026-06-15 00:00:00,BOG,TR-04,Entregado
ORD-11571,2026-05-06 12:00:00,2026-05-07 16:00:00,2026-05-08 17:00:00,BOG,TR-04,Entregado
ORD-11572,2026-01-09 11:00:00,2026-01-13 15:00:00,2026-01-14 15:00:00,CAL,TR-02,Entregado
ORD-11573,2026-06-27 13:00:00,2026-06-30 16:00:00,2026-07-02 20:00:00,MED,TR-04,Entregado
ORD-11574,2026-03-01 19:00:00,2026-03-03 05:00:00,2026-03-08 03:00:00,BGA,TR-04,Entregado
ORD-11575,2026-05-01 18:00:00,2026-05-04 21:00:00,2026-05-08 02:00:00,BAQ,TR-04,Entregado
ORD-11576,2026-06-24 19:00:00,2026-06-26 03:00:00,2026-06-30 05:00:00,BAQ,TR-01,Entregado
ORD-11577,2026-04-18 16:00:00,2026-04-22 20:00:00,2026-04-23 23:00:00,BOG,TR-02,Entregado
ORD-11578,2026-05-11 19:00:00,2026-05-13 06:00:00,2026-05-14 06:00:00,CAL,TR-01,Entregado
ORD-11579,2026-01-30 17:00:00,2026-02-04 01:00:00,2026-02-05 21:00:00,CAL,TR-01,Entregado
ORD-11580,2026-01-21 19:00:00,2026-01-23 05:00:00,2026-01-25 07:00:00,CAL,TR-02,Entregado
ORD-11581,2026-06-10 12:00:00,2026-06-11 17:00:00,2026-06-14 21:00:00,CAL,TR-01,Entregado
ORD-11582,2026-06-12 11:00:00,2026-06-16 21:00:00,2026-06-17 17:00:00,MED,TR-03,Entregado
ORD-11583,2026-02-03 16:00:00,2026-02-04 22:00:00,2026-02-13 02:00:00,BGA,TR-04,Entregado
ORD-11584,2026-02-20 09:00:00,2026-02-24 18:00:00,2026-02-25 18:00:00,BOG,TR-01,Entregado
ORD-11585,2026-02-27 18:00:00,2026-03-02 23:00:00,2026-03-05 01:00:00,MED,TR-02,Entregado
ORD-11586,2026-01-23 13:00:00,2026-01-26 18:00:00,2026-01-27 20:00:00,MED,TR-01,Entregado
ORD-11587,2026-01-17 12:00:00,2026-01-20 15:00:00,2026-01-23 17:00:00,CAL,TR-01,Entregado
ORD-11588,2026-04-18 18:00:00,2026-04-22 05:00:00,2026-04-23 01:00:00,BOG,TR-01,Entregado
ORD-11589,2026-04-04 18:00:00,2026-04-07 21:00:00,2026-04-10 23:00:00,MED,TR-01,Entregado
ORD-11590,2026-06-12 08:00:00,2026-06-16 11:00:00,2026-06-18 15:00:00,MED,TR-03,Entregado
ORD-11591,2026-05-05 09:00:00,2026-05-06 11:00:00,2026-05-09 15:00:00,BGA,TR-01,Entregado
ORD-11592,2026-03-07 10:00:00,2026-03-10 21:00:00,2026-03-13 02:00:00,MED,TR-04,Entregado
ORD-11593,2026-06-17 15:00:00,2026-06-18 22:00:00,2026-06-21 21:00:00,BAQ,TR-04,Entregado
ORD-11594,2026-06-05 14:00:00,2026-06-09 01:00:00,2026-06-10 05:00:00,BOG,TR-03,Entregado
ORD-11595,2026-05-28 19:00:00,2026-05-30 05:00:00,2026-05-31 08:00:00,BOG,TR-04,Entregado
ORD-11596,2026-01-01 15:00:00,2026-01-02 17:00:00,2026-01-06 18:00:00,BAQ,TR-03,Entregado
ORD-11597,2026-03-28 10:00:00,2026-04-01 12:00:00,2026-04-03 10:00:00,CAL,TR-01,Entregado
ORD-11598,2026-01-04 17:00:00,2026-01-06 01:00:00,2026-01-08 04:00:00,BGA,TR-02,Entregado
ORD-11599,2026-06-02 13:00:00,2026-06-04 00:00:00,2026-06-05 00:00:00,MED,TR-02,Entregado
ORD-11600,2026-05-23 12:00:00,2026-05-26 18:00:00,2026-05-28 14:00:00,BOG,TR-01,Entregado
ORD-11601,2026-02-26 12:00:00,2026-02-27 18:00:00,2026-02-28 20:00:00,BOG,TR-01,Entregado
ORD-11602,2026-02-15 11:00:00,2026-02-16 17:00:00,2026-02-17 14:00:00,BOG,TR-03,Entregado
ORD-11603,2026-05-22 11:00:00,2026-05-25 21:00:00,2026-05-26 21:00:00,MED,TR-03,Entregado
ORD-11604,2026-05-25 14:00:00,2026-05-26 19:00:00,2026-05-27 17:00:00,BOG,TR-03,Entregado
ORD-11605,2026-05-17 10:00:00,2026-05-18 20:00:00,2026-05-20 20:00:00,MED,TR-02,Entregado
ORD-11606,2026-03-18 09:00:00,2026-03-19 16:00:00,,CAL,TR-04,Perdido
ORD-11607,2026-04-25 08:00:00,2026-04-29 18:00:00,2026-05-05 15:00:00,BGA,TR-04,Entregado
ORD-11608,2026-05-14 18:00:00,2026-05-16 04:00:00,2026-05-17 08:00:00,BGA,TR-03,Entregado
ORD-11609,2026-05-31 18:00:00,2026-06-02 04:00:00,2026-06-04 06:00:00,BGA,TR-01,Entregado
ORD-11610,2026-04-01 09:00:00,2026-04-02 14:00:00,2026-04-04 10:00:00,CAL,TR-01,Entregado
ORD-11611,2026-04-30 13:00:00,2026-05-01 17:00:00,2026-05-03 22:00:00,BOG,TR-04,Entregado
ORD-11612,2026-05-22 11:00:00,2026-05-25 16:00:00,2026-05-26 13:00:00,BOG,TR-01,Entregado
ORD-11613,2026-03-13 10:00:00,2026-03-16 12:00:00,2026-03-18 09:00:00,BAQ,TR-04,Entregado
ORD-11614,2026-05-27 18:00:00,2026-05-29 05:00:00,2026-05-31 09:00:00,BOG,TR-04,Entregado
ORD-11615,2026-03-25 08:00:00,2026-03-26 19:00:00,2026-03-28 22:00:00,BOG,TR-04,Entregado
ORD-11616,2026-01-25 15:00:00,2026-01-27 02:00:00,2026-01-30 04:00:00,BAQ,TR-03,Entregado
ORD-11617,2026-03-29 17:00:00,2026-03-31 01:00:00,2026-04-01 05:00:00,BOG,TR-01,Entregado
ORD-11618,2026-04-12 14:00:00,2026-04-13 19:00:00,2026-04-14 21:00:00,CAL,TR-04,Entregado
ORD-11619,2026-05-30 16:00:00,2026-06-02 19:00:00,2026-06-07 21:00:00,BGA,TR-04,Entregado
ORD-11620,2026-03-24 10:00:00,2026-03-25 16:00:00,2026-03-27 18:00:00,BOG,TR-02,Entregado
ORD-11621,2026-05-11 17:00:00,2026-05-12 21:00:00,2026-05-15 02:00:00,BOG,TR-04,Entregado
ORD-11622,2026-01-19 16:00:00,2026-01-21 00:00:00,2026-01-23 23:00:00,BGA,TR-03,Entregado
ORD-11623,2026-01-28 11:00:00,2026-01-29 15:00:00,2026-01-31 19:00:00,CAL,TR-01,Entregado
ORD-11624,2026-06-22 14:00:00,2026-06-23 19:00:00,2026-06-27 23:00:00,BAQ,TR-03,Entregado
ORD-11625,2026-03-04 16:00:00,2026-03-06 00:00:00,2026-03-08 05:00:00,BGA,TR-02,Entregado
ORD-11626,2026-05-04 14:00:00,2026-05-05 17:00:00,2026-05-06 16:00:00,BOG,TR-03,Entregado
ORD-11627,2026-05-01 19:00:00,2026-05-05 04:00:00,2026-05-07 01:00:00,BOG,TR-04,Entregado
ORD-11628,2026-01-19 11:00:00,2026-01-20 17:00:00,2026-01-25 17:00:00,BGA,TR-04,Entregado
ORD-11629,2026-05-22 15:00:00,2026-05-26 19:00:00,2026-05-30 18:00:00,BAQ,TR-01,Entregado
ORD-11630,2026-06-15 12:00:00,2026-06-16 19:00:00,,MED,TR-04,Perdido
ORD-11631,2026-03-02 11:00:00,2026-03-03 19:00:00,2026-03-05 23:00:00,MED,TR-03,Entregado
ORD-11632,2026-06-17 08:00:00,2026-06-18 13:00:00,2026-06-19 10:00:00,BOG,TR-01,Entregado
ORD-11633,2026-01-30 16:00:00,2026-02-02 18:00:00,2026-02-04 17:00:00,CAL,TR-04,Entregado
ORD-11634,2026-03-05 08:00:00,2026-03-06 13:00:00,2026-03-09 12:00:00,BGA,TR-02,Entregado
ORD-11635,2026-04-30 11:00:00,2026-05-01 13:00:00,2026-05-03 16:00:00,CAL,TR-03,Entregado
ORD-11636,2026-03-30 18:00:00,2026-03-31 21:00:00,2026-04-01 19:00:00,BOG,TR-04,Entregado
ORD-11637,2026-02-22 10:00:00,2026-02-23 14:00:00,2026-02-24 12:00:00,BOG,TR-03,Entregado
ORD-11638,2026-03-19 16:00:00,2026-03-20 20:00:00,2026-03-23 23:00:00,MED,TR-02,Entregado
ORD-11639,2026-03-09 19:00:00,2026-03-11 06:00:00,2026-03-12 08:00:00,BOG,TR-03,Entregado
ORD-11640,2026-01-08 09:00:00,2026-01-09 17:00:00,2026-01-11 16:00:00,MED,TR-02,Entregado
ORD-11641,2026-04-15 13:00:00,2026-04-16 17:00:00,2026-04-19 18:00:00,BAQ,TR-01,Entregado
ORD-11642,2026-06-18 15:00:00,2026-06-19 17:00:00,2026-06-22 17:00:00,BAQ,TR-02,Entregado
ORD-11643,2026-05-07 14:00:00,2026-05-08 19:00:00,2026-05-09 21:00:00,BOG,TR-03,Entregado
ORD-11644,2026-01-16 08:00:00,2026-01-20 13:00:00,2026-01-22 10:00:00,MED,TR-01,Entregado
ORD-11645,2026-06-25 19:00:00,2026-06-27 06:00:00,2026-06-28 11:00:00,BGA,TR-02,Entregado
ORD-11646,2026-02-04 18:00:00,2026-02-06 03:00:00,2026-02-07 03:00:00,BOG,TR-02,Entregado
ORD-11647,2026-03-05 09:00:00,2026-03-06 17:00:00,2026-03-07 20:00:00,BOG,TR-04,Entregado
ORD-11648,2026-05-29 12:00:00,2026-06-02 18:00:00,2026-06-03 15:00:00,BOG,TR-03,Entregado
ORD-11649,2026-02-17 11:00:00,2026-02-18 21:00:00,2026-02-20 01:00:00,BOG,TR-04,Entregado
ORD-11650,2026-04-11 10:00:00,2026-04-14 18:00:00,2026-04-17 21:00:00,CAL,TR-04,Entregado
ORD-11651,2026-06-21 08:00:00,2026-06-22 10:00:00,2026-06-25 09:00:00,BAQ,TR-03,Entregado
ORD-11652,2026-05-17 11:00:00,2026-05-18 15:00:00,2026-05-20 15:00:00,MED,TR-04,Entregado
ORD-11653,2026-02-04 08:00:00,2026-02-05 17:00:00,2026-02-07 17:00:00,MED,TR-04,Entregado
ORD-11654,2026-03-06 15:00:00,2026-03-11 01:00:00,2026-03-12 04:00:00,BOG,TR-02,Entregado
ORD-11655,2026-02-14 14:00:00,2026-02-17 18:00:00,2026-02-20 21:00:00,BGA,TR-02,Entregado
ORD-11656,2026-06-24 15:00:00,2026-06-25 23:00:00,2026-06-29 03:00:00,BAQ,TR-01,Entregado
ORD-11657,2026-03-17 13:00:00,2026-03-18 19:00:00,2026-03-21 00:00:00,MED,TR-04,Entregado
ORD-11658,2026-03-17 16:00:00,2026-03-19 01:00:00,2026-03-21 04:00:00,MED,TR-04,Entregado
ORD-11659,2026-05-27 17:00:00,2026-05-28 19:00:00,2026-05-31 18:00:00,MED,TR-03,Entregado
ORD-11660,2026-02-21 13:00:00,2026-02-24 17:00:00,2026-02-26 19:00:00,MED,TR-01,Entregado
ORD-11661,2026-01-21 10:00:00,2026-01-22 19:00:00,2026-01-25 17:00:00,MED,TR-03,Entregado
ORD-11662,2026-02-07 11:00:00,2026-02-11 19:00:00,2026-02-13 19:00:00,MED,TR-04,Entregado
ORD-11663,2026-06-06 10:00:00,2026-06-10 12:00:00,,BGA,TR-02,Perdido
ORD-11664,2026-05-12 14:00:00,2026-05-13 19:00:00,2026-05-15 19:00:00,BGA,TR-02,Entregado
ORD-11665,2026-04-02 19:00:00,2026-04-04 01:00:00,2026-04-05 02:00:00,BOG,TR-01,Entregado
ORD-11666,2026-01-04 13:00:00,2026-01-05 15:00:00,2026-01-06 17:00:00,BOG,TR-01,Entregado
ORD-11667,2026-03-17 10:00:00,2026-03-18 13:00:00,2026-03-20 14:00:00,MED,TR-02,Entregado
ORD-11668,2026-03-27 19:00:00,2026-03-31 00:00:00,2026-04-05 23:00:00,BGA,TR-04,Entregado
ORD-11669,2026-06-11 18:00:00,2026-06-13 04:00:00,2026-06-15 07:00:00,BAQ,TR-03,Entregado
ORD-11670,2026-04-15 08:00:00,2026-04-16 17:00:00,2026-04-19 18:00:00,CAL,TR-02,Entregado
ORD-11671,2026-03-13 14:00:00,2026-03-17 17:00:00,2026-03-19 19:00:00,CAL,TR-01,Entregado
ORD-11672,2026-06-15 13:00:00,2026-06-16 20:00:00,2026-06-17 17:00:00,CAL,TR-01,Entregado
ORD-11673,2026-06-02 09:00:00,2026-06-03 14:00:00,2026-06-07 16:00:00,BAQ,TR-04,Entregado
ORD-11674,2026-05-25 19:00:00,2026-05-26 22:00:00,2026-05-27 22:00:00,CAL,TR-02,Entregado
ORD-11675,2026-01-06 17:00:00,2026-01-07 23:00:00,2026-01-09 04:00:00,MED,TR-02,Entregado
ORD-11676,2026-01-27 15:00:00,2026-01-29 00:00:00,2026-01-30 02:00:00,BOG,TR-02,Entregado
ORD-11677,2026-05-04 17:00:00,2026-05-06 03:00:00,2026-05-08 05:00:00,MED,TR-04,Entregado
ORD-11678,2026-04-03 08:00:00,2026-04-06 10:00:00,2026-04-08 14:00:00,MED,TR-03,Entregado
ORD-11679,2026-04-09 15:00:00,2026-04-10 21:00:00,2026-04-14 00:00:00,MED,TR-03,Entregado
ORD-11680,2026-05-22 10:00:00,2026-05-25 20:00:00,2026-05-27 16:00:00,BOG,TR-02,Entregado
ORD-11681,2026-06-25 11:00:00,2026-06-26 17:00:00,2026-06-27 21:00:00,MED,TR-02,Entregado
ORD-11682,2026-02-25 08:00:00,2026-02-26 12:00:00,2026-02-27 12:00:00,BOG,TR-04,Entregado
ORD-11683,2026-05-21 13:00:00,2026-05-22 19:00:00,2026-05-25 00:00:00,BOG,TR-01,Entregado
ORD-11684,2026-02-18 08:00:00,2026-02-19 16:00:00,2026-02-20 21:00:00,MED,TR-02,Entregado
ORD-11685,2026-05-16 18:00:00,2026-05-20 05:00:00,2026-05-23 09:00:00,MED,TR-04,Entregado
ORD-11686,2026-05-28 19:00:00,2026-05-30 06:00:00,2026-06-02 11:00:00,MED,TR-03,Entregado
ORD-11687,2026-04-07 17:00:00,2026-04-08 21:00:00,2026-04-10 22:00:00,MED,TR-02,Entregado
ORD-11688,2026-02-08 12:00:00,2026-02-09 21:00:00,2026-02-10 23:00:00,MED,TR-04,Entregado
ORD-11689,2026-06-26 17:00:00,2026-06-30 00:00:00,2026-06-30 21:00:00,BOG,TR-04,Entregado
ORD-11690,2026-04-17 13:00:00,2026-04-20 17:00:00,2026-04-23 17:00:00,BGA,TR-03,Entregado
ORD-11691,2026-05-06 16:00:00,2026-05-07 18:00:00,2026-05-10 14:00:00,BAQ,TR-01,Entregado
ORD-11692,2026-01-09 15:00:00,2026-01-14 01:00:00,2026-01-15 05:00:00,BOG,TR-04,Entregado
ORD-11693,2026-02-06 08:00:00,2026-02-10 11:00:00,2026-02-13 11:00:00,BAQ,TR-04,Entregado
ORD-11694,2026-02-10 08:00:00,2026-02-11 15:00:00,2026-02-12 16:00:00,BOG,TR-03,Entregado
ORD-11695,2026-03-29 12:00:00,2026-03-30 21:00:00,2026-04-01 01:00:00,CAL,TR-01,Entregado
ORD-11696,2026-02-20 18:00:00,2026-02-24 21:00:00,2026-02-26 20:00:00,MED,TR-04,Entregado
ORD-11697,2026-06-16 14:00:00,2026-06-17 19:00:00,2026-06-20 19:00:00,BGA,TR-01,Entregado
ORD-11698,2026-02-10 14:00:00,2026-02-11 22:00:00,2026-02-13 00:00:00,BOG,TR-03,Entregado
ORD-11699,2026-05-21 18:00:00,2026-05-23 00:00:00,2026-05-23 23:00:00,MED,TR-01,Entregado
ORD-11700,2026-05-27 18:00:00,2026-05-28 20:00:00,2026-05-29 18:00:00,BOG,TR-02,Entregado
ORD-11701,2026-03-18 08:00:00,2026-03-19 16:00:00,2026-03-22 18:00:00,BGA,TR-02,Entregado
ORD-11702,2026-06-17 19:00:00,2026-06-19 01:00:00,2026-06-20 04:00:00,BOG,TR-01,Entregado
ORD-11703,2026-01-19 19:00:00,2026-01-21 06:00:00,2026-01-22 08:00:00,BOG,TR-03,Entregado
ORD-11704,2026-03-13 15:00:00,2026-03-18 00:00:00,2026-03-20 20:00:00,BAQ,TR-03,Entregado
ORD-11705,2026-04-19 19:00:00,2026-04-21 06:00:00,2026-04-24 08:00:00,CAL,TR-04,Entregado
ORD-11706,2026-06-10 17:00:00,2026-06-11 19:00:00,2026-06-14 22:00:00,MED,TR-02,Entregado
ORD-11707,2026-04-13 19:00:00,2026-04-15 01:00:00,2026-04-18 05:00:00,MED,TR-02,Entregado
ORD-11708,2026-01-08 16:00:00,2026-01-10 02:00:00,2026-01-10 23:00:00,BOG,TR-03,Entregado
ORD-11709,2026-04-01 14:00:00,2026-04-02 17:00:00,2026-04-05 14:00:00,BGA,TR-02,Entregado
ORD-11710,2026-06-07 14:00:00,2026-06-08 19:00:00,2026-06-09 19:00:00,BOG,TR-02,Entregado
ORD-11711,2026-06-26 11:00:00,2026-06-30 20:00:00,2026-07-02 20:00:00,BGA,TR-03,Entregado
ORD-11712,2026-03-23 09:00:00,2026-03-24 13:00:00,2026-03-27 10:00:00,CAL,TR-01,Entregado
ORD-11713,2026-03-09 08:00:00,2026-03-10 19:00:00,2026-03-17 17:00:00,BGA,TR-04,Entregado
ORD-11714,2026-05-07 11:00:00,2026-05-08 15:00:00,2026-05-09 13:00:00,BOG,TR-04,Entregado
ORD-11715,2026-03-23 12:00:00,2026-03-24 17:00:00,2026-03-26 14:00:00,BGA,TR-02,Entregado
ORD-11716,2026-05-27 19:00:00,2026-05-29 05:00:00,2026-05-30 07:00:00,BOG,TR-01,Entregado
ORD-11717,2026-06-17 11:00:00,2026-06-18 16:00:00,2026-06-19 20:00:00,MED,TR-03,Entregado
ORD-11718,2026-04-23 08:00:00,2026-04-24 14:00:00,2026-04-27 16:00:00,BGA,TR-01,Entregado
ORD-11719,2026-03-17 17:00:00,2026-03-19 00:00:00,2026-03-22 01:00:00,CAL,TR-02,Entregado
ORD-11720,2026-05-23 16:00:00,2026-05-27 19:00:00,2026-05-29 18:00:00,BOG,TR-02,Entregado
ORD-11721,2026-06-16 09:00:00,2026-06-17 13:00:00,2026-06-18 12:00:00,BOG,TR-04,Entregado
ORD-11722,2026-01-29 16:00:00,2026-01-31 00:00:00,2026-02-01 21:00:00,CAL,TR-04,Entregado
ORD-11723,2026-02-20 18:00:00,2026-02-24 00:00:00,2026-02-26 20:00:00,BAQ,TR-01,Entregado
ORD-11724,2026-01-10 09:00:00,2026-01-14 18:00:00,2026-01-17 19:00:00,MED,TR-01,Entregado
ORD-11725,2026-02-20 13:00:00,2026-02-24 19:00:00,2026-02-26 17:00:00,CAL,TR-02,Entregado
ORD-11726,2026-05-01 14:00:00,2026-05-04 19:00:00,2026-05-05 17:00:00,BOG,TR-04,Entregado
ORD-11727,2026-01-28 10:00:00,2026-01-29 16:00:00,2026-02-05 14:00:00,BGA,TR-04,Entregado
ORD-11728,2026-03-25 13:00:00,2026-03-26 18:00:00,2026-03-28 14:00:00,BAQ,TR-01,Entregado
ORD-11729,2026-06-04 12:00:00,2026-06-05 17:00:00,2026-06-07 21:00:00,MED,TR-03,Entregado
ORD-11730,2026-01-02 13:00:00,2026-01-06 19:00:00,2026-01-11 18:00:00,BAQ,TR-02,Entregado
ORD-11731,2026-05-11 15:00:00,2026-05-12 21:00:00,2026-05-14 22:00:00,BGA,TR-01,Entregado
ORD-11732,2026-01-02 08:00:00,2026-01-06 15:00:00,2026-01-11 17:00:00,BAQ,TR-02,Entregado
ORD-11733,2026-06-18 19:00:00,2026-06-20 03:00:00,2026-06-22 04:00:00,MED,TR-03,Entregado
ORD-11734,2026-06-12 18:00:00,2026-06-16 05:00:00,2026-06-18 03:00:00,CAL,TR-01,Entregado
ORD-11735,2026-03-06 14:00:00,2026-03-11 00:00:00,2026-03-13 03:00:00,BOG,TR-01,Entregado
ORD-11736,2026-02-14 17:00:00,2026-02-18 03:00:00,2026-02-19 05:00:00,BOG,TR-01,Entregado
ORD-11737,2026-04-11 12:00:00,2026-04-14 19:00:00,2026-04-15 23:00:00,BGA,TR-03,Entregado
ORD-11738,2026-03-03 08:00:00,2026-03-04 17:00:00,2026-03-06 18:00:00,BOG,TR-03,Entregado
ORD-11739,2026-05-07 16:00:00,2026-05-09 02:00:00,2026-05-12 06:00:00,CAL,TR-01,Entregado
ORD-11740,2026-01-23 15:00:00,2026-01-27 22:00:00,2026-01-29 21:00:00,MED,TR-03,Entregado
ORD-11741,2026-02-07 19:00:00,2026-02-11 21:00:00,2026-02-14 18:00:00,BGA,TR-02,Entregado
ORD-11742,2026-01-21 13:00:00,2026-01-22 23:00:00,2026-01-24 22:00:00,BOG,TR-01,Entregado
ORD-11743,2026-04-17 09:00:00,2026-04-21 11:00:00,2026-04-22 16:00:00,CAL,TR-04,Entregado
ORD-11744,2026-06-13 10:00:00,2026-06-17 19:00:00,2026-06-19 19:00:00,BOG,TR-04,Entregado
ORD-11745,2026-06-22 14:00:00,2026-06-23 23:00:00,2026-06-24 20:00:00,BOG,TR-03,Entregado
ORD-11746,2026-03-14 12:00:00,2026-03-18 18:00:00,2026-03-19 15:00:00,BOG,TR-04,Entregado
ORD-11747,2026-05-02 19:00:00,2026-05-05 23:00:00,2026-05-07 04:00:00,BOG,TR-04,Entregado
ORD-11748,2026-04-18 09:00:00,2026-04-21 19:00:00,2026-04-23 15:00:00,MED,TR-01,Entregado
ORD-11749,2026-02-01 10:00:00,2026-02-02 19:00:00,2026-02-04 21:00:00,BGA,TR-02,Entregado
ORD-11750,2026-06-05 19:00:00,2026-06-09 22:00:00,2026-06-10 21:00:00,MED,TR-04,Entregado
ORD-11751,2026-03-20 16:00:00,2026-03-24 03:00:00,2026-03-26 01:00:00,CAL,TR-03,Entregado
ORD-11752,2026-03-04 14:00:00,2026-03-05 21:00:00,2026-03-07 23:00:00,BOG,TR-02,Entregado
ORD-11753,2026-04-14 18:00:00,2026-04-15 23:00:00,2026-04-17 04:00:00,BOG,TR-02,Entregado
ORD-11754,2026-02-17 17:00:00,2026-02-18 20:00:00,2026-02-21 20:00:00,BGA,TR-01,Entregado
ORD-11755,2026-02-26 13:00:00,2026-02-27 18:00:00,2026-03-01 17:00:00,CAL,TR-02,Entregado
ORD-11756,2026-04-10 19:00:00,2026-04-15 06:00:00,2026-04-16 10:00:00,MED,TR-04,Entregado
ORD-11757,2026-06-10 15:00:00,2026-06-11 21:00:00,2026-06-17 17:00:00,BAQ,TR-02,Entregado
ORD-11758,2026-06-16 09:00:00,2026-06-17 13:00:00,2026-06-20 17:00:00,CAL,TR-01,Entregado
ORD-11759,2026-06-05 12:00:00,2026-06-08 22:00:00,2026-06-10 01:00:00,BOG,TR-01,Entregado
ORD-11760,2026-01-07 11:00:00,2026-01-08 19:00:00,2026-01-11 18:00:00,BAQ,TR-03,Entregado
ORD-11761,2026-06-14 15:00:00,2026-06-15 19:00:00,2026-06-16 16:00:00,BGA,TR-02,Entregado
ORD-11762,2026-03-06 08:00:00,2026-03-09 11:00:00,2026-03-10 15:00:00,BOG,TR-01,Entregado
ORD-11763,2026-02-16 11:00:00,2026-02-17 18:00:00,2026-02-19 15:00:00,MED,TR-03,Entregado
ORD-11764,2026-01-19 17:00:00,2026-01-20 21:00:00,2026-01-25 21:00:00,BAQ,TR-02,Entregado
ORD-11765,2026-05-26 19:00:00,2026-05-28 05:00:00,2026-05-31 10:00:00,MED,TR-02,Entregado
ORD-11766,2026-06-12 18:00:00,2026-06-16 05:00:00,2026-06-17 07:00:00,BOG,TR-01,Entregado
ORD-11767,2026-05-06 18:00:00,2026-05-08 03:00:00,2026-05-10 00:00:00,BOG,TR-04,Entregado
ORD-11768,2026-02-18 08:00:00,2026-02-19 11:00:00,2026-02-20 16:00:00,MED,TR-04,Entregado
ORD-11769,2026-02-07 12:00:00,2026-02-10 18:00:00,2026-02-12 18:00:00,MED,TR-01,Entregado
ORD-11770,2026-05-16 09:00:00,2026-05-19 15:00:00,2026-05-20 17:00:00,CAL,TR-04,Entregado
ORD-11771,2026-06-25 11:00:00,2026-06-26 22:00:00,2026-06-28 20:00:00,MED,TR-02,Entregado
ORD-11772,2026-03-06 11:00:00,2026-03-09 20:00:00,2026-03-13 00:00:00,MED,TR-03,Entregado
ORD-11773,2026-04-23 09:00:00,2026-04-24 13:00:00,2026-04-27 13:00:00,CAL,TR-04,Entregado
ORD-11774,2026-03-10 15:00:00,2026-03-12 02:00:00,2026-03-13 04:00:00,BOG,TR-03,Entregado
ORD-11775,2026-03-29 18:00:00,2026-03-31 05:00:00,2026-04-01 05:00:00,BOG,TR-02,Entregado
ORD-11776,2026-03-08 18:00:00,2026-03-10 01:00:00,2026-03-12 03:00:00,BGA,TR-02,Entregado
ORD-11777,2026-02-14 11:00:00,2026-02-17 18:00:00,2026-02-19 16:00:00,MED,TR-04,Entregado
ORD-11778,2026-06-03 18:00:00,2026-06-04 20:00:00,2026-06-08 01:00:00,MED,TR-01,Entregado
ORD-11779,2026-06-23 13:00:00,2026-06-24 18:00:00,2026-06-25 21:00:00,BOG,TR-02,Entregado
ORD-11780,2026-04-17 18:00:00,2026-04-22 05:00:00,2026-04-23 06:00:00,BOG,TR-01,Entregado
ORD-11781,2026-02-20 09:00:00,2026-02-23 17:00:00,2026-02-24 17:00:00,MED,TR-01,Entregado
ORD-11782,2026-01-06 18:00:00,2026-01-08 04:00:00,2026-01-12 05:00:00,BGA,TR-04,Entregado
ORD-11783,2026-05-05 12:00:00,2026-05-06 21:00:00,2026-05-07 21:00:00,BOG,TR-04,Entregado
ORD-11784,2026-01-30 17:00:00,2026-02-02 20:00:00,2026-02-05 21:00:00,BAQ,TR-01,Entregado
ORD-11785,2026-05-02 12:00:00,2026-05-06 15:00:00,2026-05-09 19:00:00,BAQ,TR-02,Entregado
ORD-11786,2026-06-19 19:00:00,2026-06-24 03:00:00,2026-06-25 06:00:00,BOG,TR-03,Entregado
ORD-11787,2026-04-11 10:00:00,2026-04-15 16:00:00,2026-04-18 19:00:00,BAQ,TR-02,Entregado
ORD-11788,2026-03-28 13:00:00,2026-04-01 00:00:00,2026-04-02 21:00:00,MED,TR-01,Entregado
ORD-11789,2026-01-18 19:00:00,2026-01-20 05:00:00,2026-01-21 05:00:00,BOG,TR-04,Entregado
ORD-11790,2026-04-23 18:00:00,2026-04-25 00:00:00,2026-05-03 03:00:00,BGA,TR-04,Entregado
ORD-11791,2026-06-24 11:00:00,2026-06-25 17:00:00,2026-06-26 20:00:00,BOG,TR-01,Entregado
ORD-11792,2026-05-25 13:00:00,2026-05-26 19:00:00,2026-05-27 23:00:00,BOG,TR-03,Entregado
ORD-11793,2026-03-09 12:00:00,2026-03-10 18:00:00,2026-03-13 21:00:00,BGA,TR-03,Entregado
ORD-11794,2026-06-14 16:00:00,2026-06-15 21:00:00,2026-06-17 18:00:00,MED,TR-01,Entregado
ORD-11795,2026-02-18 09:00:00,2026-02-19 13:00:00,2026-02-21 14:00:00,BOG,TR-04,Entregado
ORD-11796,2026-04-19 13:00:00,2026-04-20 15:00:00,2026-04-23 16:00:00,CAL,TR-03,Entregado
ORD-11797,2026-02-22 18:00:00,2026-02-24 05:00:00,2026-02-26 03:00:00,MED,TR-02,Entregado
ORD-11798,2026-03-28 10:00:00,2026-03-31 12:00:00,2026-04-02 14:00:00,MED,TR-04,Entregado
ORD-11799,2026-05-11 17:00:00,2026-05-12 20:00:00,2026-05-14 20:00:00,CAL,TR-04,Entregado
ORD-11800,2026-04-08 10:00:00,2026-04-09 12:00:00,2026-04-10 09:00:00,BOG,TR-03,Entregado
ORD-11801,2026-03-26 19:00:00,2026-03-28 03:00:00,2026-04-01 06:00:00,BAQ,TR-01,Entregado
ORD-11802,2026-01-21 19:00:00,2026-01-22 21:00:00,,MED,TR-03,Perdido
ORD-11803,2026-05-19 14:00:00,2026-05-20 20:00:00,2026-05-21 16:00:00,BOG,TR-04,Entregado
ORD-11804,2026-03-09 10:00:00,2026-03-10 20:00:00,2026-03-14 19:00:00,BAQ,TR-02,Entregado
ORD-11805,2026-05-09 19:00:00,2026-05-14 01:00:00,2026-05-15 05:00:00,BOG,TR-02,Entregado
ORD-11806,2026-01-24 10:00:00,2026-01-28 21:00:00,2026-01-29 20:00:00,BOG,TR-03,Entregado
ORD-11807,2026-05-21 09:00:00,2026-05-22 11:00:00,2026-05-23 16:00:00,BOG,TR-03,Entregado
ORD-11808,2026-05-19 11:00:00,2026-05-20 19:00:00,2026-05-21 18:00:00,MED,TR-04,Entregado
ORD-11809,2026-06-28 08:00:00,2026-06-29 11:00:00,2026-06-30 10:00:00,MED,TR-02,Entregado
ORD-11810,2026-04-09 19:00:00,2026-04-11 06:00:00,2026-04-13 08:00:00,BOG,TR-03,Entregado
ORD-11811,2026-03-23 15:00:00,2026-03-24 19:00:00,2026-03-26 17:00:00,BAQ,TR-01,Entregado
ORD-11812,2026-06-01 17:00:00,2026-06-03 02:00:00,2026-06-04 01:00:00,BOG,TR-04,Entregado
ORD-11813,2026-01-19 12:00:00,2026-01-20 23:00:00,2026-01-22 19:00:00,MED,TR-01,Entregado
ORD-11814,2026-03-26 15:00:00,2026-03-28 02:00:00,2026-03-29 06:00:00,BGA,TR-02,Entregado
ORD-11815,2026-01-28 12:00:00,2026-01-29 22:00:00,2026-01-30 21:00:00,MED,TR-02,Entregado
ORD-11816,2026-05-25 12:00:00,2026-05-26 21:00:00,2026-05-29 00:00:00,CAL,TR-03,Entregado
ORD-11817,2026-06-13 13:00:00,2026-06-17 16:00:00,2026-06-19 21:00:00,BGA,TR-01,Entregado
ORD-11818,2026-05-27 18:00:00,2026-05-28 22:00:00,2026-05-30 23:00:00,MED,TR-04,Entregado
ORD-11819,2026-04-27 09:00:00,2026-04-28 15:00:00,2026-04-29 20:00:00,BOG,TR-01,Entregado
ORD-11820,2026-01-11 13:00:00,2026-01-13 00:00:00,2026-01-14 05:00:00,MED,TR-04,Entregado
ORD-11821,2026-06-22 19:00:00,2026-06-24 00:00:00,2026-06-25 22:00:00,BOG,TR-03,Entregado
ORD-11822,2026-05-29 13:00:00,2026-06-02 18:00:00,2026-06-03 14:00:00,BOG,TR-03,Entregado
ORD-11823,2026-05-19 14:00:00,2026-05-20 17:00:00,2026-05-21 13:00:00,BOG,TR-04,Entregado
ORD-11824,2026-01-05 08:00:00,2026-01-06 11:00:00,2026-01-08 09:00:00,BAQ,TR-03,Entregado
ORD-11825,2026-01-20 16:00:00,2026-01-21 20:00:00,2026-01-22 20:00:00,CAL,TR-01,Entregado
ORD-11826,2026-02-15 17:00:00,2026-02-17 02:00:00,2026-02-18 23:00:00,MED,TR-01,Entregado
ORD-11827,2026-01-12 13:00:00,2026-01-13 22:00:00,2026-01-15 22:00:00,BOG,TR-04,Entregado
ORD-11828,2026-01-17 10:00:00,2026-01-20 15:00:00,2026-01-22 16:00:00,CAL,TR-01,Entregado
ORD-11829,2026-05-27 17:00:00,2026-05-28 22:00:00,2026-05-29 18:00:00,BOG,TR-02,Entregado
ORD-11830,2026-02-17 19:00:00,2026-02-19 06:00:00,2026-02-20 06:00:00,CAL,TR-02,Entregado
ORD-11831,2026-02-21 13:00:00,2026-02-25 18:00:00,2026-02-27 18:00:00,MED,TR-03,Entregado
ORD-11832,2026-04-12 18:00:00,2026-04-14 02:00:00,2026-04-15 06:00:00,BGA,TR-02,Entregado
ORD-11833,2026-06-10 15:00:00,2026-06-11 17:00:00,2026-06-13 18:00:00,MED,TR-01,Entregado
ORD-11834,2026-05-31 18:00:00,2026-06-01 20:00:00,2026-06-02 17:00:00,MED,TR-04,Entregado
ORD-11835,2026-06-28 12:00:00,2026-06-29 15:00:00,2026-07-01 17:00:00,MED,TR-04,Entregado
ORD-11836,2026-03-23 19:00:00,2026-03-25 01:00:00,2026-03-26 06:00:00,BOG,TR-01,Entregado
ORD-11837,2026-06-28 11:00:00,2026-06-29 14:00:00,2026-07-02 18:00:00,CAL,TR-01,Entregado
ORD-11838,2026-05-15 10:00:00,2026-05-18 20:00:00,2026-05-21 22:00:00,CAL,TR-04,Entregado
ORD-11839,2026-02-17 16:00:00,2026-02-19 00:00:00,2026-02-20 03:00:00,BOG,TR-04,Entregado
ORD-11840,2026-03-13 11:00:00,2026-03-16 17:00:00,2026-03-17 14:00:00,MED,TR-01,Entregado
ORD-11841,2026-06-22 08:00:00,2026-06-23 15:00:00,2026-06-25 11:00:00,BOG,TR-01,Entregado
ORD-11842,2026-03-22 08:00:00,2026-03-23 14:00:00,2026-03-26 17:00:00,CAL,TR-02,Entregado
ORD-11843,2026-04-06 15:00:00,2026-04-08 00:00:00,2026-04-12 05:00:00,BAQ,TR-01,Entregado
ORD-11844,2026-05-27 13:00:00,2026-05-28 22:00:00,2026-05-29 18:00:00,BOG,TR-04,Entregado
ORD-11845,2026-03-08 18:00:00,2026-03-09 21:00:00,2026-03-10 21:00:00,BOG,TR-02,Entregado
ORD-11846,2026-03-10 14:00:00,2026-03-12 00:00:00,2026-03-14 05:00:00,MED,TR-04,Entregado
ORD-11847,2026-04-24 13:00:00,2026-04-27 18:00:00,2026-04-28 23:00:00,BOG,TR-02,Entregado
ORD-11848,2026-04-03 13:00:00,2026-04-06 23:00:00,2026-04-09 22:00:00,BAQ,TR-01,Entregado
ORD-11849,2026-06-20 10:00:00,2026-06-24 14:00:00,2026-06-25 16:00:00,BOG,TR-01,Entregado
ORD-11850,2026-02-23 17:00:00,2026-02-25 00:00:00,2026-02-26 04:00:00,BOG,TR-02,Entregado
ORD-11851,2026-02-11 12:00:00,2026-02-12 16:00:00,2026-02-16 17:00:00,BAQ,TR-02,Entregado
ORD-11852,2026-06-18 15:00:00,2026-06-20 01:00:00,2026-06-21 21:00:00,BGA,TR-02,Entregado
ORD-11853,2026-02-04 15:00:00,2026-02-05 18:00:00,2026-02-08 17:00:00,CAL,TR-03,Entregado
ORD-11854,2026-01-30 16:00:00,2026-02-03 00:00:00,2026-02-10 00:00:00,BGA,TR-04,Entregado
ORD-11855,2026-02-16 10:00:00,2026-02-17 19:00:00,2026-02-18 15:00:00,BOG,TR-02,Entregado
ORD-11856,2026-01-19 09:00:00,2026-01-20 13:00:00,2026-01-23 11:00:00,BAQ,TR-02,Entregado
ORD-11857,2026-01-08 17:00:00,2026-01-09 23:00:00,2026-01-10 20:00:00,BOG,TR-01,Entregado
ORD-11858,2026-04-23 15:00:00,2026-04-24 17:00:00,2026-04-29 16:00:00,BGA,TR-04,Entregado
ORD-11859,2026-03-12 14:00:00,2026-03-13 17:00:00,2026-03-14 22:00:00,MED,TR-03,Entregado
ORD-11860,2026-03-08 08:00:00,2026-03-09 10:00:00,2026-03-10 09:00:00,CAL,TR-02,Entregado
ORD-11861,2026-02-05 16:00:00,2026-02-06 22:00:00,2026-02-09 20:00:00,BAQ,TR-01,Entregado
ORD-11862,2026-02-06 08:00:00,2026-02-09 18:00:00,2026-02-10 22:00:00,CAL,TR-03,Entregado
ORD-11863,2026-05-23 12:00:00,2026-05-26 23:00:00,2026-06-03 00:00:00,BGA,TR-04,Entregado
ORD-11864,2026-05-21 15:00:00,2026-05-22 23:00:00,2026-05-25 00:00:00,BOG,TR-02,Entregado
ORD-11865,2026-05-16 12:00:00,2026-05-20 22:00:00,2026-05-21 19:00:00,MED,TR-04,Entregado
ORD-11866,2026-05-08 16:00:00,2026-05-11 19:00:00,2026-05-13 23:00:00,BGA,TR-02,Entregado
ORD-11867,2026-05-07 08:00:00,2026-05-08 19:00:00,2026-05-10 22:00:00,CAL,TR-04,Entregado
ORD-11868,2026-06-13 10:00:00,2026-06-16 20:00:00,2026-06-18 21:00:00,MED,TR-03,Entregado
ORD-11869,2026-04-14 14:00:00,2026-04-15 16:00:00,2026-04-16 21:00:00,MED,TR-04,Entregado
ORD-11870,2026-01-09 09:00:00,2026-01-13 11:00:00,2026-01-15 16:00:00,MED,TR-01,Entregado
ORD-11871,2026-06-23 11:00:00,2026-06-24 14:00:00,2026-06-25 13:00:00,BOG,TR-04,Entregado
ORD-11872,2026-06-07 13:00:00,2026-06-08 19:00:00,2026-06-10 20:00:00,BAQ,TR-01,Entregado
ORD-11873,2026-03-16 10:00:00,2026-03-17 20:00:00,2026-03-18 19:00:00,MED,TR-04,Entregado
ORD-11874,2026-03-13 10:00:00,2026-03-17 20:00:00,2026-03-20 19:00:00,BAQ,TR-03,Entregado
ORD-11875,2026-05-22 19:00:00,2026-05-26 03:00:00,2026-05-28 05:00:00,BAQ,TR-01,Entregado
ORD-11876,2026-06-22 09:00:00,2026-06-23 16:00:00,2026-06-25 18:00:00,MED,TR-04,Entregado
ORD-11877,2026-02-14 10:00:00,2026-02-17 17:00:00,2026-02-20 17:00:00,MED,TR-01,Entregado
ORD-11878,2026-05-03 13:00:00,2026-05-04 21:00:00,2026-05-06 23:00:00,BOG,TR-02,Entregado
ORD-11879,2026-01-16 09:00:00,2026-01-19 14:00:00,2026-01-21 12:00:00,MED,TR-02,Entregado
ORD-11880,2026-06-17 08:00:00,2026-06-18 15:00:00,2026-06-19 16:00:00,BOG,TR-02,Entregado
ORD-11881,2026-04-29 09:00:00,2026-04-30 17:00:00,2026-05-03 19:00:00,BAQ,TR-04,Entregado
ORD-11882,2026-05-04 13:00:00,2026-05-05 20:00:00,2026-05-06 19:00:00,MED,TR-04,Entregado
ORD-11883,2026-03-07 09:00:00,2026-03-10 12:00:00,2026-03-12 13:00:00,MED,TR-03,Entregado
ORD-11884,2026-01-13 15:00:00,2026-01-15 00:00:00,2026-01-17 22:00:00,MED,TR-04,Entregado
ORD-11885,2026-04-21 19:00:00,2026-04-23 03:00:00,2026-04-26 07:00:00,BAQ,TR-03,Entregado
ORD-11886,2026-02-03 14:00:00,2026-02-05 00:00:00,2026-02-06 20:00:00,BGA,TR-03,Entregado
ORD-11887,2026-05-16 14:00:00,2026-05-20 16:00:00,2026-05-23 15:00:00,MED,TR-03,Entregado
ORD-11888,2026-04-30 14:00:00,2026-05-02 01:00:00,2026-05-03 06:00:00,BOG,TR-04,Entregado
ORD-11889,2026-01-27 13:00:00,2026-01-28 19:00:00,2026-01-29 15:00:00,MED,TR-02,Entregado
ORD-11890,2026-02-22 14:00:00,2026-02-23 22:00:00,2026-02-26 03:00:00,MED,TR-03,Entregado
ORD-11891,2026-03-06 08:00:00,2026-03-09 17:00:00,,BOG,TR-04,Devuelto
ORD-11892,2026-06-07 12:00:00,2026-06-08 17:00:00,2026-06-09 22:00:00,CAL,TR-01,Entregado
ORD-11893,2026-01-13 12:00:00,2026-01-14 18:00:00,2026-01-15 22:00:00,BOG,TR-02,Entregado
ORD-11894,2026-05-27 12:00:00,2026-05-28 20:00:00,2026-05-30 20:00:00,BGA,TR-02,Entregado
ORD-11895,2026-01-19 16:00:00,2026-01-21 02:00:00,2026-01-22 03:00:00,BOG,TR-04,Entregado
ORD-11896,2026-01-25 13:00:00,2026-01-26 19:00:00,2026-01-28 21:00:00,MED,TR-04,Entregado
ORD-11897,2026-01-31 08:00:00,2026-02-04 17:00:00,2026-02-05 13:00:00,BOG,TR-02,Entregado
ORD-11898,2026-01-23 17:00:00,2026-01-27 00:00:00,2026-01-30 01:00:00,CAL,TR-04,Entregado
ORD-11899,2026-01-10 11:00:00,2026-01-14 20:00:00,2026-01-15 17:00:00,BOG,TR-02,Entregado
ORD-11900,2026-02-23 11:00:00,2026-02-24 20:00:00,2026-02-26 18:00:00,MED,TR-04,Entregado
ORD-11901,2026-05-28 09:00:00,2026-05-29 14:00:00,2026-06-01 15:00:00,BAQ,TR-03,Entregado
ORD-11902,2026-01-14 09:00:00,2026-01-15 16:00:00,2026-01-17 16:00:00,CAL,TR-04,Entregado
ORD-11903,2026-06-05 11:00:00,2026-06-08 22:00:00,2026-06-14 20:00:00,BGA,TR-04,Entregado
ORD-11904,2026-02-22 15:00:00,2026-02-24 02:00:00,2026-02-26 02:00:00,BOG,TR-03,Entregado
ORD-11905,2026-03-20 13:00:00,2026-03-24 19:00:00,2026-03-26 18:00:00,MED,TR-02,Entregado
ORD-11906,2026-01-30 11:00:00,2026-02-02 21:00:00,2026-02-06 18:00:00,BAQ,TR-04,Entregado
ORD-11907,2026-02-28 14:00:00,2026-03-04 16:00:00,2026-03-05 14:00:00,BOG,TR-03,Entregado
ORD-11908,2026-01-08 09:00:00,2026-01-09 14:00:00,2026-01-11 16:00:00,BAQ,TR-03,Entregado
ORD-11909,2026-01-12 14:00:00,2026-01-13 17:00:00,2026-01-14 20:00:00,BGA,TR-02,Entregado
ORD-11910,2026-06-08 09:00:00,2026-06-09 14:00:00,2026-06-11 10:00:00,CAL,TR-02,Entregado
ORD-11911,2026-03-23 15:00:00,2026-03-24 21:00:00,2026-03-25 18:00:00,BGA,TR-01,Entregado
ORD-11912,2026-04-08 18:00:00,2026-04-09 22:00:00,2026-04-12 22:00:00,MED,TR-02,Entregado
ORD-11913,2026-04-15 19:00:00,2026-04-17 05:00:00,2026-04-18 06:00:00,BOG,TR-04,Entregado
ORD-11914,2026-02-18 16:00:00,2026-02-20 03:00:00,,BOG,TR-03,Perdido
ORD-11915,2026-04-03 17:00:00,2026-04-07 22:00:00,2026-04-10 18:00:00,BGA,TR-02,Entregado
ORD-11916,2026-01-18 13:00:00,2026-01-19 20:00:00,2026-01-20 22:00:00,BOG,TR-04,Entregado
ORD-11917,2026-02-07 08:00:00,2026-02-10 18:00:00,2026-02-12 22:00:00,MED,TR-04,Entregado
ORD-11918,2026-03-28 15:00:00,2026-03-31 19:00:00,2026-04-03 19:00:00,MED,TR-04,Entregado
ORD-11919,2026-02-19 15:00:00,2026-02-20 17:00:00,2026-02-21 20:00:00,BOG,TR-03,Entregado
ORD-11920,2026-06-18 13:00:00,2026-06-19 16:00:00,2026-06-21 17:00:00,MED,TR-04,Entregado
ORD-11921,2026-03-10 19:00:00,2026-03-12 00:00:00,2026-03-14 23:00:00,MED,TR-01,Entregado
ORD-11922,2026-05-01 19:00:00,2026-05-06 02:00:00,2026-05-07 05:00:00,MED,TR-03,Entregado
ORD-11923,2026-05-19 16:00:00,2026-05-20 20:00:00,,MED,TR-02,Perdido
ORD-11924,2026-03-06 18:00:00,2026-03-09 22:00:00,2026-03-17 22:00:00,BGA,TR-04,Entregado
ORD-11925,2026-05-27 16:00:00,2026-05-28 22:00:00,2026-05-30 20:00:00,MED,TR-03,Entregado
ORD-11926,2026-06-04 09:00:00,2026-06-05 12:00:00,2026-06-07 13:00:00,MED,TR-02,Entregado
ORD-11927,2026-06-21 11:00:00,2026-06-22 13:00:00,2026-06-24 17:00:00,MED,TR-03,Entregado
ORD-11928,2026-04-10 09:00:00,2026-04-14 12:00:00,2026-04-15 09:00:00,BOG,TR-03,Entregado
ORD-11929,2026-05-23 10:00:00,2026-05-27 18:00:00,2026-05-29 18:00:00,BAQ,TR-01,Entregado
ORD-11930,2026-05-21 10:00:00,2026-05-22 12:00:00,2026-05-25 17:00:00,BAQ,TR-03,Entregado
ORD-11931,2026-06-26 13:00:00,2026-06-29 20:00:00,2026-06-30 23:00:00,MED,TR-04,Entregado
ORD-11932,2026-04-22 15:00:00,2026-04-24 02:00:00,2026-04-25 03:00:00,BOG,TR-01,Entregado
ORD-11933,2026-06-28 12:00:00,2026-06-29 23:00:00,2026-06-30 23:00:00,BOG,TR-03,Entregado
ORD-11934,2026-05-25 17:00:00,2026-05-27 03:00:00,2026-05-29 07:00:00,BOG,TR-03,Entregado
ORD-11935,2026-06-06 08:00:00,2026-06-10 17:00:00,2026-06-11 14:00:00,BOG,TR-02,Entregado
ORD-11936,2026-03-01 18:00:00,2026-03-02 20:00:00,2026-03-04 17:00:00,CAL,TR-02,Entregado
ORD-11937,2026-04-30 14:00:00,2026-05-01 22:00:00,2026-05-03 18:00:00,MED,TR-01,Entregado
ORD-11938,2026-05-18 14:00:00,2026-05-19 19:00:00,2026-05-23 00:00:00,MED,TR-03,Entregado
ORD-11939,2026-05-29 18:00:00,2026-06-02 00:00:00,2026-06-04 22:00:00,BGA,TR-02,Entregado
ORD-11940,2026-01-13 12:00:00,2026-01-14 18:00:00,2026-01-15 15:00:00,BOG,TR-04,Entregado
ORD-11941,2026-06-10 15:00:00,2026-06-11 17:00:00,2026-06-12 18:00:00,BGA,TR-02,Entregado
ORD-11942,2026-04-18 18:00:00,2026-04-23 04:00:00,2026-04-24 05:00:00,BOG,TR-04,Entregado
ORD-11943,2026-01-17 11:00:00,2026-01-20 19:00:00,2026-01-21 23:00:00,BOG,TR-01,Entregado
ORD-11944,2026-06-24 16:00:00,2026-06-26 00:00:00,2026-06-29 04:00:00,MED,TR-01,Entregado
ORD-11945,2026-04-04 16:00:00,2026-04-08 22:00:00,2026-04-10 20:00:00,BOG,TR-02,Entregado
ORD-11946,2026-01-21 11:00:00,2026-01-22 20:00:00,2026-01-23 20:00:00,BOG,TR-02,Entregado
ORD-11947,2026-05-20 12:00:00,2026-05-21 21:00:00,,MED,TR-04,Devuelto
ORD-11948,2026-02-11 08:00:00,2026-02-12 15:00:00,2026-02-15 18:00:00,BAQ,TR-04,Entregado
ORD-11949,2026-04-11 13:00:00,2026-04-14 20:00:00,2026-04-17 00:00:00,BGA,TR-03,Entregado
ORD-11950,2026-02-17 14:00:00,2026-02-18 22:00:00,2026-02-21 01:00:00,MED,TR-03,Entregado
ORD-11951,2026-01-28 16:00:00,2026-01-30 00:00:00,2026-01-31 03:00:00,MED,TR-03,Entregado
ORD-11952,2026-04-09 09:00:00,2026-04-10 14:00:00,2026-04-13 18:00:00,BAQ,TR-04,Entregado
ORD-11953,2026-04-15 19:00:00,2026-04-16 21:00:00,2026-04-18 01:00:00,CAL,TR-01,Entregado
ORD-11954,2026-01-13 09:00:00,2026-01-14 18:00:00,2026-01-15 17:00:00,BOG,TR-04,Entregado
ORD-11955,2026-05-21 11:00:00,2026-05-22 13:00:00,2026-05-24 17:00:00,CAL,TR-01,Entregado
ORD-11956,2026-01-31 09:00:00,2026-02-03 18:00:00,2026-02-05 22:00:00,BGA,TR-03,Entregado
ORD-11957,2026-01-16 16:00:00,2026-01-20 00:00:00,2026-01-21 00:00:00,BOG,TR-04,Entregado
ORD-11958,2026-03-14 13:00:00,2026-03-17 17:00:00,2026-03-19 19:00:00,MED,TR-04,Entregado
ORD-11959,2026-02-23 15:00:00,2026-02-24 18:00:00,2026-02-25 15:00:00,BOG,TR-04,Entregado
ORD-11960,2026-04-10 14:00:00,2026-04-15 01:00:00,2026-04-17 06:00:00,BOG,TR-04,Entregado
ORD-11961,2026-06-22 09:00:00,2026-06-23 19:00:00,2026-06-25 00:00:00,MED,TR-04,Entregado
ORD-11962,2026-05-17 15:00:00,2026-05-18 20:00:00,2026-05-21 20:00:00,BAQ,TR-01,Entregado
ORD-11963,2026-01-08 14:00:00,2026-01-09 19:00:00,2026-01-10 19:00:00,MED,TR-01,Entregado
ORD-11964,2026-02-05 09:00:00,2026-02-06 16:00:00,2026-02-09 12:00:00,CAL,TR-03,Entregado
ORD-11965,2026-01-03 19:00:00,2026-01-08 06:00:00,2026-01-11 03:00:00,BGA,TR-03,Entregado
ORD-11966,2026-03-11 19:00:00,2026-03-13 01:00:00,2026-03-15 02:00:00,BOG,TR-03,Entregado
ORD-11967,2026-06-21 12:00:00,2026-06-22 17:00:00,2026-06-24 14:00:00,BOG,TR-02,Entregado
ORD-11968,2026-01-28 15:00:00,2026-01-30 02:00:00,2026-02-01 07:00:00,BOG,TR-02,Entregado
ORD-11969,2026-02-23 13:00:00,2026-02-24 15:00:00,2026-02-25 13:00:00,BOG,TR-01,Entregado
ORD-11970,2026-03-06 11:00:00,2026-03-09 21:00:00,2026-03-12 23:00:00,CAL,TR-03,Entregado
ORD-11971,2026-01-21 19:00:00,2026-01-22 21:00:00,2026-01-25 20:00:00,CAL,TR-01,Entregado
ORD-11972,2026-01-13 16:00:00,2026-01-15 01:00:00,2026-01-16 02:00:00,BOG,TR-01,Entregado
ORD-11973,2026-02-18 13:00:00,2026-02-19 19:00:00,2026-02-22 23:00:00,MED,TR-03,Entregado
ORD-11974,2026-02-23 17:00:00,2026-02-24 22:00:00,2026-02-26 02:00:00,BOG,TR-02,Entregado
ORD-11975,2026-02-22 19:00:00,2026-02-24 04:00:00,2026-02-26 01:00:00,MED,TR-01,Entregado
ORD-11976,2026-02-16 12:00:00,2026-02-17 17:00:00,2026-02-18 20:00:00,BOG,TR-02,Entregado
ORD-11977,2026-03-15 12:00:00,2026-03-16 22:00:00,2026-03-24 02:00:00,BGA,TR-04,Entregado
ORD-11978,2026-04-12 15:00:00,2026-04-14 00:00:00,2026-04-14 22:00:00,BOG,TR-04,Entregado
ORD-11979,2026-01-02 13:00:00,2026-01-05 22:00:00,2026-01-10 23:00:00,BGA,TR-04,Entregado
ORD-11980,2026-03-22 11:00:00,2026-03-23 21:00:00,2026-03-27 19:00:00,BAQ,TR-02,Entregado
ORD-11981,2026-05-22 17:00:00,2026-05-26 23:00:00,2026-05-27 21:00:00,BOG,TR-01,Entregado
ORD-11982,2026-06-12 16:00:00,2026-06-16 01:00:00,2026-06-19 06:00:00,CAL,TR-03,Entregado
ORD-11983,2026-05-11 13:00:00,2026-05-12 16:00:00,2026-05-14 20:00:00,CAL,TR-04,Entregado
ORD-11984,2026-01-17 19:00:00,2026-01-20 22:00:00,2026-01-24 01:00:00,BAQ,TR-04,Entregado
ORD-11985,2026-04-26 15:00:00,2026-04-28 01:00:00,2026-04-28 21:00:00,BGA,TR-01,Entregado
ORD-11986,2026-01-29 18:00:00,2026-01-31 04:00:00,2026-02-01 09:00:00,BOG,TR-01,Entregado
ORD-11987,2026-06-02 11:00:00,2026-06-03 19:00:00,2026-06-05 00:00:00,BOG,TR-03,Entregado
ORD-11988,2026-05-02 19:00:00,2026-05-05 22:00:00,2026-05-07 21:00:00,MED,TR-01,Entregado
ORD-11989,2026-03-31 13:00:00,2026-04-01 23:00:00,2026-04-03 03:00:00,BGA,TR-03,Entregado
ORD-11990,2026-03-06 11:00:00,2026-03-09 18:00:00,2026-03-11 14:00:00,MED,TR-03,Entregado
ORD-11991,2026-04-29 19:00:00,2026-05-01 00:00:00,2026-05-02 00:00:00,BOG,TR-02,Entregado
ORD-11992,2026-01-16 08:00:00,2026-01-19 18:00:00,2026-01-22 22:00:00,MED,TR-02,Entregado
ORD-11993,2026-04-14 19:00:00,2026-04-15 22:00:00,2026-04-18 03:00:00,MED,TR-04,Entregado
ORD-11994,2026-01-27 13:00:00,2026-01-28 17:00:00,2026-01-30 16:00:00,MED,TR-03,Entregado
ORD-11995,2026-06-19 18:00:00,2026-06-24 01:00:00,2026-06-27 01:00:00,MED,TR-02,Entregado
ORD-11996,2026-06-24 16:00:00,2026-06-25 23:00:00,2026-06-27 04:00:00,BOG,TR-01,Entregado
ORD-11997,2026-06-11 12:00:00,2026-06-12 16:00:00,2026-06-13 21:00:00,BOG,TR-02,Entregado
ORD-11998,2026-05-14 14:00:00,2026-05-15 20:00:00,2026-05-17 01:00:00,BGA,TR-01,Entregado
ORD-11999,2026-06-02 08:00:00,2026-06-03 10:00:00,2026-06-05 08:00:00,MED,TR-03,Entregado
ORD-12000,2026-02-24 17:00:00,2026-02-25 21:00:00,2026-02-27 00:00:00,BOG,TR-04,Entregado
ORD-12001,2026-01-07 11:00:00,2026-01-08 15:00:00,2026-01-11 15:00:00,MED,TR-04,Entregado
ORD-12002,2026-02-26 19:00:00,2026-02-27 21:00:00,2026-03-06 20:00:00,BGA,TR-04,Entregado
ORD-12003,2026-01-16 18:00:00,2026-01-20 02:00:00,2026-01-22 23:00:00,BAQ,TR-04,Entregado
ORD-12004,2026-04-27 11:00:00,2026-04-28 20:00:00,2026-04-30 17:00:00,CAL,TR-02,Entregado
ORD-12005,2026-05-15 11:00:00,2026-05-18 17:00:00,2026-05-19 17:00:00,BOG,TR-04,Entregado
ORD-12006,2026-04-21 10:00:00,2026-04-22 16:00:00,2026-04-25 20:00:00,CAL,TR-04,Entregado
ORD-12007,2026-06-09 18:00:00,2026-06-10 23:00:00,2026-06-13 04:00:00,BAQ,TR-04,Entregado
ORD-12008,2026-01-08 08:00:00,2026-01-09 18:00:00,2026-01-11 19:00:00,MED,TR-01,Entregado
ORD-12009,2026-02-14 13:00:00,2026-02-17 21:00:00,2026-02-18 21:00:00,BOG,TR-03,Entregado
ORD-12010,2026-02-28 11:00:00,2026-03-03 22:00:00,2026-03-07 03:00:00,CAL,TR-02,Entregado
ORD-12011,2026-04-14 10:00:00,2026-04-15 16:00:00,2026-04-17 19:00:00,CAL,TR-01,Entregado
ORD-12012,2026-06-06 16:00:00,2026-06-10 03:00:00,2026-06-11 05:00:00,BOG,TR-04,Entregado
ORD-12013,2026-06-06 09:00:00,2026-06-10 12:00:00,2026-06-11 14:00:00,MED,TR-01,Entregado
ORD-12014,2026-06-05 19:00:00,2026-06-10 00:00:00,2026-06-12 05:00:00,BGA,TR-02,Entregado
ORD-12015,2026-06-21 17:00:00,2026-06-23 03:00:00,2026-06-25 07:00:00,BOG,TR-01,Entregado
ORD-12016,2026-01-04 17:00:00,2026-01-06 03:00:00,2026-01-12 02:00:00,BAQ,TR-02,Entregado
ORD-12017,2026-04-14 16:00:00,2026-04-16 00:00:00,2026-04-17 01:00:00,BOG,TR-02,Entregado
ORD-12018,2026-04-29 12:00:00,2026-04-30 15:00:00,2026-05-03 19:00:00,CAL,TR-02,Entregado
ORD-12019,2026-02-25 11:00:00,2026-02-26 17:00:00,2026-02-28 15:00:00,CAL,TR-02,Entregado
ORD-12020,2026-06-27 18:00:00,2026-07-01 05:00:00,2026-07-04 09:00:00,BAQ,TR-04,Entregado
ORD-12021,2026-05-23 19:00:00,2026-05-27 04:00:00,2026-05-29 00:00:00,CAL,TR-02,Entregado
ORD-12022,2026-01-22 16:00:00,2026-01-23 22:00:00,2026-01-25 20:00:00,CAL,TR-01,Entregado
ORD-12023,2026-01-17 18:00:00,2026-01-22 00:00:00,2026-01-25 03:00:00,BGA,TR-01,Entregado
ORD-12024,2026-03-31 19:00:00,2026-04-02 00:00:00,2026-04-03 20:00:00,BGA,TR-01,Entregado
ORD-12025,2026-04-16 16:00:00,2026-04-18 02:00:00,2026-04-19 03:00:00,BOG,TR-01,Entregado
ORD-12026,2026-01-26 16:00:00,2026-01-27 18:00:00,2026-01-28 16:00:00,BOG,TR-01,Entregado
ORD-12027,2026-05-18 18:00:00,2026-05-20 04:00:00,2026-05-22 03:00:00,BOG,TR-04,Entregado
ORD-12028,2026-02-14 10:00:00,2026-02-18 14:00:00,2026-02-21 16:00:00,MED,TR-02,Entregado
ORD-12029,2026-01-11 12:00:00,2026-01-12 23:00:00,2026-01-14 01:00:00,MED,TR-04,Entregado
ORD-12030,2026-04-14 11:00:00,2026-04-15 13:00:00,2026-04-17 14:00:00,CAL,TR-02,Entregado
ORD-12031,2026-04-05 19:00:00,2026-04-06 22:00:00,2026-04-11 02:00:00,BAQ,TR-01,Entregado
ORD-12032,2026-03-06 08:00:00,2026-03-09 15:00:00,2026-03-11 14:00:00,MED,TR-04,Entregado
ORD-12033,2026-06-24 11:00:00,2026-06-25 15:00:00,2026-06-26 19:00:00,BOG,TR-01,Entregado
ORD-12034,2026-04-12 15:00:00,2026-04-13 21:00:00,2026-04-15 17:00:00,CAL,TR-03,Entregado
ORD-12035,2026-02-26 16:00:00,2026-02-27 22:00:00,2026-03-02 03:00:00,BOG,TR-01,Entregado
ORD-12036,2026-06-23 09:00:00,2026-06-24 19:00:00,2026-06-25 17:00:00,MED,TR-01,Entregado
ORD-12037,2026-01-26 08:00:00,2026-01-27 14:00:00,2026-01-30 19:00:00,MED,TR-03,Entregado
ORD-12038,2026-04-24 12:00:00,2026-04-27 14:00:00,2026-04-28 14:00:00,BOG,TR-04,Entregado
ORD-12039,2026-03-25 11:00:00,2026-03-26 17:00:00,2026-03-27 16:00:00,CAL,TR-02,Entregado
ORD-12040,2026-04-15 18:00:00,2026-04-16 21:00:00,2026-04-18 19:00:00,MED,TR-03,Entregado
ORD-12041,2026-02-23 08:00:00,2026-02-24 10:00:00,2026-02-26 13:00:00,BAQ,TR-01,Entregado
ORD-12042,2026-06-27 13:00:00,2026-06-30 23:00:00,2026-07-05 02:00:00,BAQ,TR-01,Entregado
ORD-12043,2026-06-04 09:00:00,2026-06-05 12:00:00,2026-06-07 15:00:00,BGA,TR-01,Entregado
ORD-12044,2026-01-15 17:00:00,2026-01-16 20:00:00,2026-01-19 21:00:00,BGA,TR-01,Entregado
ORD-12045,2026-01-21 12:00:00,2026-01-22 17:00:00,2026-01-23 21:00:00,BOG,TR-03,Entregado
ORD-12046,2026-05-14 13:00:00,2026-05-15 21:00:00,2026-05-17 00:00:00,BOG,TR-04,Entregado
ORD-12047,2026-03-03 13:00:00,2026-03-04 20:00:00,2026-03-05 23:00:00,BOG,TR-01,Entregado
ORD-12048,2026-03-19 17:00:00,2026-03-21 04:00:00,2026-03-23 05:00:00,MED,TR-04,Entregado
ORD-12049,2026-02-15 10:00:00,2026-02-16 21:00:00,2026-02-19 00:00:00,BGA,TR-01,Entregado
ORD-12050,2026-01-06 15:00:00,2026-01-07 21:00:00,2026-01-10 19:00:00,BGA,TR-02,Entregado
ORD-12051,2026-06-21 18:00:00,2026-06-22 21:00:00,2026-06-29 01:00:00,BGA,TR-04,Entregado
ORD-12052,2026-04-18 08:00:00,2026-04-21 12:00:00,2026-04-23 13:00:00,BAQ,TR-01,Entregado
ORD-12053,2026-03-16 09:00:00,2026-03-17 11:00:00,2026-03-19 11:00:00,BGA,TR-03,Entregado
ORD-12054,2026-01-11 19:00:00,2026-01-13 00:00:00,2026-01-16 20:00:00,BAQ,TR-02,Entregado
ORD-12055,2026-03-11 16:00:00,2026-03-13 01:00:00,2026-03-15 02:00:00,BOG,TR-01,Entregado
ORD-12056,2026-01-16 11:00:00,2026-01-19 17:00:00,,CAL,TR-03,Perdido
ORD-12057,2026-04-09 19:00:00,2026-04-10 23:00:00,2026-04-14 01:00:00,MED,TR-01,Entregado
ORD-12058,2026-02-17 15:00:00,2026-02-19 00:00:00,2026-02-19 20:00:00,CAL,TR-01,Entregado
ORD-12059,2026-03-05 18:00:00,2026-03-06 21:00:00,2026-03-11 19:00:00,BAQ,TR-02,Entregado
ORD-12060,2026-03-31 16:00:00,2026-04-01 23:00:00,2026-04-02 21:00:00,CAL,TR-04,Entregado
ORD-12061,2026-03-17 18:00:00,2026-03-19 01:00:00,2026-03-19 22:00:00,BOG,TR-02,Entregado
ORD-12062,2026-04-11 16:00:00,2026-04-16 01:00:00,2026-04-21 00:00:00,BGA,TR-04,Entregado
ORD-12063,2026-01-18 10:00:00,2026-01-19 18:00:00,2026-01-21 22:00:00,CAL,TR-03,Entregado
ORD-12064,2026-02-24 13:00:00,2026-02-25 16:00:00,2026-02-27 20:00:00,MED,TR-02,Entregado
ORD-12065,2026-04-28 09:00:00,2026-04-29 19:00:00,2026-05-01 19:00:00,CAL,TR-03,Entregado
ORD-12066,2026-06-03 13:00:00,2026-06-04 17:00:00,,BGA,TR-04,Devuelto
ORD-12067,2026-01-04 19:00:00,2026-01-06 05:00:00,2026-01-08 10:00:00,MED,TR-03,Entregado
ORD-12068,2026-04-25 18:00:00,2026-04-30 04:00:00,2026-05-01 08:00:00,BOG,TR-01,Entregado
ORD-12069,2026-05-05 09:00:00,2026-05-06 20:00:00,2026-05-07 18:00:00,MED,TR-02,Entregado
ORD-12070,2026-01-17 18:00:00,2026-01-21 20:00:00,,MED,TR-03,Devuelto
ORD-12071,2026-02-12 12:00:00,2026-02-13 21:00:00,2026-02-16 02:00:00,CAL,TR-02,Entregado
ORD-12072,2026-03-21 09:00:00,2026-03-24 16:00:00,2026-03-25 21:00:00,BOG,TR-04,Entregado
ORD-12073,2026-06-11 14:00:00,2026-06-12 17:00:00,2026-06-14 14:00:00,CAL,TR-01,Entregado
ORD-12074,2026-01-08 17:00:00,2026-01-10 01:00:00,,MED,TR-04,Devuelto
ORD-12075,2026-01-08 11:00:00,2026-01-09 16:00:00,2026-01-12 21:00:00,BGA,TR-03,Entregado
ORD-12076,2026-04-04 08:00:00,2026-04-08 11:00:00,2026-04-10 07:00:00,MED,TR-03,Entregado
ORD-12077,2026-06-20 14:00:00,2026-06-25 00:00:00,2026-06-26 22:00:00,CAL,TR-02,Entregado
ORD-12078,2026-03-22 18:00:00,2026-03-23 23:00:00,2026-03-24 19:00:00,BOG,TR-03,Entregado
ORD-12079,2026-03-25 15:00:00,2026-03-26 23:00:00,2026-03-28 02:00:00,MED,TR-04,Entregado
ORD-12080,2026-03-27 13:00:00,2026-03-30 15:00:00,2026-04-01 20:00:00,CAL,TR-02,Entregado
ORD-12081,2026-02-13 16:00:00,2026-02-17 02:00:00,2026-02-17 22:00:00,BOG,TR-04,Entregado
ORD-12082,2026-06-14 17:00:00,2026-06-15 23:00:00,2026-06-24 04:00:00,BGA,TR-04,Entregado
ORD-12083,2026-02-05 12:00:00,2026-02-06 14:00:00,2026-02-08 15:00:00,MED,TR-02,Entregado
ORD-12084,2026-06-05 17:00:00,2026-06-09 22:00:00,2026-06-12 21:00:00,BAQ,TR-03,Entregado
ORD-12085,2026-06-20 12:00:00,2026-06-24 21:00:00,2026-06-27 19:00:00,BAQ,TR-04,Entregado
ORD-12086,2026-06-19 19:00:00,2026-06-23 01:00:00,2026-06-24 04:00:00,MED,TR-02,Entregado
ORD-12087,2026-04-14 09:00:00,2026-04-15 19:00:00,2026-04-16 17:00:00,MED,TR-03,Entregado
ORD-12088,2026-02-24 15:00:00,2026-02-25 21:00:00,2026-02-27 23:00:00,MED,TR-04,Entregado
ORD-12089,2026-06-25 18:00:00,2026-06-26 23:00:00,2026-06-28 00:00:00,BOG,TR-04,Entregado
ORD-12090,2026-01-22 12:00:00,2026-01-23 17:00:00,2026-01-25 18:00:00,BGA,TR-03,Entregado
ORD-12091,2026-06-04 16:00:00,2026-06-06 00:00:00,2026-06-07 01:00:00,BOG,TR-03,Entregado
ORD-12092,2026-04-03 10:00:00,2026-04-07 16:00:00,2026-04-08 17:00:00,BOG,TR-04,Entregado
ORD-12093,2026-04-18 17:00:00,2026-04-21 22:00:00,2026-04-22 23:00:00,BOG,TR-04,Entregado
ORD-12094,2026-01-09 13:00:00,2026-01-13 23:00:00,2026-01-15 03:00:00,BOG,TR-01,Entregado
ORD-12095,2026-06-04 09:00:00,2026-06-05 11:00:00,2026-06-06 07:00:00,BOG,TR-02,Entregado
ORD-12096,2026-05-09 16:00:00,2026-05-13 00:00:00,2026-05-15 05:00:00,BOG,TR-01,Entregado
ORD-12097,2026-04-03 14:00:00,2026-04-06 23:00:00,2026-04-07 19:00:00,BOG,TR-04,Entregado
ORD-12098,2026-03-08 11:00:00,2026-03-09 18:00:00,2026-03-11 14:00:00,MED,TR-02,Entregado
ORD-12099,2026-05-28 12:00:00,2026-05-29 18:00:00,2026-05-31 15:00:00,MED,TR-01,Entregado
ORD-12100,2026-04-04 10:00:00,2026-04-07 19:00:00,2026-04-09 00:00:00,BOG,TR-01,Entregado
ORD-12101,2026-04-09 08:00:00,2026-04-10 13:00:00,2026-04-13 12:00:00,BAQ,TR-03,Entregado
ORD-12102,2026-04-13 18:00:00,2026-04-15 05:00:00,2026-04-17 01:00:00,MED,TR-03,Entregado
ORD-12103,2026-03-31 08:00:00,2026-04-01 12:00:00,,BOG,TR-01,Perdido
ORD-12104,2026-01-18 11:00:00,2026-01-19 17:00:00,2026-01-22 15:00:00,BAQ,TR-04,Entregado
ORD-12105,2026-04-03 11:00:00,2026-04-07 14:00:00,2026-04-09 18:00:00,MED,TR-04,Entregado
ORD-12106,2026-04-01 09:00:00,2026-04-02 13:00:00,2026-04-04 09:00:00,BOG,TR-04,Entregado
ORD-12107,2026-03-09 08:00:00,2026-03-10 16:00:00,2026-03-12 21:00:00,BOG,TR-04,Entregado
ORD-12108,2026-04-24 08:00:00,2026-04-28 11:00:00,,CAL,TR-03,Perdido
ORD-12109,2026-02-27 17:00:00,2026-03-04 04:00:00,2026-03-06 06:00:00,BGA,TR-01,Entregado
ORD-12110,2026-04-19 11:00:00,2026-04-20 13:00:00,2026-04-21 09:00:00,BOG,TR-03,Entregado
ORD-12111,2026-04-26 14:00:00,2026-04-27 18:00:00,2026-04-29 15:00:00,CAL,TR-02,Entregado
ORD-12112,2026-01-10 18:00:00,2026-01-13 21:00:00,2026-01-14 20:00:00,MED,TR-03,Entregado
ORD-12113,2026-02-10 16:00:00,2026-02-11 23:00:00,2026-02-13 02:00:00,BOG,TR-01,Entregado
ORD-12114,2026-05-13 17:00:00,2026-05-15 01:00:00,2026-05-16 01:00:00,BOG,TR-04,Entregado
ORD-12115,2026-05-25 13:00:00,2026-05-26 18:00:00,2026-05-27 21:00:00,BOG,TR-04,Entregado
ORD-12116,2026-04-08 15:00:00,2026-04-09 20:00:00,2026-04-10 17:00:00,BGA,TR-03,Entregado
ORD-12117,2026-06-18 11:00:00,2026-06-19 14:00:00,2026-06-20 18:00:00,BOG,TR-04,Entregado
ORD-12118,2026-05-19 15:00:00,2026-05-20 18:00:00,2026-05-22 18:00:00,MED,TR-02,Entregado
ORD-12119,2026-06-28 12:00:00,2026-06-29 16:00:00,2026-07-01 19:00:00,MED,TR-04,Entregado
ORD-12120,2026-04-09 19:00:00,2026-04-10 23:00:00,2026-04-12 23:00:00,MED,TR-01,Entregado
ORD-12121,2026-01-26 10:00:00,2026-01-27 18:00:00,2026-01-28 14:00:00,BGA,TR-03,Entregado
ORD-12122,2026-05-27 19:00:00,2026-05-28 21:00:00,2026-05-30 01:00:00,MED,TR-04,Entregado
ORD-12123,2026-02-16 14:00:00,2026-02-17 20:00:00,2026-02-20 20:00:00,BGA,TR-03,Entregado
ORD-12124,2026-03-12 17:00:00,2026-03-14 02:00:00,2026-03-16 02:00:00,BAQ,TR-01,Entregado
ORD-12125,2026-02-09 12:00:00,2026-02-10 20:00:00,2026-02-18 00:00:00,BGA,TR-04,Entregado
ORD-12126,2026-05-29 11:00:00,2026-06-01 22:00:00,2026-06-05 01:00:00,MED,TR-03,Entregado
ORD-12127,2026-01-23 17:00:00,2026-01-26 22:00:00,2026-01-27 18:00:00,BOG,TR-04,Entregado
ORD-12128,2026-03-25 09:00:00,2026-03-26 13:00:00,2026-03-28 15:00:00,BOG,TR-01,Entregado
ORD-12129,2026-04-26 15:00:00,2026-04-27 18:00:00,2026-04-29 22:00:00,MED,TR-04,Entregado
ORD-12130,2026-02-10 10:00:00,2026-02-11 18:00:00,2026-02-13 20:00:00,MED,TR-04,Entregado
ORD-12131,2026-04-22 14:00:00,2026-04-24 01:00:00,2026-04-26 03:00:00,BGA,TR-03,Entregado
ORD-12132,2026-02-15 19:00:00,2026-02-16 21:00:00,2026-02-18 19:00:00,BOG,TR-03,Entregado
ORD-12133,2026-03-09 17:00:00,2026-03-11 03:00:00,2026-03-13 01:00:00,MED,TR-02,Entregado
ORD-12134,2026-01-15 10:00:00,2026-01-16 17:00:00,2026-01-18 14:00:00,CAL,TR-01,Entregado
ORD-12135,2026-06-14 08:00:00,2026-06-15 13:00:00,2026-06-16 12:00:00,BOG,TR-01,Entregado
ORD-12136,2026-04-21 15:00:00,2026-04-23 01:00:00,2026-04-24 04:00:00,MED,TR-04,Entregado
ORD-12137,2026-01-27 15:00:00,2026-01-29 00:00:00,2026-01-31 01:00:00,MED,TR-01,Entregado
ORD-12138,2026-06-13 09:00:00,2026-06-17 18:00:00,2026-06-19 14:00:00,CAL,TR-02,Entregado
ORD-12139,2026-01-24 15:00:00,2026-01-27 18:00:00,2026-01-30 20:00:00,CAL,TR-04,Entregado
ORD-12140,2026-01-04 10:00:00,2026-01-05 17:00:00,2026-01-07 13:00:00,BAQ,TR-04,Entregado
ORD-12141,2026-02-03 16:00:00,2026-02-05 00:00:00,2026-02-07 05:00:00,CAL,TR-01,Entregado
ORD-12142,2026-06-26 14:00:00,2026-07-01 00:00:00,2026-07-01 22:00:00,BOG,TR-02,Entregado
ORD-12143,2026-04-26 14:00:00,2026-04-27 22:00:00,2026-04-29 00:00:00,BGA,TR-02,Entregado
ORD-12144,2026-04-19 12:00:00,2026-04-20 14:00:00,2026-04-22 17:00:00,BOG,TR-01,Entregado
ORD-12145,2026-04-05 12:00:00,2026-04-06 16:00:00,2026-04-08 14:00:00,BAQ,TR-02,Entregado
ORD-12146,2026-03-03 16:00:00,2026-03-05 03:00:00,2026-03-06 04:00:00,BOG,TR-02,Entregado
ORD-12147,2026-02-26 16:00:00,2026-02-27 22:00:00,2026-03-01 21:00:00,BGA,TR-02,Entregado
ORD-12148,2026-02-23 13:00:00,2026-02-24 17:00:00,2026-02-26 16:00:00,BAQ,TR-04,Entregado
ORD-12149,2026-04-11 16:00:00,2026-04-14 20:00:00,2026-04-16 19:00:00,MED,TR-03,Entregado
ORD-12150,2026-05-18 15:00:00,2026-05-19 18:00:00,2026-05-20 23:00:00,MED,TR-02,Entregado
ORD-12151,2026-05-15 14:00:00,2026-05-19 00:00:00,2026-05-22 04:00:00,MED,TR-04,Entregado
ORD-12152,2026-06-15 12:00:00,2026-06-16 16:00:00,2026-06-18 20:00:00,BGA,TR-03,Entregado
ORD-12153,2026-03-02 11:00:00,2026-03-03 21:00:00,2026-03-04 20:00:00,MED,TR-01,Entregado
ORD-12154,2026-01-03 10:00:00,2026-01-06 12:00:00,2026-01-08 17:00:00,CAL,TR-01,Entregado
ORD-12155,2026-03-27 11:00:00,2026-03-30 14:00:00,2026-03-31 12:00:00,BOG,TR-01,Entregado
ORD-12156,2026-03-17 13:00:00,2026-03-19 00:00:00,2026-03-20 03:00:00,MED,TR-01,Entregado
ORD-12157,2026-06-13 16:00:00,2026-06-17 21:00:00,2026-06-19 23:00:00,MED,TR-02,Entregado
ORD-12158,2026-05-21 14:00:00,2026-05-23 01:00:00,2026-05-23 21:00:00,BOG,TR-01,Entregado
ORD-12159,2026-02-27 09:00:00,2026-03-02 17:00:00,2026-03-07 14:00:00,BGA,TR-04,Entregado
ORD-12160,2026-01-30 12:00:00,2026-02-03 16:00:00,2026-02-05 18:00:00,BGA,TR-01,Entregado
ORD-12161,2026-01-25 18:00:00,2026-01-26 22:00:00,2026-01-28 20:00:00,CAL,TR-01,Entregado
ORD-12162,2026-06-28 16:00:00,2026-06-29 21:00:00,2026-07-04 02:00:00,BAQ,TR-03,Entregado
ORD-12163,2026-05-06 18:00:00,2026-05-07 20:00:00,2026-05-10 16:00:00,MED,TR-01,Entregado
ORD-12164,2026-02-16 13:00:00,2026-02-17 21:00:00,2026-02-21 02:00:00,MED,TR-04,Entregado
ORD-12165,2026-02-08 15:00:00,2026-02-09 20:00:00,2026-02-12 18:00:00,BAQ,TR-02,Entregado
ORD-12166,2026-01-22 12:00:00,2026-01-23 19:00:00,2026-01-24 21:00:00,BOG,TR-04,Entregado
ORD-12167,2026-02-23 12:00:00,2026-02-24 21:00:00,2026-02-25 17:00:00,BGA,TR-03,Entregado
ORD-12168,2026-01-16 18:00:00,2026-01-21 03:00:00,2026-01-22 00:00:00,CAL,TR-01,Entregado
ORD-12169,2026-01-31 17:00:00,2026-02-05 00:00:00,2026-02-10 21:00:00,BAQ,TR-02,Entregado
ORD-12170,2026-02-01 18:00:00,2026-02-03 00:00:00,2026-02-06 04:00:00,MED,TR-01,Entregado
ORD-12171,2026-06-11 16:00:00,2026-06-12 21:00:00,2026-06-14 20:00:00,BOG,TR-01,Entregado
ORD-12172,2026-05-19 17:00:00,2026-05-21 00:00:00,2026-05-22 04:00:00,BOG,TR-02,Entregado
ORD-12173,2026-01-17 11:00:00,2026-01-21 15:00:00,2026-01-23 12:00:00,MED,TR-02,Entregado
ORD-12174,2026-02-17 11:00:00,2026-02-18 15:00:00,2026-02-19 12:00:00,CAL,TR-04,Entregado
ORD-12175,2026-04-21 16:00:00,2026-04-23 00:00:00,2026-04-26 04:00:00,MED,TR-01,Entregado
ORD-12176,2026-05-03 12:00:00,2026-05-04 17:00:00,2026-05-05 20:00:00,MED,TR-02,Entregado
ORD-12177,2026-04-11 13:00:00,2026-04-14 18:00:00,2026-04-17 21:00:00,BAQ,TR-01,Entregado
ORD-12178,2026-03-06 16:00:00,2026-03-10 00:00:00,2026-03-11 22:00:00,CAL,TR-03,Entregado
ORD-12179,2026-02-20 11:00:00,2026-02-24 17:00:00,2026-02-25 18:00:00,CAL,TR-01,Entregado
ORD-12180,2026-03-22 16:00:00,2026-03-24 03:00:00,2026-03-27 03:00:00,BAQ,TR-01,Entregado
ORD-12181,2026-05-07 15:00:00,2026-05-08 17:00:00,2026-05-10 13:00:00,BGA,TR-03,Entregado
ORD-12182,2026-04-14 14:00:00,2026-04-16 01:00:00,2026-04-17 01:00:00,CAL,TR-02,Entregado
ORD-12183,2026-05-03 13:00:00,2026-05-05 00:00:00,2026-05-07 01:00:00,BOG,TR-04,Entregado
ORD-12184,2026-01-01 14:00:00,2026-01-03 00:00:00,2026-01-04 02:00:00,CAL,TR-01,Entregado
ORD-12185,2026-05-02 14:00:00,2026-05-06 17:00:00,2026-05-08 20:00:00,MED,TR-02,Entregado
ORD-12186,2026-05-06 16:00:00,2026-05-08 02:00:00,2026-05-09 06:00:00,BOG,TR-02,Entregado
ORD-12187,2026-03-22 09:00:00,2026-03-23 19:00:00,2026-03-25 23:00:00,MED,TR-01,Entregado
ORD-12188,2026-06-18 16:00:00,2026-06-19 23:00:00,2026-06-21 04:00:00,BOG,TR-04,Entregado
ORD-12189,2026-05-21 13:00:00,2026-05-22 21:00:00,2026-05-24 22:00:00,MED,TR-04,Entregado
ORD-12190,2026-01-06 11:00:00,2026-01-07 16:00:00,2026-01-09 15:00:00,CAL,TR-04,Entregado
ORD-12191,2026-02-21 12:00:00,2026-02-24 14:00:00,2026-02-26 16:00:00,BGA,TR-01,Entregado
ORD-12192,2026-01-03 08:00:00,2026-01-07 10:00:00,2026-01-09 14:00:00,BAQ,TR-01,Entregado
ORD-12193,2026-03-04 08:00:00,2026-03-05 15:00:00,2026-03-06 12:00:00,BGA,TR-02,Entregado
ORD-12194,2026-03-17 14:00:00,2026-03-18 22:00:00,2026-03-21 00:00:00,MED,TR-03,Entregado
ORD-12195,2026-03-06 08:00:00,2026-03-10 13:00:00,2026-03-11 09:00:00,BOG,TR-03,Entregado
ORD-12196,2026-01-15 11:00:00,2026-01-16 14:00:00,2026-01-17 16:00:00,BOG,TR-01,Entregado
ORD-12197,2026-02-01 11:00:00,2026-02-02 17:00:00,2026-02-04 16:00:00,MED,TR-01,Entregado
ORD-12198,2026-05-26 08:00:00,2026-05-27 10:00:00,2026-05-30 06:00:00,CAL,TR-01,Entregado
ORD-12199,2026-03-24 18:00:00,2026-03-26 03:00:00,2026-03-29 03:00:00,BAQ,TR-01,Entregado
ORD-12200,2026-04-26 10:00:00,2026-04-27 12:00:00,2026-04-28 12:00:00,BOG,TR-03,Entregado
ORD-12201,2026-03-19 17:00:00,2026-03-21 04:00:00,2026-03-23 08:00:00,MED,TR-02,Entregado
ORD-12202,2026-02-02 09:00:00,2026-02-03 18:00:00,2026-02-09 21:00:00,BGA,TR-04,Entregado
ORD-12203,2026-05-12 15:00:00,2026-05-14 01:00:00,2026-05-15 21:00:00,MED,TR-01,Entregado
ORD-12204,2026-02-28 10:00:00,2026-03-03 20:00:00,2026-03-06 21:00:00,CAL,TR-04,Entregado
ORD-12205,2026-05-14 16:00:00,2026-05-15 22:00:00,2026-05-18 21:00:00,MED,TR-04,Entregado
ORD-12206,2026-06-26 15:00:00,2026-06-30 20:00:00,2026-07-01 19:00:00,BGA,TR-01,Entregado
ORD-12207,2026-03-24 12:00:00,2026-03-25 23:00:00,2026-03-27 21:00:00,BAQ,TR-03,Entregado
ORD-12208,2026-01-27 13:00:00,2026-01-28 16:00:00,2026-01-30 16:00:00,CAL,TR-04,Entregado
ORD-12209,2026-01-13 10:00:00,2026-01-14 14:00:00,2026-01-17 15:00:00,MED,TR-02,Entregado
ORD-12210,2026-05-27 19:00:00,2026-05-29 03:00:00,2026-06-01 08:00:00,CAL,TR-03,Entregado
ORD-12211,2026-03-21 18:00:00,2026-03-25 04:00:00,2026-03-27 03:00:00,MED,TR-03,Entregado
ORD-12212,2026-02-12 17:00:00,2026-02-13 22:00:00,2026-02-15 22:00:00,MED,TR-03,Entregado
ORD-12213,2026-03-30 11:00:00,2026-03-31 14:00:00,2026-04-03 10:00:00,CAL,TR-03,Entregado
ORD-12214,2026-04-05 11:00:00,2026-04-06 16:00:00,2026-04-08 16:00:00,CAL,TR-01,Entregado
ORD-12215,2026-06-21 14:00:00,2026-06-22 21:00:00,2026-06-26 01:00:00,MED,TR-01,Entregado
ORD-12216,2026-01-02 15:00:00,2026-01-05 22:00:00,2026-01-08 03:00:00,MED,TR-01,Entregado
ORD-12217,2026-01-22 10:00:00,2026-01-23 13:00:00,2026-01-24 18:00:00,MED,TR-03,Entregado
ORD-12218,2026-02-26 12:00:00,2026-02-27 19:00:00,2026-03-01 23:00:00,CAL,TR-01,Entregado
ORD-12219,2026-03-13 14:00:00,2026-03-17 18:00:00,2026-03-18 23:00:00,BOG,TR-03,Entregado
ORD-12220,2026-04-29 10:00:00,2026-04-30 21:00:00,2026-05-02 17:00:00,BOG,TR-01,Entregado
ORD-12221,2026-04-24 14:00:00,2026-04-27 21:00:00,2026-04-29 21:00:00,CAL,TR-04,Entregado
ORD-12222,2026-03-24 10:00:00,2026-03-25 20:00:00,2026-03-26 16:00:00,BOG,TR-01,Entregado
ORD-12223,2026-03-13 19:00:00,2026-03-18 03:00:00,2026-03-20 05:00:00,CAL,TR-04,Entregado
ORD-12224,2026-04-23 19:00:00,2026-04-25 01:00:00,2026-04-29 04:00:00,BAQ,TR-02,Entregado
ORD-12225,2026-05-06 12:00:00,2026-05-07 14:00:00,2026-05-09 12:00:00,CAL,TR-03,Entregado
ORD-12226,2026-03-16 12:00:00,2026-03-17 20:00:00,2026-03-20 20:00:00,MED,TR-01,Entregado
ORD-12227,2026-01-27 19:00:00,2026-01-28 21:00:00,2026-01-31 17:00:00,CAL,TR-03,Entregado
ORD-12228,2026-05-25 13:00:00,2026-05-26 20:00:00,2026-05-27 18:00:00,BGA,TR-01,Entregado
ORD-12229,2026-04-07 12:00:00,2026-04-08 14:00:00,2026-04-10 19:00:00,MED,TR-01,Entregado
ORD-12230,2026-02-26 19:00:00,2026-02-27 23:00:00,2026-03-01 03:00:00,CAL,TR-02,Entregado
ORD-12231,2026-03-19 12:00:00,2026-03-20 18:00:00,2026-03-22 18:00:00,BOG,TR-01,Entregado
ORD-12232,2026-04-28 15:00:00,2026-04-29 23:00:00,2026-04-30 23:00:00,BOG,TR-01,Entregado
ORD-12233,2026-02-28 08:00:00,2026-03-04 15:00:00,2026-03-08 13:00:00,BAQ,TR-04,Entregado
ORD-12234,2026-03-03 09:00:00,2026-03-04 13:00:00,2026-03-06 17:00:00,MED,TR-01,Entregado
ORD-12235,2026-04-22 16:00:00,2026-04-24 02:00:00,2026-04-25 23:00:00,MED,TR-01,Entregado
ORD-12236,2026-01-19 13:00:00,2026-01-20 17:00:00,2026-01-23 22:00:00,BAQ,TR-03,Entregado
ORD-12237,2026-05-03 09:00:00,2026-05-04 18:00:00,2026-05-06 21:00:00,BOG,TR-03,Entregado
ORD-12238,2026-02-16 14:00:00,2026-02-17 19:00:00,2026-02-18 20:00:00,BOG,TR-02,Entregado
ORD-12239,2026-02-02 11:00:00,2026-02-03 21:00:00,2026-02-06 01:00:00,MED,TR-03,Entregado
ORD-12240,2026-05-15 14:00:00,2026-05-18 20:00:00,2026-05-19 17:00:00,BOG,TR-03,Entregado
ORD-12241,2026-01-14 14:00:00,2026-01-16 01:00:00,2026-01-16 23:00:00,BOG,TR-03,Entregado
ORD-12242,2026-05-27 13:00:00,2026-05-28 22:00:00,2026-06-01 00:00:00,MED,TR-02,Entregado
ORD-12243,2026-05-28 15:00:00,2026-05-29 23:00:00,2026-06-01 21:00:00,MED,TR-01,Entregado
ORD-12244,2026-03-23 17:00:00,2026-03-24 20:00:00,2026-03-27 20:00:00,BAQ,TR-04,Entregado
ORD-12245,2026-04-15 16:00:00,2026-04-16 22:00:00,2026-04-17 22:00:00,BOG,TR-03,Entregado
ORD-12246,2026-05-16 17:00:00,2026-05-19 22:00:00,2026-05-22 03:00:00,BAQ,TR-03,Entregado
ORD-12247,2026-03-03 17:00:00,2026-03-04 23:00:00,2026-03-07 01:00:00,CAL,TR-01,Entregado
ORD-12248,2026-01-17 09:00:00,2026-01-21 19:00:00,2026-01-23 20:00:00,CAL,TR-04,Entregado
ORD-12249,2026-01-06 17:00:00,2026-01-08 00:00:00,2026-01-10 21:00:00,BAQ,TR-03,Entregado
ORD-12250,2026-03-10 19:00:00,2026-03-12 05:00:00,2026-03-14 04:00:00,BGA,TR-01,Entregado
ORD-12251,2026-03-03 16:00:00,2026-03-05 00:00:00,2026-03-07 00:00:00,BGA,TR-03,Entregado
ORD-12252,2026-03-23 17:00:00,2026-03-25 03:00:00,2026-03-26 00:00:00,CAL,TR-04,Entregado
ORD-12253,2026-06-18 08:00:00,2026-06-19 19:00:00,2026-06-21 15:00:00,MED,TR-02,Entregado
ORD-12254,2026-06-26 19:00:00,2026-07-01 06:00:00,2026-07-02 08:00:00,MED,TR-04,Entregado
ORD-12255,2026-03-12 18:00:00,2026-03-14 02:00:00,2026-03-15 00:00:00,BOG,TR-01,Entregado
ORD-12256,2026-05-11 17:00:00,2026-05-12 22:00:00,2026-05-13 22:00:00,BOG,TR-02,Entregado
ORD-12257,2026-04-08 16:00:00,2026-04-10 03:00:00,2026-04-11 08:00:00,MED,TR-03,Entregado
ORD-12258,2026-02-04 09:00:00,2026-02-05 18:00:00,2026-02-06 22:00:00,MED,TR-03,Entregado
ORD-12259,2026-05-04 15:00:00,2026-05-05 23:00:00,2026-05-09 00:00:00,MED,TR-02,Entregado
ORD-12260,2026-03-15 13:00:00,2026-03-16 23:00:00,2026-03-17 23:00:00,BGA,TR-01,Entregado
ORD-12261,2026-01-22 17:00:00,2026-01-24 03:00:00,2026-01-26 07:00:00,MED,TR-04,Entregado
ORD-12262,2026-06-20 14:00:00,2026-06-23 19:00:00,2026-06-24 20:00:00,CAL,TR-02,Entregado
ORD-12263,2026-02-08 18:00:00,2026-02-09 22:00:00,2026-02-12 22:00:00,BAQ,TR-04,Entregado
ORD-12264,2026-06-06 13:00:00,2026-06-10 18:00:00,2026-06-13 21:00:00,BGA,TR-02,Entregado
ORD-12265,2026-01-20 18:00:00,2026-01-22 00:00:00,2026-01-23 22:00:00,CAL,TR-03,Entregado
ORD-12266,2026-02-10 13:00:00,2026-02-11 17:00:00,2026-02-12 14:00:00,CAL,TR-03,Entregado
ORD-12267,2026-05-28 19:00:00,2026-05-29 21:00:00,2026-06-01 00:00:00,BGA,TR-03,Entregado
ORD-12268,2026-05-27 11:00:00,2026-05-28 16:00:00,2026-05-30 16:00:00,MED,TR-02,Entregado
ORD-12269,2026-04-21 09:00:00,2026-04-22 13:00:00,2026-04-24 09:00:00,BAQ,TR-02,Entregado
ORD-12270,2026-06-07 12:00:00,2026-06-08 23:00:00,2026-06-11 02:00:00,BGA,TR-02,Entregado
ORD-12271,2026-02-03 13:00:00,2026-02-04 19:00:00,2026-02-08 15:00:00,BAQ,TR-04,Entregado
ORD-12272,2026-03-08 13:00:00,2026-03-09 23:00:00,2026-03-11 20:00:00,MED,TR-01,Entregado
ORD-12273,2026-01-27 17:00:00,2026-01-28 21:00:00,2026-01-30 02:00:00,BOG,TR-04,Entregado
ORD-12274,2026-03-14 08:00:00,2026-03-17 10:00:00,2026-03-19 13:00:00,MED,TR-04,Entregado
ORD-12275,2026-04-06 13:00:00,2026-04-07 22:00:00,2026-04-09 02:00:00,BOG,TR-03,Entregado
ORD-12276,2026-04-10 18:00:00,2026-04-13 22:00:00,2026-04-14 22:00:00,BOG,TR-02,Entregado
ORD-12277,2026-01-02 11:00:00,2026-01-06 22:00:00,2026-01-10 01:00:00,CAL,TR-03,Entregado
ORD-12278,2026-03-06 10:00:00,2026-03-09 18:00:00,2026-03-12 20:00:00,BAQ,TR-04,Entregado
ORD-12279,2026-06-03 16:00:00,2026-06-04 20:00:00,2026-06-06 20:00:00,BOG,TR-01,Entregado
ORD-12280,2026-01-10 12:00:00,2026-01-13 23:00:00,2026-01-15 23:00:00,CAL,TR-01,Entregado
ORD-12281,2026-03-20 18:00:00,2026-03-24 01:00:00,2026-03-29 23:00:00,BAQ,TR-02,Entregado
ORD-12282,2026-05-30 10:00:00,2026-06-03 16:00:00,2026-06-04 16:00:00,BOG,TR-01,Entregado
ORD-12283,2026-02-17 12:00:00,2026-02-18 15:00:00,2026-02-20 14:00:00,CAL,TR-03,Entregado
ORD-12284,2026-05-03 15:00:00,2026-05-05 00:00:00,2026-05-06 22:00:00,BGA,TR-02,Entregado
ORD-12285,2026-01-22 11:00:00,2026-01-23 15:00:00,2026-01-24 17:00:00,BOG,TR-04,Entregado
ORD-12286,2026-04-08 16:00:00,2026-04-09 20:00:00,2026-04-10 20:00:00,MED,TR-03,Entregado
ORD-12287,2026-01-28 08:00:00,2026-01-29 13:00:00,2026-01-31 16:00:00,CAL,TR-04,Entregado
ORD-12288,2026-04-23 11:00:00,2026-04-24 21:00:00,2026-05-02 18:00:00,BGA,TR-04,Entregado
ORD-12289,2026-01-07 08:00:00,2026-01-08 11:00:00,2026-01-09 12:00:00,BOG,TR-02,Entregado
ORD-12290,2026-05-17 11:00:00,2026-05-18 22:00:00,2026-05-21 22:00:00,BAQ,TR-03,Entregado
ORD-12291,2026-03-24 08:00:00,2026-03-25 18:00:00,2026-03-26 14:00:00,BOG,TR-04,Entregado
ORD-12292,2026-05-18 11:00:00,2026-05-19 20:00:00,2026-05-22 17:00:00,CAL,TR-02,Entregado
ORD-12293,2026-03-14 17:00:00,2026-03-19 00:00:00,2026-03-20 02:00:00,BOG,TR-01,Entregado
ORD-12294,2026-06-09 13:00:00,2026-06-10 21:00:00,2026-06-11 17:00:00,MED,TR-02,Entregado
ORD-12295,2026-06-25 13:00:00,2026-06-26 15:00:00,2026-06-27 16:00:00,BOG,TR-02,Entregado
ORD-12296,2026-05-25 17:00:00,2026-05-27 01:00:00,2026-05-28 22:00:00,MED,TR-04,Entregado
ORD-12297,2026-04-24 18:00:00,2026-04-27 22:00:00,2026-04-30 00:00:00,BOG,TR-01,Entregado
ORD-12298,2026-02-23 09:00:00,2026-02-24 20:00:00,2026-02-28 23:00:00,BGA,TR-04,Entregado
ORD-12299,2026-06-12 11:00:00,2026-06-15 20:00:00,2026-06-17 21:00:00,BGA,TR-01,Entregado
ORD-12300,2026-03-26 16:00:00,2026-03-27 23:00:00,2026-03-29 23:00:00,CAL,TR-03,Entregado
ORD-12301,2026-06-05 11:00:00,2026-06-08 15:00:00,2026-06-10 14:00:00,BOG,TR-02,Entregado
ORD-12302,2026-04-03 18:00:00,2026-04-07 05:00:00,2026-04-12 09:00:00,BGA,TR-04,Entregado
ORD-12303,2026-03-14 18:00:00,2026-03-17 21:00:00,2026-03-20 00:00:00,CAL,TR-04,Entregado
ORD-12304,2026-06-03 10:00:00,2026-06-04 17:00:00,2026-06-05 14:00:00,CAL,TR-04,Entregado
ORD-12305,2026-04-02 08:00:00,2026-04-03 17:00:00,2026-04-06 17:00:00,BAQ,TR-04,Entregado
ORD-12306,2026-02-12 16:00:00,2026-02-13 23:00:00,2026-02-15 22:00:00,MED,TR-02,Entregado
ORD-12307,2026-02-10 17:00:00,2026-02-11 23:00:00,2026-02-14 04:00:00,MED,TR-01,Entregado
ORD-12308,2026-06-27 11:00:00,2026-07-01 22:00:00,2026-07-03 01:00:00,MED,TR-03,Entregado
ORD-12309,2026-06-17 14:00:00,2026-06-18 16:00:00,2026-06-19 14:00:00,BOG,TR-01,Entregado
ORD-12310,2026-04-23 12:00:00,2026-04-24 19:00:00,2026-04-27 22:00:00,CAL,TR-04,Entregado
ORD-12311,2026-05-31 11:00:00,2026-06-01 16:00:00,2026-06-03 20:00:00,CAL,TR-04,Entregado
ORD-12312,2026-02-16 08:00:00,2026-02-17 10:00:00,2026-02-18 13:00:00,MED,TR-03,Entregado
ORD-12313,2026-04-20 12:00:00,2026-04-21 18:00:00,2026-04-22 20:00:00,BOG,TR-04,Entregado
ORD-12314,2026-02-12 09:00:00,2026-02-13 15:00:00,2026-02-15 15:00:00,BAQ,TR-01,Entregado
ORD-12315,2026-02-09 18:00:00,2026-02-10 22:00:00,2026-02-12 03:00:00,BOG,TR-03,Entregado
ORD-12316,2026-03-02 09:00:00,2026-03-03 19:00:00,2026-03-05 15:00:00,MED,TR-03,Entregado
ORD-12317,2026-03-03 17:00:00,2026-03-05 01:00:00,2026-03-07 05:00:00,CAL,TR-01,Entregado
ORD-12318,2026-06-10 18:00:00,2026-06-12 01:00:00,2026-06-14 05:00:00,BGA,TR-02,Entregado
ORD-12319,2026-01-16 09:00:00,2026-01-20 13:00:00,2026-01-22 17:00:00,MED,TR-04,Entregado
ORD-12320,2026-04-04 14:00:00,2026-04-08 20:00:00,2026-04-11 21:00:00,BGA,TR-02,Entregado
ORD-12321,2026-05-18 09:00:00,2026-05-19 20:00:00,2026-05-20 21:00:00,BOG,TR-02,Entregado
ORD-12322,2026-02-07 10:00:00,2026-02-11 13:00:00,2026-02-12 13:00:00,BOG,TR-02,Entregado
ORD-12323,2026-06-13 18:00:00,2026-06-17 02:00:00,2026-06-18 04:00:00,BOG,TR-01,Entregado
ORD-12324,2026-03-04 15:00:00,2026-03-05 21:00:00,2026-03-09 01:00:00,MED,TR-02,Entregado
ORD-12325,2026-06-23 10:00:00,2026-06-24 18:00:00,2026-06-27 21:00:00,CAL,TR-04,Entregado
ORD-12326,2026-04-12 08:00:00,2026-04-13 10:00:00,2026-04-15 13:00:00,CAL,TR-01,Entregado
ORD-12327,2026-04-30 18:00:00,2026-05-01 21:00:00,2026-05-04 02:00:00,CAL,TR-04,Entregado
ORD-12328,2026-01-08 10:00:00,2026-01-09 18:00:00,2026-01-11 22:00:00,CAL,TR-04,Entregado
ORD-12329,2026-03-14 13:00:00,2026-03-17 15:00:00,2026-03-18 16:00:00,BOG,TR-04,Entregado
ORD-12330,2026-04-17 16:00:00,2026-04-22 00:00:00,2026-04-23 03:00:00,BOG,TR-02,Entregado
ORD-12331,2026-02-08 08:00:00,2026-02-09 16:00:00,2026-02-10 21:00:00,BOG,TR-04,Entregado
ORD-12332,2026-01-28 08:00:00,2026-01-29 17:00:00,2026-02-02 18:00:00,BAQ,TR-03,Entregado
ORD-12333,2026-02-06 16:00:00,2026-02-09 19:00:00,2026-02-12 15:00:00,BAQ,TR-01,Entregado
ORD-12334,2026-03-23 15:00:00,2026-03-24 22:00:00,2026-03-25 21:00:00,BOG,TR-01,Entregado
ORD-12335,2026-03-26 09:00:00,2026-03-27 12:00:00,2026-03-29 09:00:00,CAL,TR-01,Entregado
ORD-12336,2026-02-27 18:00:00,2026-03-03 01:00:00,2026-03-05 05:00:00,CAL,TR-02,Entregado
ORD-12337,2026-05-03 19:00:00,2026-05-05 00:00:00,2026-05-11 02:00:00,BAQ,TR-02,Entregado
ORD-12338,2026-06-17 11:00:00,2026-06-18 17:00:00,2026-06-19 22:00:00,BOG,TR-01,Entregado
ORD-12339,2026-04-24 19:00:00,2026-04-29 04:00:00,2026-05-01 04:00:00,MED,TR-02,Entregado
ORD-12340,2026-04-17 12:00:00,2026-04-20 15:00:00,2026-04-21 18:00:00,CAL,TR-04,Entregado
ORD-12341,2026-03-20 19:00:00,2026-03-25 04:00:00,2026-03-26 08:00:00,BOG,TR-04,Entregado
ORD-12342,2026-01-18 09:00:00,2026-01-19 20:00:00,2026-01-21 20:00:00,BGA,TR-03,Entregado
ORD-12343,2026-03-04 13:00:00,2026-03-05 22:00:00,2026-03-07 02:00:00,BOG,TR-01,Entregado
ORD-12344,2026-05-19 17:00:00,2026-05-21 02:00:00,2026-05-22 00:00:00,BOG,TR-03,Entregado
ORD-12345,2026-01-04 13:00:00,2026-01-05 23:00:00,2026-01-06 21:00:00,BOG,TR-03,Entregado
ORD-12346,2026-05-15 18:00:00,2026-05-20 03:00:00,2026-05-21 00:00:00,MED,TR-01,Entregado
ORD-12347,2026-02-23 15:00:00,2026-02-24 18:00:00,2026-02-26 17:00:00,CAL,TR-02,Entregado
ORD-12348,2026-03-09 19:00:00,2026-03-11 02:00:00,2026-03-13 01:00:00,MED,TR-03,Entregado
ORD-12349,2026-05-09 14:00:00,2026-05-13 22:00:00,2026-05-15 03:00:00,BOG,TR-03,Entregado
ORD-12350,2026-01-03 13:00:00,2026-01-07 17:00:00,2026-01-10 15:00:00,BAQ,TR-03,Entregado
ORD-12351,2026-05-01 08:00:00,2026-05-04 11:00:00,,MED,TR-01,Perdido
ORD-12352,2026-04-12 13:00:00,2026-04-13 19:00:00,2026-04-20 00:00:00,BGA,TR-04,Entregado
ORD-12353,2026-03-26 12:00:00,2026-03-27 15:00:00,2026-03-28 13:00:00,BOG,TR-03,Entregado
ORD-12354,2026-04-02 12:00:00,2026-04-03 19:00:00,2026-04-04 16:00:00,BOG,TR-01,Entregado
ORD-12355,2026-04-19 11:00:00,2026-04-20 14:00:00,2026-04-23 18:00:00,MED,TR-01,Entregado
ORD-12356,2026-03-24 10:00:00,2026-03-25 13:00:00,2026-03-28 11:00:00,CAL,TR-01,Entregado
ORD-12357,2026-03-10 08:00:00,2026-03-11 15:00:00,2026-03-13 16:00:00,BGA,TR-03,Entregado
ORD-12358,2026-05-20 19:00:00,2026-05-22 06:00:00,2026-05-23 10:00:00,BOG,TR-04,Entregado
ORD-12359,2026-01-27 15:00:00,2026-01-28 21:00:00,2026-01-30 02:00:00,CAL,TR-01,Entregado
ORD-12360,2026-01-23 16:00:00,2026-01-26 23:00:00,2026-01-28 03:00:00,BOG,TR-03,Entregado
ORD-12361,2026-01-21 17:00:00,2026-01-22 23:00:00,2026-01-25 01:00:00,BOG,TR-04,Entregado
ORD-12362,2026-02-21 15:00:00,2026-02-24 17:00:00,2026-02-27 21:00:00,CAL,TR-01,Entregado
ORD-12363,2026-06-02 14:00:00,2026-06-03 20:00:00,2026-06-05 18:00:00,MED,TR-02,Entregado
ORD-12364,2026-02-15 14:00:00,2026-02-16 17:00:00,2026-02-17 20:00:00,BGA,TR-02,Entregado
ORD-12365,2026-04-06 12:00:00,2026-04-07 23:00:00,2026-04-08 22:00:00,BOG,TR-03,Entregado
ORD-12366,2026-02-05 17:00:00,2026-02-06 20:00:00,,MED,TR-02,Devuelto
ORD-12367,2026-06-26 17:00:00,2026-06-30 23:00:00,2026-07-02 03:00:00,CAL,TR-02,Entregado
ORD-12368,2026-02-27 14:00:00,2026-03-02 23:00:00,2026-03-04 19:00:00,BGA,TR-01,Entregado
ORD-12369,2026-03-21 08:00:00,2026-03-25 14:00:00,2026-03-26 12:00:00,CAL,TR-03,Entregado
ORD-12370,2026-04-23 12:00:00,2026-04-24 15:00:00,2026-04-25 12:00:00,BOG,TR-02,Entregado
ORD-12371,2026-03-02 16:00:00,2026-03-04 02:00:00,2026-03-07 01:00:00,MED,TR-01,Entregado
ORD-12372,2026-01-06 10:00:00,2026-01-07 13:00:00,2026-01-09 13:00:00,BOG,TR-04,Entregado
ORD-12373,2026-04-19 10:00:00,2026-04-20 19:00:00,2026-04-21 21:00:00,BOG,TR-03,Entregado
ORD-12374,2026-02-08 13:00:00,2026-02-09 17:00:00,2026-02-10 19:00:00,BOG,TR-04,Entregado
ORD-12375,2026-06-18 13:00:00,2026-06-19 20:00:00,2026-06-21 22:00:00,BOG,TR-01,Entregado
ORD-12376,2026-01-05 17:00:00,2026-01-07 03:00:00,2026-01-09 02:00:00,CAL,TR-04,Entregado
ORD-12377,2026-03-28 08:00:00,2026-04-01 19:00:00,,CAL,TR-04,Perdido
ORD-12378,2026-03-17 14:00:00,2026-03-18 18:00:00,2026-03-19 17:00:00,BOG,TR-04,Entregado
ORD-12379,2026-06-07 16:00:00,2026-06-09 00:00:00,2026-06-09 22:00:00,CAL,TR-04,Entregado
ORD-12380,2026-05-07 13:00:00,2026-05-08 17:00:00,2026-05-09 19:00:00,BOG,TR-01,Entregado
ORD-12381,2026-01-29 12:00:00,2026-01-30 17:00:00,2026-02-01 14:00:00,CAL,TR-01,Entregado
ORD-12382,2026-03-28 11:00:00,2026-04-01 16:00:00,2026-04-02 13:00:00,MED,TR-04,Entregado
ORD-12383,2026-04-22 14:00:00,2026-04-23 23:00:00,2026-04-25 04:00:00,BOG,TR-03,Entregado
ORD-12384,2026-02-14 08:00:00,2026-02-17 18:00:00,2026-02-18 23:00:00,MED,TR-02,Entregado
ORD-12385,2026-04-14 12:00:00,2026-04-15 18:00:00,2026-04-16 14:00:00,MED,TR-04,Entregado
ORD-12386,2026-05-14 19:00:00,2026-05-16 01:00:00,2026-05-18 22:00:00,MED,TR-02,Entregado
ORD-12387,2026-01-18 13:00:00,2026-01-20 00:00:00,2026-01-24 03:00:00,BAQ,TR-03,Entregado
ORD-12388,2026-02-02 08:00:00,2026-02-03 17:00:00,2026-02-06 17:00:00,BGA,TR-02,Entregado
ORD-12389,2026-05-06 18:00:00,2026-05-08 02:00:00,2026-05-09 23:00:00,CAL,TR-02,Entregado
ORD-12390,2026-06-09 17:00:00,2026-06-10 23:00:00,2026-06-12 23:00:00,MED,TR-04,Entregado
ORD-12391,2026-05-02 17:00:00,2026-05-05 21:00:00,2026-05-07 18:00:00,CAL,TR-01,Entregado
ORD-12392,2026-04-25 11:00:00,2026-04-29 14:00:00,2026-04-30 18:00:00,BOG,TR-03,Entregado
ORD-12393,2026-06-11 16:00:00,2026-06-12 19:00:00,2026-06-14 00:00:00,BOG,TR-04,Entregado
ORD-12394,2026-01-28 18:00:00,2026-01-29 20:00:00,2026-01-31 20:00:00,BOG,TR-02,Entregado
ORD-12395,2026-06-16 14:00:00,2026-06-17 18:00:00,2026-06-19 22:00:00,BOG,TR-03,Entregado
ORD-12396,2026-02-16 13:00:00,2026-02-17 17:00:00,2026-02-21 14:00:00,BAQ,TR-01,Entregado
ORD-12397,2026-05-07 10:00:00,2026-05-08 20:00:00,2026-05-09 23:00:00,BOG,TR-04,Entregado
ORD-12398,2026-04-28 19:00:00,2026-04-30 01:00:00,2026-05-01 00:00:00,BOG,TR-04,Entregado
ORD-12399,2026-06-01 15:00:00,2026-06-02 20:00:00,2026-06-05 17:00:00,BAQ,TR-01,Entregado
ORD-12400,2026-04-17 16:00:00,2026-04-20 22:00:00,2026-04-22 03:00:00,BOG,TR-04,Entregado
ORD-12401,2026-06-24 08:00:00,2026-06-25 11:00:00,2026-06-26 12:00:00,BOG,TR-02,Entregado
ORD-12402,2026-01-19 10:00:00,2026-01-20 15:00:00,2026-01-22 14:00:00,MED,TR-03,Entregado
ORD-12403,2026-03-15 15:00:00,2026-03-17 02:00:00,2026-03-18 22:00:00,MED,TR-04,Entregado
ORD-12404,2026-06-24 17:00:00,2026-06-26 03:00:00,2026-06-29 01:00:00,BAQ,TR-04,Entregado
ORD-12405,2026-06-06 09:00:00,2026-06-09 12:00:00,2026-06-12 12:00:00,BAQ,TR-01,Entregado
ORD-12406,2026-04-08 10:00:00,2026-04-09 21:00:00,2026-04-11 21:00:00,CAL,TR-03,Entregado
ORD-12407,2026-05-21 13:00:00,2026-05-22 18:00:00,2026-05-23 22:00:00,BOG,TR-01,Entregado
ORD-12408,2026-05-09 09:00:00,2026-05-12 13:00:00,2026-05-15 16:00:00,MED,TR-02,Entregado
ORD-12409,2026-04-03 08:00:00,2026-04-07 12:00:00,2026-04-08 09:00:00,CAL,TR-03,Entregado
ORD-12410,2026-03-05 14:00:00,2026-03-06 16:00:00,2026-03-07 19:00:00,BOG,TR-04,Entregado
ORD-12411,2026-05-08 15:00:00,2026-05-12 02:00:00,2026-05-13 22:00:00,BOG,TR-03,Entregado
ORD-12412,2026-01-26 08:00:00,2026-01-27 16:00:00,2026-01-28 14:00:00,BOG,TR-04,Entregado
ORD-12413,2026-03-12 12:00:00,2026-03-13 17:00:00,2026-03-16 21:00:00,MED,TR-02,Entregado
ORD-12414,2026-01-26 08:00:00,2026-01-27 13:00:00,2026-01-29 13:00:00,BGA,TR-03,Entregado
ORD-12415,2026-01-07 17:00:00,2026-01-08 21:00:00,,BAQ,TR-03,Perdido
ORD-12416,2026-02-18 14:00:00,2026-02-19 19:00:00,2026-02-21 16:00:00,BOG,TR-04,Entregado
ORD-12417,2026-02-22 08:00:00,2026-02-23 11:00:00,2026-02-26 09:00:00,BAQ,TR-03,Entregado
ORD-12418,2026-03-03 08:00:00,2026-03-04 10:00:00,2026-03-07 06:00:00,BGA,TR-03,Entregado
ORD-12419,2026-06-20 16:00:00,2026-06-24 01:00:00,2026-06-26 00:00:00,CAL,TR-03,Entregado
ORD-12420,2026-05-11 12:00:00,2026-05-12 15:00:00,2026-05-13 14:00:00,MED,TR-02,Entregado
ORD-12421,2026-06-09 17:00:00,2026-06-10 23:00:00,2026-06-12 23:00:00,MED,TR-02,Entregado
ORD-12422,2026-05-04 16:00:00,2026-05-06 00:00:00,2026-05-09 03:00:00,CAL,TR-03,Entregado
ORD-12423,2026-02-23 19:00:00,2026-02-24 22:00:00,2026-02-26 22:00:00,MED,TR-02,Entregado
ORD-12424,2026-03-14 15:00:00,2026-03-18 00:00:00,2026-03-21 01:00:00,BAQ,TR-03,Entregado
ORD-12425,2026-02-25 08:00:00,2026-02-26 12:00:00,2026-02-27 16:00:00,MED,TR-01,Entregado
ORD-12426,2026-04-03 16:00:00,2026-04-07 23:00:00,2026-04-10 00:00:00,BOG,TR-04,Entregado
ORD-12427,2026-03-27 16:00:00,2026-03-30 20:00:00,2026-03-31 21:00:00,BOG,TR-01,Entregado
ORD-12428,2026-04-18 10:00:00,2026-04-22 12:00:00,2026-04-23 16:00:00,BOG,TR-03,Entregado
ORD-12429,2026-04-28 16:00:00,2026-04-29 22:00:00,2026-04-30 22:00:00,BGA,TR-03,Entregado
ORD-12430,2026-06-06 10:00:00,2026-06-09 13:00:00,2026-06-10 14:00:00,BOG,TR-03,Entregado
ORD-12431,2026-05-27 09:00:00,2026-05-28 13:00:00,2026-05-29 18:00:00,BOG,TR-04,Entregado
ORD-12432,2026-06-18 10:00:00,2026-06-19 17:00:00,2026-06-20 15:00:00,BOG,TR-03,Entregado
ORD-12433,2026-05-19 12:00:00,2026-05-20 18:00:00,2026-05-21 19:00:00,BGA,TR-03,Entregado
ORD-12434,2026-06-23 16:00:00,2026-06-24 18:00:00,2026-06-28 14:00:00,BAQ,TR-02,Entregado
ORD-12435,2026-05-26 10:00:00,2026-05-27 18:00:00,2026-06-02 15:00:00,BGA,TR-04,Entregado
ORD-12436,2026-05-08 09:00:00,2026-05-11 13:00:00,2026-05-12 18:00:00,BOG,TR-01,Entregado
ORD-12437,2026-05-16 13:00:00,2026-05-20 00:00:00,2026-05-21 20:00:00,MED,TR-02,Entregado
ORD-12438,2026-01-06 19:00:00,2026-01-07 23:00:00,2026-01-08 22:00:00,BOG,TR-04,Entregado
ORD-12439,2026-04-14 11:00:00,2026-04-15 17:00:00,2026-04-17 20:00:00,CAL,TR-02,Entregado
ORD-12440,2026-03-20 19:00:00,2026-03-24 00:00:00,2026-03-27 04:00:00,MED,TR-03,Entregado
ORD-12441,2026-04-26 16:00:00,2026-04-27 18:00:00,2026-04-28 19:00:00,MED,TR-02,Entregado
ORD-12442,2026-02-18 09:00:00,2026-02-19 17:00:00,2026-02-21 20:00:00,BGA,TR-03,Entregado
ORD-12443,2026-03-07 13:00:00,2026-03-11 22:00:00,2026-03-13 00:00:00,BOG,TR-01,Entregado
ORD-12444,2026-03-20 11:00:00,2026-03-24 20:00:00,2026-03-26 23:00:00,MED,TR-03,Entregado
ORD-12445,2026-05-03 17:00:00,2026-05-04 22:00:00,2026-05-07 02:00:00,CAL,TR-01,Entregado
ORD-12446,2026-03-08 10:00:00,2026-03-09 13:00:00,2026-03-11 15:00:00,MED,TR-03,Entregado
ORD-12447,2026-01-03 13:00:00,2026-01-07 19:00:00,2026-01-09 23:00:00,CAL,TR-04,Entregado
ORD-12448,2026-03-05 15:00:00,2026-03-07 02:00:00,2026-03-08 06:00:00,BOG,TR-04,Entregado
ORD-12449,2026-02-28 14:00:00,2026-03-04 23:00:00,2026-03-07 00:00:00,CAL,TR-04,Entregado
ORD-12450,2026-03-03 11:00:00,2026-03-04 15:00:00,2026-03-05 19:00:00,MED,TR-04,Entregado
ORD-12451,2026-03-01 11:00:00,2026-03-02 20:00:00,2026-03-03 16:00:00,BOG,TR-03,Entregado
ORD-12452,2026-03-16 17:00:00,2026-03-17 20:00:00,2026-03-18 19:00:00,BOG,TR-02,Entregado
ORD-12453,2026-04-17 18:00:00,2026-04-22 00:00:00,2026-04-23 20:00:00,MED,TR-02,Entregado
ORD-12454,2026-06-07 18:00:00,2026-06-09 05:00:00,2026-06-10 03:00:00,BGA,TR-03,Entregado
ORD-12455,2026-05-10 08:00:00,2026-05-11 12:00:00,2026-05-12 11:00:00,BOG,TR-04,Entregado
ORD-12456,2026-05-17 19:00:00,2026-05-19 00:00:00,2026-05-19 20:00:00,CAL,TR-03,Entregado
ORD-12457,2026-06-08 19:00:00,2026-06-09 22:00:00,2026-06-11 18:00:00,BAQ,TR-04,Entregado
ORD-12458,2026-03-02 15:00:00,2026-03-03 23:00:00,2026-03-05 02:00:00,BGA,TR-01,Entregado
ORD-12459,2026-02-17 16:00:00,2026-02-18 23:00:00,2026-02-20 04:00:00,BGA,TR-01,Entregado
ORD-12460,2026-06-13 15:00:00,2026-06-17 18:00:00,2026-06-19 22:00:00,MED,TR-01,Entregado
ORD-12461,2026-02-27 12:00:00,2026-03-02 18:00:00,2026-03-03 21:00:00,BOG,TR-04,Entregado
ORD-12462,2026-04-22 14:00:00,2026-04-23 16:00:00,2026-04-26 14:00:00,BAQ,TR-03,Entregado
ORD-12463,2026-02-27 11:00:00,2026-03-02 17:00:00,2026-03-03 22:00:00,MED,TR-03,Entregado
ORD-12464,2026-04-09 12:00:00,2026-04-10 23:00:00,2026-04-12 20:00:00,MED,TR-02,Entregado
ORD-12465,2026-02-13 18:00:00,2026-02-17 04:00:00,2026-02-18 03:00:00,BOG,TR-02,Entregado
ORD-12466,2026-03-12 19:00:00,2026-03-14 05:00:00,2026-03-17 06:00:00,MED,TR-03,Entregado
ORD-12467,2026-01-09 19:00:00,2026-01-13 00:00:00,2026-01-18 21:00:00,BAQ,TR-02,Entregado
ORD-12468,2026-05-14 17:00:00,2026-05-16 01:00:00,2026-05-18 06:00:00,MED,TR-02,Entregado
ORD-12469,2026-05-25 14:00:00,2026-05-27 01:00:00,2026-05-29 05:00:00,BOG,TR-03,Entregado
ORD-12470,2026-05-11 12:00:00,2026-05-12 23:00:00,2026-05-14 22:00:00,MED,TR-03,Entregado
ORD-12471,2026-03-05 17:00:00,2026-03-07 00:00:00,2026-03-08 21:00:00,MED,TR-02,Entregado
ORD-12472,2026-02-05 17:00:00,2026-02-06 23:00:00,2026-02-09 02:00:00,MED,TR-03,Entregado
ORD-12473,2026-03-03 17:00:00,2026-03-05 03:00:00,2026-03-08 01:00:00,MED,TR-03,Entregado
ORD-12474,2026-03-17 17:00:00,2026-03-19 02:00:00,2026-03-20 06:00:00,BOG,TR-01,Entregado
ORD-12475,2026-01-13 18:00:00,2026-01-15 04:00:00,2026-01-16 03:00:00,BGA,TR-01,Entregado
ORD-12476,2026-02-23 15:00:00,2026-02-24 22:00:00,2026-02-26 00:00:00,BOG,TR-03,Entregado
ORD-12477,2026-04-14 18:00:00,2026-04-16 05:00:00,2026-04-17 03:00:00,BOG,TR-01,Entregado
ORD-12478,2026-02-26 15:00:00,2026-02-27 20:00:00,2026-03-02 16:00:00,MED,TR-02,Entregado
ORD-12479,2026-05-10 19:00:00,2026-05-12 00:00:00,2026-05-13 04:00:00,BOG,TR-01,Entregado
ORD-12480,2026-05-18 19:00:00,2026-05-19 21:00:00,2026-05-21 01:00:00,BOG,TR-04,Entregado
ORD-12481,2026-05-19 08:00:00,2026-05-20 13:00:00,2026-05-23 17:00:00,BAQ,TR-03,Entregado
ORD-12482,2026-01-02 09:00:00,2026-01-05 13:00:00,2026-01-07 15:00:00,BOG,TR-03,Entregado
ORD-12483,2026-05-20 10:00:00,2026-05-21 16:00:00,2026-05-23 12:00:00,BOG,TR-03,Entregado
ORD-12484,2026-03-31 14:00:00,2026-04-01 21:00:00,2026-04-03 23:00:00,BGA,TR-02,Entregado
ORD-12485,2026-05-26 08:00:00,2026-05-27 18:00:00,2026-05-28 18:00:00,BOG,TR-03,Entregado
ORD-12486,2026-05-08 13:00:00,2026-05-11 15:00:00,2026-05-13 16:00:00,BOG,TR-01,Entregado
ORD-12487,2026-06-15 10:00:00,2026-06-16 16:00:00,2026-06-19 12:00:00,BAQ,TR-02,Entregado
ORD-12488,2026-03-02 08:00:00,2026-03-03 17:00:00,2026-03-06 17:00:00,BGA,TR-01,Entregado
ORD-12489,2026-06-22 19:00:00,2026-06-23 23:00:00,2026-06-26 01:00:00,BGA,TR-02,Entregado
ORD-12490,2026-05-29 17:00:00,2026-06-02 02:00:00,2026-06-05 00:00:00,BGA,TR-02,Entregado
ORD-12491,2026-04-20 18:00:00,2026-04-22 04:00:00,2026-04-24 06:00:00,BGA,TR-01,Entregado
ORD-12492,2026-04-10 14:00:00,2026-04-14 00:00:00,,MED,TR-04,Devuelto
ORD-12493,2026-01-22 17:00:00,2026-01-24 04:00:00,2026-01-27 00:00:00,BAQ,TR-03,Entregado
ORD-12494,2026-05-12 14:00:00,2026-05-13 21:00:00,2026-05-14 21:00:00,BOG,TR-04,Entregado
ORD-12495,2026-04-29 13:00:00,2026-04-30 21:00:00,2026-05-01 20:00:00,BOG,TR-04,Entregado
ORD-12496,2026-03-25 17:00:00,2026-03-27 04:00:00,2026-03-29 02:00:00,BGA,TR-01,Entregado
ORD-12497,2026-04-11 11:00:00,2026-04-15 22:00:00,2026-04-16 21:00:00,BOG,TR-04,Entregado
ORD-12498,2026-06-10 19:00:00,2026-06-11 21:00:00,2026-06-13 19:00:00,MED,TR-01,Entregado
ORD-12499,2026-05-16 08:00:00,2026-05-20 10:00:00,2026-05-21 14:00:00,BOG,TR-01,Entregado
ORD-12500,2026-06-14 13:00:00,2026-06-15 20:00:00,2026-06-16 17:00:00,BOG,TR-02,Entregado
ORD-12501,2026-03-11 12:00:00,2026-03-12 22:00:00,2026-03-16 22:00:00,BAQ,TR-01,Entregado
ORD-12502,2026-04-06 10:00:00,2026-04-07 12:00:00,2026-04-09 12:00:00,BOG,TR-03,Entregado
ORD-12503,2026-03-20 12:00:00,2026-03-24 20:00:00,2026-03-27 22:00:00,MED,TR-04,Entregado
ORD-12504,2026-03-01 15:00:00,2026-03-02 21:00:00,2026-03-03 22:00:00,BOG,TR-02,Entregado
ORD-12505,2026-02-15 09:00:00,2026-02-16 15:00:00,2026-02-17 14:00:00,BOG,TR-01,Entregado
ORD-12506,2026-06-25 13:00:00,2026-06-26 17:00:00,2026-06-29 19:00:00,MED,TR-04,Entregado
ORD-12507,2026-02-25 18:00:00,2026-02-27 04:00:00,2026-03-01 06:00:00,MED,TR-02,Entregado
ORD-12508,2026-06-06 14:00:00,2026-06-09 19:00:00,2026-06-12 23:00:00,BAQ,TR-01,Entregado
ORD-12509,2026-04-14 13:00:00,2026-04-15 21:00:00,2026-04-18 22:00:00,MED,TR-01,Entregado
ORD-12510,2026-05-26 09:00:00,2026-05-27 15:00:00,2026-05-28 16:00:00,BOG,TR-04,Entregado
ORD-12511,2026-01-08 18:00:00,2026-01-10 02:00:00,2026-01-13 05:00:00,BAQ,TR-02,Entregado
ORD-12512,2026-05-05 13:00:00,2026-05-06 18:00:00,2026-05-08 21:00:00,MED,TR-02,Entregado
ORD-12513,2026-06-25 18:00:00,2026-06-27 05:00:00,2026-06-30 10:00:00,MED,TR-03,Entregado
ORD-12514,2026-01-20 19:00:00,2026-01-22 03:00:00,2026-01-24 08:00:00,MED,TR-02,Entregado
ORD-12515,2026-02-12 18:00:00,2026-02-13 22:00:00,2026-02-16 03:00:00,BOG,TR-04,Entregado
ORD-12516,2026-03-02 17:00:00,2026-03-03 23:00:00,2026-03-06 00:00:00,CAL,TR-03,Entregado
ORD-12517,2026-04-19 18:00:00,2026-04-20 22:00:00,2026-04-23 22:00:00,CAL,TR-02,Entregado
ORD-12518,2026-06-12 08:00:00,2026-06-15 13:00:00,2026-06-17 17:00:00,BGA,TR-03,Entregado
ORD-12519,2026-02-04 11:00:00,2026-02-05 18:00:00,2026-02-07 16:00:00,CAL,TR-03,Entregado
ORD-12520,2026-05-29 10:00:00,2026-06-02 13:00:00,2026-06-03 12:00:00,BOG,TR-01,Entregado
ORD-12521,2026-06-07 19:00:00,2026-06-08 21:00:00,2026-06-10 01:00:00,MED,TR-02,Entregado
ORD-12522,2026-02-17 12:00:00,2026-02-18 22:00:00,2026-02-21 02:00:00,MED,TR-04,Entregado
ORD-12523,2026-02-04 13:00:00,2026-02-05 20:00:00,2026-02-06 22:00:00,MED,TR-02,Entregado
ORD-12524,2026-06-15 15:00:00,2026-06-17 01:00:00,2026-06-19 23:00:00,MED,TR-03,Entregado
ORD-12525,2026-04-24 08:00:00,2026-04-28 13:00:00,2026-04-30 17:00:00,BOG,TR-01,Entregado
ORD-12526,2026-04-10 14:00:00,2026-04-13 18:00:00,2026-04-15 19:00:00,BOG,TR-03,Entregado
ORD-12527,2026-04-09 10:00:00,2026-04-10 14:00:00,2026-04-12 19:00:00,CAL,TR-04,Entregado
ORD-12528,2026-03-26 17:00:00,2026-03-28 01:00:00,2026-03-28 23:00:00,CAL,TR-02,Entregado
ORD-12529,2026-03-24 16:00:00,2026-03-25 20:00:00,2026-03-28 23:00:00,BGA,TR-01,Entregado
ORD-12530,2026-03-09 10:00:00,2026-03-10 16:00:00,2026-03-11 16:00:00,BOG,TR-03,Entregado
ORD-12531,2026-06-20 09:00:00,2026-06-23 20:00:00,2026-06-24 17:00:00,BOG,TR-02,Entregado
ORD-12532,2026-03-15 18:00:00,2026-03-17 05:00:00,2026-03-20 06:00:00,CAL,TR-03,Entregado
ORD-12533,2026-06-02 11:00:00,2026-06-03 15:00:00,2026-06-05 18:00:00,CAL,TR-03,Entregado
ORD-12534,2026-02-17 10:00:00,2026-02-18 18:00:00,2026-02-20 17:00:00,MED,TR-03,Entregado
ORD-12535,2026-03-28 15:00:00,2026-04-01 00:00:00,2026-04-01 22:00:00,MED,TR-02,Entregado
ORD-12536,2026-05-19 09:00:00,2026-05-20 18:00:00,2026-05-22 20:00:00,BOG,TR-04,Entregado
ORD-12537,2026-01-28 12:00:00,2026-01-29 14:00:00,2026-01-31 16:00:00,CAL,TR-03,Entregado
ORD-12538,2026-02-28 12:00:00,2026-03-04 18:00:00,2026-03-05 21:00:00,BOG,TR-04,Entregado
ORD-12539,2026-02-20 12:00:00,2026-02-24 23:00:00,2026-02-27 19:00:00,CAL,TR-03,Entregado
ORD-12540,2026-01-12 09:00:00,2026-01-13 19:00:00,2026-01-15 15:00:00,BOG,TR-03,Entregado
ORD-12541,2026-05-12 13:00:00,2026-05-13 20:00:00,2026-05-16 22:00:00,CAL,TR-01,Entregado
ORD-12542,2026-04-23 17:00:00,2026-04-24 23:00:00,2026-04-25 21:00:00,BOG,TR-04,Entregado
ORD-12543,2026-06-15 16:00:00,2026-06-17 01:00:00,2026-06-19 06:00:00,CAL,TR-01,Entregado
ORD-12544,2026-01-14 18:00:00,2026-01-15 20:00:00,2026-01-16 21:00:00,BOG,TR-02,Entregado
ORD-12545,2026-02-01 18:00:00,2026-02-03 01:00:00,2026-02-05 05:00:00,CAL,TR-01,Entregado
ORD-12546,2026-05-26 18:00:00,2026-05-28 00:00:00,2026-05-31 05:00:00,MED,TR-02,Entregado
ORD-12547,2026-02-24 13:00:00,2026-02-26 00:00:00,2026-02-28 02:00:00,BGA,TR-01,Entregado
ORD-12548,2026-04-30 14:00:00,2026-05-01 22:00:00,2026-05-03 22:00:00,BGA,TR-02,Entregado
ORD-12549,2026-03-16 12:00:00,2026-03-17 19:00:00,2026-03-19 20:00:00,MED,TR-03,Entregado
ORD-12550,2026-06-21 12:00:00,2026-06-22 16:00:00,2026-06-23 16:00:00,BOG,TR-03,Entregado
ORD-12551,2026-03-28 16:00:00,2026-04-01 00:00:00,2026-04-03 00:00:00,CAL,TR-02,Entregado
ORD-12552,2026-02-28 16:00:00,2026-03-04 01:00:00,2026-03-06 02:00:00,BGA,TR-02,Entregado
ORD-12553,2026-05-30 10:00:00,2026-06-03 18:00:00,2026-06-05 19:00:00,MED,TR-03,Entregado
ORD-12554,2026-03-06 14:00:00,2026-03-11 01:00:00,2026-03-13 02:00:00,CAL,TR-01,Entregado
ORD-12555,2026-01-04 08:00:00,2026-01-05 13:00:00,2026-01-07 12:00:00,MED,TR-01,Entregado
ORD-12556,2026-05-23 15:00:00,2026-05-28 00:00:00,2026-05-28 20:00:00,BOG,TR-02,Entregado
ORD-12557,2026-05-30 13:00:00,2026-06-03 20:00:00,2026-06-04 17:00:00,BOG,TR-03,Entregado
ORD-12558,2026-06-24 08:00:00,2026-06-25 13:00:00,2026-06-27 16:00:00,BOG,TR-01,Entregado
ORD-12559,2026-04-03 09:00:00,2026-04-06 12:00:00,2026-04-07 11:00:00,CAL,TR-02,Entregado
ORD-12560,2026-05-28 09:00:00,2026-05-29 15:00:00,2026-05-30 17:00:00,BOG,TR-03,Entregado
ORD-12561,2026-04-22 08:00:00,2026-04-23 14:00:00,2026-04-27 18:00:00,BAQ,TR-03,Entregado
ORD-12562,2026-04-29 18:00:00,2026-05-01 00:00:00,2026-05-02 21:00:00,MED,TR-03,Entregado
ORD-12563,2026-02-12 19:00:00,2026-02-14 04:00:00,2026-02-15 06:00:00,BOG,TR-04,Entregado
ORD-12564,2026-02-09 13:00:00,2026-02-10 15:00:00,2026-02-12 11:00:00,BOG,TR-01,Entregado
ORD-12565,2026-01-20 13:00:00,2026-01-21 18:00:00,2026-01-23 20:00:00,MED,TR-02,Entregado
ORD-12566,2026-05-11 19:00:00,2026-05-13 05:00:00,2026-05-14 08:00:00,BOG,TR-04,Entregado
ORD-12567,2026-03-31 09:00:00,2026-04-01 11:00:00,2026-04-02 14:00:00,BOG,TR-02,Entregado
ORD-12568,2026-02-06 08:00:00,2026-02-09 18:00:00,2026-02-10 18:00:00,CAL,TR-04,Entregado
ORD-12569,2026-03-07 11:00:00,2026-03-10 15:00:00,2026-03-12 15:00:00,MED,TR-04,Entregado
ORD-12570,2026-01-26 18:00:00,2026-01-27 22:00:00,2026-01-29 03:00:00,BOG,TR-04,Entregado
ORD-12571,2026-04-18 15:00:00,2026-04-22 02:00:00,2026-04-23 23:00:00,CAL,TR-02,Entregado
ORD-12572,2026-02-12 13:00:00,2026-02-13 16:00:00,2026-02-17 17:00:00,BAQ,TR-03,Entregado
ORD-12573,2026-05-28 15:00:00,2026-05-29 20:00:00,2026-05-30 17:00:00,BOG,TR-02,Entregado
ORD-12574,2026-01-29 15:00:00,2026-01-30 19:00:00,2026-01-31 17:00:00,BOG,TR-01,Entregado
ORD-12575,2026-06-07 08:00:00,2026-06-08 10:00:00,2026-06-09 06:00:00,BOG,TR-03,Entregado
ORD-12576,2026-05-08 11:00:00,2026-05-11 13:00:00,2026-05-12 14:00:00,BOG,TR-04,Entregado
ORD-12577,2026-04-26 14:00:00,2026-04-28 01:00:00,2026-04-29 06:00:00,CAL,TR-03,Entregado
ORD-12578,2026-05-24 18:00:00,2026-05-26 00:00:00,2026-05-28 05:00:00,MED,TR-03,Entregado
ORD-12579,2026-01-07 18:00:00,2026-01-08 22:00:00,2026-01-12 03:00:00,BGA,TR-01,Entregado
ORD-12580,2026-06-25 18:00:00,2026-06-27 01:00:00,2026-06-28 05:00:00,BOG,TR-04,Entregado
ORD-12581,2026-03-29 16:00:00,2026-03-30 18:00:00,2026-03-31 21:00:00,BOG,TR-01,Entregado
ORD-12582,2026-06-12 10:00:00,2026-06-15 17:00:00,2026-06-17 15:00:00,BGA,TR-02,Entregado
ORD-12583,2026-02-06 17:00:00,2026-02-09 19:00:00,2026-02-10 23:00:00,BGA,TR-03,Entregado
ORD-12584,2026-04-29 16:00:00,2026-05-01 00:00:00,2026-05-03 03:00:00,CAL,TR-01,Entregado
ORD-12585,2026-01-08 12:00:00,2026-01-09 14:00:00,2026-01-11 19:00:00,MED,TR-03,Entregado
ORD-12586,2026-04-20 11:00:00,2026-04-21 15:00:00,2026-04-23 13:00:00,MED,TR-02,Entregado
ORD-12587,2026-05-04 14:00:00,2026-05-05 19:00:00,2026-05-07 20:00:00,BOG,TR-01,Entregado
ORD-12588,2026-02-22 14:00:00,2026-02-23 19:00:00,2026-02-25 17:00:00,MED,TR-02,Entregado
ORD-12589,2026-01-12 08:00:00,2026-01-13 15:00:00,2026-01-14 20:00:00,BOG,TR-03,Entregado
ORD-12590,2026-01-17 17:00:00,2026-01-20 23:00:00,,MED,TR-04,Devuelto
ORD-12591,2026-04-04 10:00:00,2026-04-08 17:00:00,2026-04-09 19:00:00,BOG,TR-02,Entregado
ORD-12592,2026-01-11 09:00:00,2026-01-12 20:00:00,2026-01-13 17:00:00,MED,TR-03,Entregado
ORD-12593,2026-06-27 14:00:00,2026-06-30 21:00:00,2026-07-02 18:00:00,CAL,TR-01,Entregado
ORD-12594,2026-04-18 17:00:00,2026-04-22 03:00:00,2026-04-23 01:00:00,BOG,TR-03,Entregado
ORD-12595,2026-02-03 18:00:00,2026-02-05 04:00:00,2026-02-07 05:00:00,BOG,TR-03,Entregado
ORD-12596,2026-01-20 09:00:00,2026-01-21 11:00:00,2026-01-23 08:00:00,BOG,TR-01,Entregado
ORD-12597,2026-04-12 15:00:00,2026-04-14 01:00:00,2026-04-19 01:00:00,BAQ,TR-02,Entregado
ORD-12598,2026-05-18 11:00:00,2026-05-19 13:00:00,2026-05-20 12:00:00,BOG,TR-04,Entregado
ORD-12599,2026-01-15 12:00:00,2026-01-16 22:00:00,2026-01-19 02:00:00,CAL,TR-03,Entregado
ORD-12600,2026-03-25 10:00:00,2026-03-26 15:00:00,2026-03-30 12:00:00,BAQ,TR-03,Entregado
ORD-12601,2026-02-06 16:00:00,2026-02-10 00:00:00,2026-02-12 04:00:00,BAQ,TR-03,Entregado
ORD-12602,2026-02-09 15:00:00,2026-02-10 17:00:00,2026-02-12 16:00:00,BOG,TR-03,Entregado
ORD-12603,2026-02-09 19:00:00,2026-02-11 02:00:00,2026-02-13 07:00:00,CAL,TR-01,Entregado
ORD-12604,2026-02-25 14:00:00,2026-02-26 20:00:00,2026-02-27 16:00:00,BOG,TR-03,Entregado
ORD-12605,2026-04-14 18:00:00,2026-04-16 03:00:00,2026-04-19 03:00:00,CAL,TR-03,Entregado
ORD-12606,2026-04-20 15:00:00,2026-04-22 00:00:00,2026-04-24 05:00:00,BAQ,TR-04,Entregado
ORD-12607,2026-04-03 15:00:00,2026-04-07 00:00:00,2026-04-09 03:00:00,BAQ,TR-03,Entregado
ORD-12608,2026-03-01 17:00:00,2026-03-02 23:00:00,2026-03-04 04:00:00,BGA,TR-01,Entregado
ORD-12609,2026-02-08 19:00:00,2026-02-10 06:00:00,2026-02-13 07:00:00,MED,TR-03,Entregado
ORD-12610,2026-02-18 11:00:00,2026-02-19 15:00:00,2026-02-22 17:00:00,BAQ,TR-01,Entregado
ORD-12611,2026-05-05 11:00:00,2026-05-06 21:00:00,2026-05-07 22:00:00,BOG,TR-02,Entregado
ORD-12612,2026-04-11 17:00:00,2026-04-14 22:00:00,2026-04-15 19:00:00,MED,TR-02,Entregado
ORD-12613,2026-03-27 11:00:00,2026-03-31 15:00:00,2026-04-01 19:00:00,BOG,TR-02,Entregado
ORD-12614,2026-03-23 13:00:00,2026-03-24 21:00:00,2026-03-26 00:00:00,CAL,TR-04,Entregado
ORD-12615,2026-05-07 15:00:00,2026-05-09 00:00:00,2026-05-10 04:00:00,BOG,TR-02,Entregado
ORD-12616,2026-05-07 15:00:00,2026-05-09 02:00:00,2026-05-10 01:00:00,BOG,TR-04,Entregado
ORD-12617,2026-01-22 09:00:00,2026-01-23 15:00:00,2026-01-24 13:00:00,BOG,TR-02,Entregado
ORD-12618,2026-01-31 14:00:00,2026-02-03 22:00:00,2026-02-05 18:00:00,BOG,TR-02,Entregado
ORD-12619,2026-01-11 19:00:00,2026-01-13 06:00:00,2026-01-15 02:00:00,BOG,TR-02,Entregado
ORD-12620,2026-02-15 12:00:00,2026-02-16 15:00:00,2026-02-17 17:00:00,BOG,TR-01,Entregado
ORD-12621,2026-01-10 15:00:00,2026-01-15 00:00:00,2026-01-16 20:00:00,BOG,TR-02,Entregado
ORD-12622,2026-05-08 15:00:00,2026-05-12 00:00:00,2026-05-13 05:00:00,BGA,TR-01,Entregado
ORD-12623,2026-04-09 19:00:00,2026-04-10 23:00:00,2026-04-12 04:00:00,BOG,TR-01,Entregado
ORD-12624,2026-04-22 19:00:00,2026-04-24 04:00:00,2026-04-26 04:00:00,BGA,TR-02,Entregado
ORD-12625,2026-03-28 08:00:00,2026-03-31 14:00:00,2026-04-02 16:00:00,MED,TR-03,Entregado
ORD-12626,2026-03-06 14:00:00,2026-03-11 01:00:00,2026-03-12 22:00:00,BOG,TR-04,Entregado
ORD-12627,2026-02-26 14:00:00,2026-02-27 21:00:00,2026-03-01 01:00:00,MED,TR-02,Entregado
ORD-12628,2026-04-16 12:00:00,2026-04-17 21:00:00,2026-04-18 18:00:00,MED,TR-02,Entregado
ORD-12629,2026-01-09 13:00:00,2026-01-13 19:00:00,2026-01-14 16:00:00,BOG,TR-02,Entregado
ORD-12630,2026-05-21 16:00:00,2026-05-22 18:00:00,2026-05-23 22:00:00,BOG,TR-02,Entregado
ORD-12631,2026-06-25 09:00:00,2026-06-26 17:00:00,2026-06-28 16:00:00,CAL,TR-04,Entregado
ORD-12632,2026-04-25 19:00:00,2026-04-29 00:00:00,2026-04-30 22:00:00,BOG,TR-01,Entregado
ORD-12633,2026-06-17 08:00:00,2026-06-18 17:00:00,2026-06-20 16:00:00,CAL,TR-01,Entregado
ORD-12634,2026-05-23 17:00:00,2026-05-26 23:00:00,2026-05-29 02:00:00,CAL,TR-02,Entregado
ORD-12635,2026-01-15 14:00:00,2026-01-16 21:00:00,2026-01-19 21:00:00,BGA,TR-01,Entregado
ORD-12636,2026-06-16 08:00:00,2026-06-17 15:00:00,2026-06-18 14:00:00,MED,TR-03,Entregado
ORD-12637,2026-02-01 16:00:00,2026-02-03 01:00:00,2026-02-04 01:00:00,BOG,TR-03,Entregado
ORD-12638,2026-02-09 11:00:00,2026-02-10 20:00:00,2026-02-11 22:00:00,BOG,TR-02,Entregado
ORD-12639,2026-03-23 16:00:00,2026-03-25 02:00:00,2026-03-26 05:00:00,BGA,TR-02,Entregado
ORD-12640,2026-03-17 19:00:00,2026-03-19 02:00:00,2026-03-20 00:00:00,BOG,TR-03,Entregado
ORD-12641,2026-02-07 10:00:00,2026-02-10 13:00:00,2026-02-12 17:00:00,BGA,TR-01,Entregado
ORD-12642,2026-03-12 16:00:00,2026-03-13 21:00:00,2026-03-15 20:00:00,MED,TR-02,Entregado
ORD-12643,2026-02-17 09:00:00,2026-02-18 19:00:00,2026-02-20 21:00:00,BOG,TR-02,Entregado
ORD-12644,2026-05-24 14:00:00,2026-05-26 00:00:00,2026-05-27 23:00:00,BOG,TR-03,Entregado
ORD-12645,2026-02-08 11:00:00,2026-02-09 18:00:00,2026-02-13 22:00:00,BAQ,TR-01,Entregado
ORD-12646,2026-03-30 15:00:00,2026-03-31 19:00:00,2026-04-02 22:00:00,CAL,TR-02,Entregado
ORD-12647,2026-05-21 08:00:00,2026-05-22 17:00:00,2026-05-25 22:00:00,MED,TR-03,Entregado
ORD-12648,2026-05-14 10:00:00,2026-05-15 19:00:00,2026-05-17 23:00:00,BOG,TR-03,Entregado
ORD-12649,2026-03-18 16:00:00,2026-03-19 20:00:00,2026-03-22 00:00:00,BAQ,TR-04,Entregado
ORD-12650,2026-03-31 13:00:00,2026-04-01 17:00:00,2026-04-03 18:00:00,CAL,TR-03,Entregado
ORD-12651,2026-05-12 19:00:00,2026-05-13 21:00:00,2026-05-14 19:00:00,BOG,TR-02,Entregado
ORD-12652,2026-02-08 15:00:00,2026-02-10 02:00:00,2026-02-10 22:00:00,BOG,TR-03,Entregado
ORD-12653,2026-01-25 18:00:00,2026-01-27 03:00:00,2026-01-29 07:00:00,BGA,TR-03,Entregado
ORD-12654,2026-06-15 15:00:00,2026-06-16 17:00:00,2026-06-17 13:00:00,BGA,TR-03,Entregado
ORD-12655,2026-02-22 10:00:00,2026-02-23 19:00:00,2026-02-26 15:00:00,MED,TR-03,Entregado
ORD-12656,2026-06-05 10:00:00,2026-06-08 16:00:00,2026-06-09 12:00:00,CAL,TR-03,Entregado
ORD-12657,2026-05-30 13:00:00,2026-06-03 18:00:00,2026-06-04 18:00:00,BOG,TR-03,Entregado
ORD-12658,2026-03-13 16:00:00,2026-03-16 23:00:00,2026-03-18 04:00:00,MED,TR-02,Entregado
ORD-12659,2026-01-06 10:00:00,2026-01-07 20:00:00,2026-01-13 16:00:00,BGA,TR-04,Entregado
ORD-12660,2026-05-18 10:00:00,2026-05-19 21:00:00,2026-05-21 21:00:00,CAL,TR-04,Entregado
ORD-12661,2026-03-17 08:00:00,2026-03-18 19:00:00,2026-03-20 20:00:00,CAL,TR-02,Entregado
ORD-12662,2026-02-28 12:00:00,2026-03-03 18:00:00,2026-03-05 15:00:00,CAL,TR-04,Entregado
ORD-12663,2026-02-21 16:00:00,2026-02-26 00:00:00,2026-02-27 05:00:00,BGA,TR-03,Entregado
ORD-12664,2026-05-07 16:00:00,2026-05-08 23:00:00,2026-05-09 20:00:00,BOG,TR-04,Entregado
ORD-12665,2026-01-31 12:00:00,2026-02-04 15:00:00,2026-02-06 11:00:00,MED,TR-01,Entregado
ORD-12666,2026-03-25 14:00:00,2026-03-26 21:00:00,,MED,TR-04,Perdido
ORD-12667,2026-05-07 13:00:00,2026-05-08 23:00:00,2026-05-10 00:00:00,BOG,TR-04,Entregado
ORD-12668,2026-05-12 17:00:00,2026-05-13 21:00:00,2026-05-16 23:00:00,BAQ,TR-03,Entregado
ORD-12669,2026-04-24 08:00:00,2026-04-28 17:00:00,2026-05-04 16:00:00,BGA,TR-04,Entregado
ORD-12670,2026-01-20 11:00:00,2026-01-21 15:00:00,2026-01-26 12:00:00,BGA,TR-04,Entregado
ORD-12671,2026-03-22 13:00:00,2026-03-23 17:00:00,2026-03-25 14:00:00,MED,TR-01,Entregado
ORD-12672,2026-06-13 08:00:00,2026-06-17 17:00:00,2026-06-19 21:00:00,BOG,TR-04,Entregado
ORD-12673,2026-05-09 08:00:00,2026-05-13 18:00:00,2026-05-14 21:00:00,BOG,TR-02,Entregado
ORD-12674,2026-06-01 17:00:00,2026-06-02 21:00:00,2026-06-04 23:00:00,BOG,TR-04,Entregado
ORD-12675,2026-03-13 09:00:00,2026-03-17 18:00:00,2026-03-20 17:00:00,CAL,TR-02,Entregado
ORD-12676,2026-04-19 14:00:00,2026-04-20 17:00:00,2026-04-23 21:00:00,MED,TR-04,Entregado
ORD-12677,2026-06-23 15:00:00,2026-06-25 00:00:00,2026-06-26 21:00:00,CAL,TR-01,Entregado
ORD-12678,2026-01-08 18:00:00,2026-01-10 04:00:00,2026-01-13 03:00:00,BAQ,TR-03,Entregado
ORD-12679,2026-04-21 18:00:00,2026-04-23 03:00:00,2026-04-25 06:00:00,BOG,TR-02,Entregado
ORD-12680,2026-01-13 14:00:00,2026-01-14 21:00:00,2026-01-16 00:00:00,BOG,TR-01,Entregado
ORD-12681,2026-06-05 16:00:00,2026-06-09 19:00:00,2026-06-10 19:00:00,MED,TR-02,Entregado
ORD-12682,2026-01-16 14:00:00,2026-01-21 01:00:00,2026-01-22 01:00:00,BOG,TR-01,Entregado
ORD-12683,2026-01-02 13:00:00,2026-01-06 20:00:00,2026-01-07 22:00:00,BOG,TR-03,Entregado
ORD-12684,2026-05-25 14:00:00,2026-05-26 20:00:00,2026-05-28 17:00:00,BGA,TR-01,Entregado
ORD-12685,2026-01-13 09:00:00,2026-01-14 20:00:00,2026-01-15 18:00:00,BOG,TR-04,Entregado
ORD-12686,2026-04-04 09:00:00,2026-04-07 14:00:00,2026-04-09 15:00:00,MED,TR-02,Entregado
ORD-12687,2026-01-13 18:00:00,2026-01-15 03:00:00,2026-01-17 05:00:00,BGA,TR-03,Entregado
ORD-12688,2026-04-04 12:00:00,2026-04-08 22:00:00,2026-04-09 22:00:00,CAL,TR-03,Entregado
ORD-12689,2026-04-22 14:00:00,2026-04-23 23:00:00,2026-04-24 23:00:00,BOG,TR-01,Entregado
ORD-12690,2026-03-22 15:00:00,2026-03-23 18:00:00,2026-03-25 19:00:00,MED,TR-01,Entregado
ORD-12691,2026-04-26 16:00:00,2026-04-28 02:00:00,2026-04-30 06:00:00,CAL,TR-03,Entregado
ORD-12692,2026-06-29 17:00:00,2026-07-01 04:00:00,2026-07-04 06:00:00,BGA,TR-02,Entregado
ORD-12693,2026-04-18 12:00:00,2026-04-22 22:00:00,2026-04-23 20:00:00,MED,TR-04,Entregado
ORD-12694,2026-05-08 11:00:00,2026-05-11 18:00:00,2026-05-14 18:00:00,CAL,TR-02,Entregado
ORD-12695,2026-06-07 08:00:00,2026-06-08 12:00:00,2026-06-09 13:00:00,BOG,TR-03,Entregado
ORD-12696,2026-02-26 11:00:00,2026-02-27 22:00:00,2026-03-01 02:00:00,MED,TR-02,Entregado
ORD-12697,2026-05-17 13:00:00,2026-05-18 16:00:00,2026-05-19 12:00:00,BOG,TR-03,Entregado
ORD-12698,2026-04-21 08:00:00,2026-04-22 18:00:00,2026-04-23 21:00:00,BOG,TR-03,Entregado
ORD-12699,2026-02-13 10:00:00,2026-02-17 21:00:00,2026-02-19 02:00:00,BOG,TR-01,Entregado
ORD-12700,2026-03-16 09:00:00,2026-03-17 17:00:00,2026-03-18 18:00:00,BOG,TR-03,Entregado
ORD-12701,2026-01-09 19:00:00,2026-01-13 02:00:00,2026-01-15 02:00:00,CAL,TR-02,Entregado
ORD-12702,2026-05-16 15:00:00,2026-05-21 00:00:00,2026-05-22 01:00:00,CAL,TR-04,Entregado
ORD-12703,2026-06-04 19:00:00,2026-06-06 06:00:00,2026-06-08 11:00:00,MED,TR-03,Entregado
ORD-12704,2026-03-06 18:00:00,2026-03-10 05:00:00,2026-03-13 02:00:00,CAL,TR-03,Entregado
ORD-12705,2026-02-11 10:00:00,2026-02-12 20:00:00,2026-02-15 21:00:00,MED,TR-03,Entregado
ORD-12706,2026-05-19 14:00:00,2026-05-20 23:00:00,2026-05-22 23:00:00,BGA,TR-02,Entregado
ORD-12707,2026-06-20 08:00:00,2026-06-24 18:00:00,2026-06-25 22:00:00,BOG,TR-01,Entregado
ORD-12708,2026-06-09 17:00:00,2026-06-10 20:00:00,2026-06-13 01:00:00,CAL,TR-01,Entregado
ORD-12709,2026-03-26 15:00:00,2026-03-27 22:00:00,2026-03-31 01:00:00,BAQ,TR-04,Entregado
ORD-12710,2026-05-31 15:00:00,2026-06-02 00:00:00,2026-06-04 03:00:00,MED,TR-01,Entregado
ORD-12711,2026-05-14 13:00:00,2026-05-15 21:00:00,2026-05-17 17:00:00,BGA,TR-03,Entregado
ORD-12712,2026-06-27 13:00:00,2026-07-01 20:00:00,2026-07-02 16:00:00,MED,TR-01,Entregado
ORD-12713,2026-06-14 10:00:00,2026-06-15 15:00:00,2026-06-17 15:00:00,BOG,TR-03,Entregado
ORD-12714,2026-02-23 15:00:00,2026-02-24 18:00:00,2026-02-26 23:00:00,MED,TR-01,Entregado
ORD-12715,2026-06-26 10:00:00,2026-06-29 18:00:00,2026-06-30 23:00:00,BOG,TR-03,Entregado
ORD-12716,2026-04-25 18:00:00,2026-04-28 21:00:00,2026-05-01 00:00:00,MED,TR-02,Entregado
ORD-12717,2026-03-29 08:00:00,2026-03-30 13:00:00,2026-03-31 09:00:00,MED,TR-01,Entregado
ORD-12718,2026-05-29 10:00:00,2026-06-01 18:00:00,2026-06-02 17:00:00,BOG,TR-03,Entregado
ORD-12719,2026-03-04 15:00:00,2026-03-06 02:00:00,2026-03-13 07:00:00,BGA,TR-04,Entregado
ORD-12720,2026-03-24 14:00:00,2026-03-26 00:00:00,2026-03-27 00:00:00,BOG,TR-04,Entregado
ORD-12721,2026-06-05 18:00:00,2026-06-08 22:00:00,2026-06-09 21:00:00,BOG,TR-01,Entregado
ORD-12722,2026-01-17 13:00:00,2026-01-20 20:00:00,2026-01-22 22:00:00,CAL,TR-01,Entregado
ORD-12723,2026-05-27 15:00:00,2026-05-28 21:00:00,2026-05-31 21:00:00,CAL,TR-01,Entregado
ORD-12724,2026-01-28 09:00:00,2026-01-29 11:00:00,2026-01-30 13:00:00,BOG,TR-03,Entregado
ORD-12725,2026-02-07 14:00:00,2026-02-11 17:00:00,2026-02-13 17:00:00,BGA,TR-02,Entregado
ORD-12726,2026-02-06 10:00:00,2026-02-10 20:00:00,2026-02-12 19:00:00,MED,TR-01,Entregado
ORD-12727,2026-03-09 13:00:00,2026-03-10 18:00:00,2026-03-13 18:00:00,MED,TR-01,Entregado
ORD-12728,2026-06-26 18:00:00,2026-07-01 03:00:00,2026-07-03 01:00:00,MED,TR-01,Entregado
ORD-12729,2026-06-13 17:00:00,2026-06-18 04:00:00,2026-06-19 05:00:00,BOG,TR-02,Entregado
ORD-12730,2026-01-13 11:00:00,2026-01-14 19:00:00,2026-01-18 15:00:00,BAQ,TR-03,Entregado
ORD-12731,2026-02-27 08:00:00,2026-03-03 19:00:00,2026-03-05 22:00:00,BOG,TR-04,Entregado
ORD-12732,2026-04-15 11:00:00,2026-04-16 18:00:00,2026-04-18 17:00:00,BOG,TR-03,Entregado
ORD-12733,2026-03-24 17:00:00,2026-03-25 19:00:00,2026-03-26 16:00:00,BOG,TR-03,Entregado
ORD-12734,2026-04-09 15:00:00,2026-04-11 00:00:00,2026-04-12 00:00:00,BOG,TR-02,Entregado
ORD-12735,2026-01-28 08:00:00,2026-01-29 15:00:00,2026-01-31 11:00:00,MED,TR-03,Entregado
ORD-12736,2026-06-19 09:00:00,2026-06-23 18:00:00,2026-06-24 14:00:00,BOG,TR-02,Entregado
ORD-12737,2026-02-17 15:00:00,2026-02-18 17:00:00,2026-02-20 21:00:00,BOG,TR-02,Entregado
ORD-12738,2026-04-07 19:00:00,2026-04-09 04:00:00,2026-04-10 04:00:00,CAL,TR-01,Entregado
ORD-12739,2026-04-24 11:00:00,2026-04-28 22:00:00,2026-05-06 21:00:00,BGA,TR-04,Entregado
ORD-12740,2026-06-15 19:00:00,2026-06-17 05:00:00,2026-06-19 10:00:00,BOG,TR-04,Entregado
ORD-12741,2026-06-04 16:00:00,2026-06-05 19:00:00,2026-06-07 18:00:00,MED,TR-02,Entregado
ORD-12742,2026-04-21 15:00:00,2026-04-22 22:00:00,2026-04-25 23:00:00,MED,TR-03,Entregado
ORD-12743,2026-03-17 15:00:00,2026-03-19 00:00:00,2026-03-20 03:00:00,BOG,TR-01,Entregado
ORD-12744,2026-04-29 16:00:00,2026-05-01 02:00:00,2026-05-02 07:00:00,BOG,TR-01,Entregado
ORD-12745,2026-02-03 10:00:00,2026-02-04 16:00:00,2026-02-07 19:00:00,BAQ,TR-01,Entregado
ORD-12746,2026-06-01 13:00:00,2026-06-03 00:00:00,2026-06-03 23:00:00,BOG,TR-03,Entregado
ORD-12747,2026-03-14 17:00:00,2026-03-18 04:00:00,2026-03-19 03:00:00,BOG,TR-01,Entregado
ORD-12748,2026-05-28 15:00:00,2026-05-30 00:00:00,2026-05-30 22:00:00,MED,TR-01,Entregado
ORD-12749,2026-01-10 10:00:00,2026-01-14 21:00:00,2026-01-17 02:00:00,MED,TR-03,Entregado
ORD-12750,2026-03-08 15:00:00,2026-03-09 17:00:00,2026-03-11 22:00:00,CAL,TR-04,Entregado
ORD-12751,2026-01-05 10:00:00,2026-01-06 18:00:00,2026-01-08 22:00:00,MED,TR-01,Entregado
ORD-12752,2026-01-27 08:00:00,2026-01-28 19:00:00,2026-01-31 16:00:00,MED,TR-03,Entregado
ORD-12753,2026-01-15 10:00:00,2026-01-16 14:00:00,2026-01-19 14:00:00,MED,TR-04,Entregado
ORD-12754,2026-04-15 12:00:00,2026-04-16 19:00:00,2026-04-19 21:00:00,MED,TR-02,Entregado
ORD-12755,2026-02-13 17:00:00,2026-02-18 04:00:00,2026-02-21 07:00:00,MED,TR-04,Entregado
ORD-12756,2026-06-24 09:00:00,2026-06-25 11:00:00,2026-06-26 13:00:00,BOG,TR-03,Entregado
ORD-12757,2026-04-05 09:00:00,2026-04-06 19:00:00,2026-04-08 20:00:00,MED,TR-01,Entregado
ORD-12758,2026-03-25 19:00:00,2026-03-27 04:00:00,2026-03-29 09:00:00,BGA,TR-02,Entregado
ORD-12759,2026-05-12 14:00:00,2026-05-14 00:00:00,2026-05-15 05:00:00,BOG,TR-02,Entregado
ORD-12760,2026-06-25 14:00:00,2026-06-27 01:00:00,2026-06-29 01:00:00,BOG,TR-03,Entregado
ORD-12761,2026-04-22 08:00:00,2026-04-23 13:00:00,2026-04-24 09:00:00,BOG,TR-04,Entregado
ORD-12762,2026-03-30 09:00:00,2026-03-31 20:00:00,2026-04-03 00:00:00,CAL,TR-02,Entregado
ORD-12763,2026-06-07 10:00:00,2026-06-08 20:00:00,2026-06-11 01:00:00,MED,TR-03,Entregado
ORD-12764,2026-05-02 12:00:00,2026-05-05 17:00:00,2026-05-06 22:00:00,BOG,TR-03,Entregado
ORD-12765,2026-03-25 08:00:00,2026-03-26 14:00:00,2026-03-27 19:00:00,BOG,TR-04,Entregado
ORD-12766,2026-04-26 13:00:00,2026-04-27 15:00:00,2026-04-28 19:00:00,BOG,TR-03,Entregado
ORD-12767,2026-04-26 13:00:00,2026-04-27 19:00:00,2026-04-30 15:00:00,MED,TR-01,Entregado
ORD-12768,2026-05-23 17:00:00,2026-05-27 00:00:00,2026-05-29 00:00:00,MED,TR-04,Entregado
ORD-12769,2026-04-20 11:00:00,2026-04-21 15:00:00,2026-04-22 11:00:00,BOG,TR-02,Entregado
ORD-12770,2026-02-15 16:00:00,2026-02-17 01:00:00,2026-02-19 01:00:00,BOG,TR-04,Entregado
ORD-12771,2026-01-21 15:00:00,2026-01-22 18:00:00,2026-01-24 23:00:00,BOG,TR-03,Entregado
ORD-12772,2026-05-01 17:00:00,2026-05-05 22:00:00,2026-05-09 00:00:00,MED,TR-03,Entregado
ORD-12773,2026-05-13 13:00:00,2026-05-14 15:00:00,2026-05-15 20:00:00,BOG,TR-04,Entregado
ORD-12774,2026-04-23 18:00:00,2026-04-24 21:00:00,2026-04-27 21:00:00,BAQ,TR-03,Entregado
ORD-12775,2026-04-22 19:00:00,2026-04-24 02:00:00,2026-04-26 02:00:00,BOG,TR-02,Entregado
ORD-12776,2026-02-16 14:00:00,2026-02-17 20:00:00,2026-02-19 23:00:00,BOG,TR-02,Entregado
ORD-12777,2026-04-01 09:00:00,2026-04-02 14:00:00,2026-04-04 19:00:00,MED,TR-03,Entregado
ORD-12778,2026-05-29 19:00:00,2026-06-02 23:00:00,2026-06-05 23:00:00,CAL,TR-04,Entregado
ORD-12779,2026-04-14 14:00:00,2026-04-15 22:00:00,2026-04-17 00:00:00,BOG,TR-02,Entregado
ORD-12780,2026-02-09 09:00:00,2026-02-10 16:00:00,2026-02-12 19:00:00,CAL,TR-04,Entregado
ORD-12781,2026-05-18 16:00:00,2026-05-20 01:00:00,2026-05-21 00:00:00,BOG,TR-03,Entregado
ORD-12782,2026-06-29 08:00:00,2026-06-30 16:00:00,2026-07-01 16:00:00,MED,TR-03,Entregado
ORD-12783,2026-03-02 12:00:00,2026-03-03 21:00:00,2026-03-04 23:00:00,BOG,TR-04,Entregado
ORD-12784,2026-05-02 12:00:00,2026-05-06 21:00:00,2026-05-07 21:00:00,BOG,TR-01,Entregado
ORD-12785,2026-02-24 12:00:00,2026-02-25 19:00:00,2026-02-28 00:00:00,MED,TR-03,Entregado
ORD-12786,2026-02-25 18:00:00,2026-02-27 00:00:00,2026-02-27 22:00:00,BOG,TR-02,Entregado
ORD-12787,2026-04-12 12:00:00,2026-04-13 20:00:00,2026-04-17 19:00:00,BAQ,TR-03,Entregado
ORD-12788,2026-03-14 18:00:00,2026-03-17 23:00:00,2026-03-19 02:00:00,BOG,TR-02,Entregado
ORD-12789,2026-01-02 08:00:00,2026-01-05 12:00:00,2026-01-08 12:00:00,BGA,TR-01,Entregado
ORD-12790,2026-04-14 19:00:00,2026-04-16 03:00:00,2026-04-18 08:00:00,MED,TR-04,Entregado
ORD-12791,2026-02-20 18:00:00,2026-02-23 23:00:00,2026-02-25 03:00:00,MED,TR-03,Entregado
ORD-12792,2026-04-18 19:00:00,2026-04-22 03:00:00,2026-04-23 08:00:00,BOG,TR-04,Entregado
ORD-12793,2026-06-16 17:00:00,2026-06-17 19:00:00,2026-06-19 20:00:00,CAL,TR-04,Entregado
ORD-12794,2026-05-03 15:00:00,2026-05-05 02:00:00,2026-05-08 07:00:00,BAQ,TR-04,Entregado
ORD-12795,2026-05-05 13:00:00,2026-05-06 23:00:00,2026-05-11 03:00:00,BAQ,TR-01,Entregado
ORD-12796,2026-05-02 16:00:00,2026-05-06 01:00:00,2026-05-07 01:00:00,BOG,TR-03,Entregado
ORD-12797,2026-04-13 17:00:00,2026-04-14 21:00:00,2026-04-16 22:00:00,BAQ,TR-01,Entregado
ORD-12798,2026-06-11 14:00:00,2026-06-12 17:00:00,2026-06-13 16:00:00,MED,TR-02,Entregado
ORD-12799,2026-01-31 11:00:00,2026-02-03 18:00:00,2026-02-06 22:00:00,CAL,TR-02,Entregado
ORD-12800,2026-03-30 19:00:00,2026-04-01 06:00:00,2026-04-02 05:00:00,MED,TR-03,Entregado
ORD-12801,2026-05-09 14:00:00,2026-05-13 00:00:00,2026-05-13 22:00:00,BOG,TR-03,Entregado
ORD-12802,2026-01-22 15:00:00,2026-01-24 01:00:00,2026-01-25 01:00:00,BOG,TR-04,Entregado
ORD-12803,2026-04-11 08:00:00,2026-04-15 18:00:00,2026-04-16 23:00:00,BGA,TR-03,Entregado
ORD-12804,2026-03-06 16:00:00,2026-03-09 19:00:00,2026-03-11 19:00:00,CAL,TR-03,Entregado
ORD-12805,2026-06-19 12:00:00,2026-06-23 19:00:00,2026-06-26 16:00:00,BAQ,TR-01,Entregado
ORD-12806,2026-03-20 08:00:00,2026-03-23 12:00:00,2026-03-25 13:00:00,BOG,TR-01,Entregado
ORD-12807,2026-01-22 13:00:00,2026-01-23 22:00:00,2026-01-25 20:00:00,BOG,TR-02,Entregado
ORD-12808,2026-04-09 15:00:00,2026-04-10 23:00:00,2026-04-11 22:00:00,CAL,TR-02,Entregado
ORD-12809,2026-06-24 08:00:00,2026-06-25 17:00:00,2026-06-27 18:00:00,MED,TR-04,Entregado
ORD-12810,2026-01-17 13:00:00,2026-01-20 23:00:00,2026-01-21 19:00:00,MED,TR-01,Entregado
ORD-12811,2026-03-31 08:00:00,2026-04-01 19:00:00,2026-04-02 18:00:00,BOG,TR-01,Entregado
ORD-12812,2026-06-15 08:00:00,2026-06-16 19:00:00,2026-06-18 23:00:00,BOG,TR-03,Entregado
ORD-12813,2026-03-19 13:00:00,2026-03-21 00:00:00,2026-03-22 20:00:00,CAL,TR-03,Entregado
ORD-12814,2026-06-12 15:00:00,2026-06-15 20:00:00,2026-06-16 18:00:00,BOG,TR-02,Entregado
ORD-12815,2026-05-23 13:00:00,2026-05-26 21:00:00,2026-05-29 22:00:00,MED,TR-02,Entregado
ORD-12816,2026-01-27 08:00:00,2026-01-28 18:00:00,2026-01-30 15:00:00,BOG,TR-01,Entregado
ORD-12817,2026-06-08 12:00:00,2026-06-09 20:00:00,2026-06-12 19:00:00,BAQ,TR-03,Entregado
ORD-12818,2026-06-12 19:00:00,2026-06-15 22:00:00,2026-06-16 21:00:00,BOG,TR-03,Entregado
ORD-12819,2026-01-06 12:00:00,2026-01-07 21:00:00,2026-01-09 21:00:00,MED,TR-03,Entregado
ORD-12820,2026-02-27 08:00:00,2026-03-02 11:00:00,2026-03-09 16:00:00,BGA,TR-04,Entregado
ORD-12821,2026-05-31 16:00:00,2026-06-01 19:00:00,2026-06-03 00:00:00,BOG,TR-02,Entregado
ORD-12822,2026-06-11 17:00:00,2026-06-12 19:00:00,2026-06-15 22:00:00,BAQ,TR-02,Entregado
ORD-12823,2026-02-16 12:00:00,2026-02-17 18:00:00,2026-02-18 18:00:00,BOG,TR-02,Entregado
ORD-12824,2026-01-20 13:00:00,2026-01-21 18:00:00,2026-01-22 21:00:00,BOG,TR-04,Entregado
ORD-12825,2026-02-28 09:00:00,2026-03-04 15:00:00,2026-03-05 17:00:00,BOG,TR-04,Entregado
ORD-12826,2026-05-26 11:00:00,2026-05-27 13:00:00,2026-05-29 16:00:00,CAL,TR-01,Entregado
ORD-12827,2026-01-17 16:00:00,2026-01-20 19:00:00,2026-01-23 18:00:00,BAQ,TR-01,Entregado
ORD-12828,2026-01-14 14:00:00,2026-01-15 23:00:00,2026-01-23 00:00:00,BGA,TR-04,Entregado
ORD-12829,2026-05-08 19:00:00,2026-05-13 01:00:00,2026-05-14 02:00:00,BOG,TR-02,Entregado
ORD-12830,2026-04-29 10:00:00,2026-04-30 20:00:00,2026-05-01 21:00:00,BOG,TR-04,Entregado
ORD-12831,2026-03-04 18:00:00,2026-03-05 22:00:00,2026-03-07 03:00:00,BOG,TR-04,Entregado
ORD-12832,2026-06-12 08:00:00,2026-06-16 13:00:00,2026-06-18 15:00:00,BGA,TR-01,Entregado
ORD-12833,2026-06-12 10:00:00,2026-06-16 21:00:00,2026-06-17 20:00:00,BGA,TR-02,Entregado
ORD-12834,2026-05-28 11:00:00,2026-05-29 13:00:00,2026-06-02 11:00:00,BGA,TR-04,Entregado
ORD-12835,2026-06-12 17:00:00,2026-06-15 23:00:00,2026-06-18 02:00:00,CAL,TR-01,Entregado
ORD-12836,2026-06-25 19:00:00,2026-06-26 23:00:00,2026-07-02 01:00:00,BAQ,TR-02,Entregado
ORD-12837,2026-04-14 15:00:00,2026-04-15 22:00:00,2026-04-17 03:00:00,BOG,TR-01,Entregado
ORD-12838,2026-03-02 08:00:00,2026-03-03 11:00:00,2026-03-04 13:00:00,BOG,TR-01,Entregado
ORD-12839,2026-03-12 18:00:00,2026-03-14 05:00:00,2026-03-15 06:00:00,CAL,TR-01,Entregado
ORD-12840,2026-02-19 08:00:00,2026-02-20 10:00:00,2026-02-21 12:00:00,CAL,TR-04,Entregado
ORD-12841,2026-04-09 11:00:00,2026-04-10 15:00:00,2026-04-12 15:00:00,MED,TR-03,Entregado
ORD-12842,2026-05-21 13:00:00,2026-05-22 15:00:00,2026-05-24 13:00:00,BOG,TR-03,Entregado
ORD-12843,2026-02-27 12:00:00,2026-03-03 21:00:00,2026-03-04 19:00:00,BOG,TR-03,Entregado
ORD-12844,2026-04-22 11:00:00,2026-04-23 21:00:00,2026-04-24 23:00:00,CAL,TR-03,Entregado
ORD-12845,2026-02-09 18:00:00,2026-02-11 00:00:00,2026-02-13 01:00:00,BOG,TR-02,Entregado
ORD-12846,2026-05-24 11:00:00,2026-05-25 19:00:00,2026-05-26 15:00:00,MED,TR-01,Entregado
ORD-12847,2026-06-22 17:00:00,2026-06-23 20:00:00,2026-06-25 21:00:00,CAL,TR-03,Entregado
ORD-12848,2026-01-28 09:00:00,2026-01-29 17:00:00,2026-02-03 13:00:00,BGA,TR-04,Entregado
ORD-12849,2026-01-31 10:00:00,2026-02-04 18:00:00,2026-02-11 18:00:00,BGA,TR-04,Entregado
ORD-12850,2026-05-16 15:00:00,2026-05-20 18:00:00,2026-05-22 18:00:00,BGA,TR-01,Entregado
ORD-12851,2026-01-15 18:00:00,2026-01-16 21:00:00,2026-01-18 02:00:00,MED,TR-04,Entregado
ORD-12852,2026-06-08 16:00:00,2026-06-10 03:00:00,2026-06-15 05:00:00,BGA,TR-04,Entregado
ORD-12853,2026-02-14 09:00:00,2026-02-18 20:00:00,2026-02-19 21:00:00,BOG,TR-01,Entregado
ORD-12854,2026-01-08 14:00:00,2026-01-10 01:00:00,2026-01-12 05:00:00,CAL,TR-04,Entregado
ORD-12855,2026-04-18 10:00:00,2026-04-21 18:00:00,2026-04-22 15:00:00,BOG,TR-03,Entregado
ORD-12856,2026-04-13 17:00:00,2026-04-15 03:00:00,2026-04-18 02:00:00,BGA,TR-03,Entregado
ORD-12857,2026-05-05 16:00:00,2026-05-07 01:00:00,2026-05-08 00:00:00,BOG,TR-02,Entregado
ORD-12858,2026-01-30 17:00:00,2026-02-03 00:00:00,2026-02-06 01:00:00,BAQ,TR-04,Entregado
ORD-12859,2026-05-26 09:00:00,2026-05-27 18:00:00,2026-05-29 16:00:00,CAL,TR-02,Entregado
ORD-12860,2026-04-27 14:00:00,2026-04-29 01:00:00,2026-05-04 05:00:00,BGA,TR-04,Entregado
ORD-12861,2026-03-01 09:00:00,2026-03-02 15:00:00,2026-03-05 17:00:00,BGA,TR-01,Entregado
ORD-12862,2026-06-20 14:00:00,2026-06-24 23:00:00,2026-06-26 19:00:00,MED,TR-02,Entregado
ORD-12863,2026-04-04 13:00:00,2026-04-08 00:00:00,,BAQ,TR-04,Perdido
ORD-12864,2026-05-02 19:00:00,2026-05-06 06:00:00,2026-05-07 07:00:00,MED,TR-04,Entregado
ORD-12865,2026-01-04 14:00:00,2026-01-05 23:00:00,2026-01-07 03:00:00,BOG,TR-02,Entregado
ORD-12866,2026-01-06 17:00:00,2026-01-08 00:00:00,2026-01-08 21:00:00,CAL,TR-02,Entregado
ORD-12867,2026-05-26 15:00:00,2026-05-28 02:00:00,2026-06-03 00:00:00,BGA,TR-04,Entregado
ORD-12868,2026-05-02 16:00:00,2026-05-05 19:00:00,2026-05-08 19:00:00,MED,TR-01,Entregado
ORD-12869,2026-01-06 15:00:00,2026-01-07 20:00:00,2026-01-09 19:00:00,CAL,TR-02,Entregado
ORD-12870,2026-05-03 10:00:00,2026-05-04 19:00:00,2026-05-05 18:00:00,BOG,TR-01,Entregado
ORD-12871,2026-04-16 18:00:00,2026-04-18 03:00:00,2026-04-19 02:00:00,BOG,TR-01,Entregado
ORD-12872,2026-02-12 08:00:00,2026-02-13 17:00:00,2026-02-14 20:00:00,BOG,TR-03,Entregado
ORD-12873,2026-04-06 11:00:00,2026-04-07 21:00:00,2026-04-09 01:00:00,BOG,TR-04,Entregado
ORD-12874,2026-03-22 16:00:00,2026-03-24 03:00:00,2026-03-25 04:00:00,BOG,TR-04,Entregado
ORD-12875,2026-05-13 13:00:00,2026-05-14 15:00:00,2026-05-15 19:00:00,BOG,TR-04,Entregado
ORD-12876,2026-02-04 13:00:00,2026-02-05 18:00:00,2026-02-07 20:00:00,CAL,TR-03,Entregado
ORD-12877,2026-05-30 14:00:00,2026-06-03 21:00:00,2026-06-05 19:00:00,BOG,TR-04,Entregado
ORD-12878,2026-01-11 18:00:00,2026-01-13 01:00:00,2026-01-16 22:00:00,BAQ,TR-03,Entregado
ORD-12879,2026-01-03 16:00:00,2026-01-07 18:00:00,2026-01-09 23:00:00,MED,TR-03,Entregado
ORD-12880,2026-03-01 19:00:00,2026-03-03 05:00:00,2026-03-05 10:00:00,CAL,TR-04,Entregado
ORD-12881,2026-03-28 08:00:00,2026-03-31 11:00:00,2026-04-02 11:00:00,CAL,TR-03,Entregado
ORD-12882,2026-01-18 08:00:00,2026-01-19 12:00:00,2026-01-21 08:00:00,MED,TR-02,Entregado
ORD-12883,2026-03-14 14:00:00,2026-03-17 19:00:00,,MED,TR-01,Devuelto
ORD-12884,2026-03-24 12:00:00,2026-03-25 22:00:00,2026-03-27 03:00:00,BOG,TR-02,Entregado
ORD-12885,2026-02-16 11:00:00,2026-02-17 22:00:00,2026-02-19 00:00:00,BGA,TR-01,Entregado
ORD-12886,2026-01-30 16:00:00,2026-02-03 01:00:00,2026-02-04 02:00:00,BOG,TR-04,Entregado
ORD-12887,2026-06-05 09:00:00,2026-06-09 19:00:00,2026-06-12 16:00:00,CAL,TR-03,Entregado
ORD-12888,2026-04-22 16:00:00,2026-04-23 20:00:00,2026-04-24 22:00:00,BOG,TR-02,Entregado
ORD-12889,2026-03-15 17:00:00,2026-03-17 03:00:00,2026-03-19 00:00:00,CAL,TR-01,Entregado
ORD-12890,2026-02-27 14:00:00,2026-03-03 23:00:00,2026-03-06 01:00:00,CAL,TR-04,Entregado
ORD-12891,2026-05-07 16:00:00,2026-05-09 00:00:00,2026-05-14 23:00:00,BAQ,TR-02,Entregado
ORD-12892,2026-01-25 10:00:00,2026-01-26 13:00:00,2026-01-27 14:00:00,BOG,TR-04,Entregado
ORD-12893,2026-04-26 09:00:00,2026-04-27 16:00:00,2026-04-29 17:00:00,BOG,TR-01,Entregado
ORD-12894,2026-01-10 10:00:00,2026-01-14 14:00:00,2026-01-17 16:00:00,BGA,TR-03,Entregado
ORD-12895,2026-01-11 12:00:00,2026-01-12 14:00:00,2026-01-15 13:00:00,CAL,TR-01,Entregado
ORD-12896,2026-05-29 13:00:00,2026-06-02 22:00:00,2026-06-06 19:00:00,BAQ,TR-01,Entregado
ORD-12897,2026-06-22 14:00:00,2026-06-23 22:00:00,2026-06-30 22:00:00,BGA,TR-04,Entregado
ORD-12898,2026-05-06 09:00:00,2026-05-07 17:00:00,2026-05-08 14:00:00,BOG,TR-04,Entregado
ORD-12899,2026-03-17 16:00:00,2026-03-19 03:00:00,2026-03-20 04:00:00,BOG,TR-04,Entregado
ORD-12900,2026-02-11 09:00:00,2026-02-12 12:00:00,2026-02-14 11:00:00,MED,TR-02,Entregado
ORD-12901,2026-02-23 18:00:00,2026-02-24 20:00:00,2026-02-26 21:00:00,MED,TR-01,Entregado
ORD-12902,2026-03-16 08:00:00,2026-03-17 19:00:00,2026-03-18 18:00:00,MED,TR-04,Entregado
ORD-12903,2026-01-18 10:00:00,2026-01-19 12:00:00,2026-01-21 15:00:00,BOG,TR-04,Entregado
ORD-12904,2026-03-31 13:00:00,2026-04-01 19:00:00,2026-04-08 17:00:00,BGA,TR-04,Entregado
ORD-12905,2026-04-18 18:00:00,2026-04-21 23:00:00,2026-04-22 20:00:00,BOG,TR-01,Entregado
ORD-12906,2026-06-24 17:00:00,2026-06-25 21:00:00,2026-06-26 19:00:00,CAL,TR-03,Entregado
ORD-12907,2026-03-17 19:00:00,2026-03-19 02:00:00,2026-03-20 03:00:00,BOG,TR-02,Entregado
ORD-12908,2026-03-18 11:00:00,2026-03-19 18:00:00,2026-03-20 16:00:00,BOG,TR-04,Entregado
ORD-12909,2026-05-10 17:00:00,2026-05-12 00:00:00,2026-05-12 23:00:00,BOG,TR-02,Entregado
ORD-12910,2026-02-28 18:00:00,2026-03-04 23:00:00,2026-03-06 23:00:00,MED,TR-04,Entregado
ORD-12911,2026-01-27 15:00:00,2026-01-29 00:00:00,2026-01-30 00:00:00,MED,TR-04,Entregado
ORD-12912,2026-01-07 14:00:00,2026-01-08 17:00:00,2026-01-11 22:00:00,MED,TR-01,Entregado
ORD-12913,2026-06-23 15:00:00,2026-06-25 02:00:00,2026-06-27 07:00:00,CAL,TR-01,Entregado
ORD-12914,2026-05-04 19:00:00,2026-05-06 05:00:00,2026-05-08 07:00:00,MED,TR-03,Entregado
ORD-12915,2026-05-21 18:00:00,2026-05-23 02:00:00,,BOG,TR-03,Perdido
ORD-12916,2026-01-17 08:00:00,2026-01-20 12:00:00,2026-01-21 15:00:00,BOG,TR-03,Entregado
ORD-12917,2026-04-30 11:00:00,2026-05-01 17:00:00,2026-05-07 22:00:00,BAQ,TR-02,Entregado
ORD-12918,2026-01-08 12:00:00,2026-01-09 21:00:00,2026-01-11 23:00:00,MED,TR-02,Entregado
ORD-12919,2026-03-31 11:00:00,2026-04-01 15:00:00,2026-04-06 15:00:00,BGA,TR-04,Entregado
ORD-12920,2026-01-28 13:00:00,2026-01-29 17:00:00,2026-01-30 15:00:00,BOG,TR-01,Entregado
ORD-12921,2026-04-03 19:00:00,2026-04-07 21:00:00,2026-04-10 21:00:00,CAL,TR-04,Entregado
ORD-12922,2026-04-11 14:00:00,2026-04-15 18:00:00,2026-04-16 16:00:00,BOG,TR-04,Entregado
ORD-12923,2026-05-24 17:00:00,2026-05-25 23:00:00,2026-05-26 19:00:00,BGA,TR-01,Entregado
ORD-12924,2026-03-12 11:00:00,2026-03-13 13:00:00,2026-03-15 13:00:00,CAL,TR-03,Entregado
ORD-12925,2026-05-04 12:00:00,2026-05-05 19:00:00,2026-05-09 00:00:00,BAQ,TR-04,Entregado
ORD-12926,2026-01-29 10:00:00,2026-01-30 13:00:00,2026-02-05 16:00:00,BAQ,TR-02,Entregado
ORD-12927,2026-05-23 11:00:00,2026-05-27 21:00:00,2026-05-29 23:00:00,MED,TR-03,Entregado
ORD-12928,2026-06-24 11:00:00,2026-06-25 17:00:00,2026-06-27 15:00:00,BAQ,TR-02,Entregado
ORD-12929,2026-01-19 17:00:00,2026-01-21 04:00:00,2026-01-23 04:00:00,MED,TR-02,Entregado
ORD-12930,2026-01-21 12:00:00,2026-01-22 20:00:00,2026-01-25 00:00:00,CAL,TR-03,Entregado
ORD-12931,2026-01-27 14:00:00,2026-01-28 19:00:00,2026-01-30 23:00:00,MED,TR-01,Entregado
ORD-12932,2026-01-29 11:00:00,2026-01-30 13:00:00,2026-01-31 13:00:00,MED,TR-01,Entregado
ORD-12933,2026-01-25 13:00:00,2026-01-26 21:00:00,2026-01-29 17:00:00,MED,TR-01,Entregado
ORD-12934,2026-03-04 11:00:00,2026-03-05 17:00:00,2026-03-06 19:00:00,MED,TR-02,Entregado
ORD-12935,2026-05-10 13:00:00,2026-05-11 19:00:00,2026-05-13 18:00:00,CAL,TR-03,Entregado
ORD-12936,2026-01-16 09:00:00,2026-01-20 16:00:00,2026-01-21 20:00:00,BOG,TR-01,Entregado
ORD-12937,2026-04-10 10:00:00,2026-04-13 16:00:00,2026-04-14 18:00:00,BOG,TR-01,Entregado
ORD-12938,2026-02-03 18:00:00,2026-02-05 02:00:00,2026-02-06 23:00:00,CAL,TR-02,Entregado
ORD-12939,2026-03-03 13:00:00,2026-03-05 00:00:00,2026-03-07 23:00:00,CAL,TR-02,Entregado
ORD-12940,2026-04-10 13:00:00,2026-04-13 20:00:00,2026-04-15 17:00:00,CAL,TR-02,Entregado
ORD-12941,2026-06-29 11:00:00,2026-06-30 13:00:00,2026-07-06 16:00:00,BGA,TR-04,Entregado
ORD-12942,2026-04-21 11:00:00,2026-04-22 22:00:00,2026-04-24 18:00:00,CAL,TR-04,Entregado
ORD-12943,2026-03-14 14:00:00,2026-03-18 01:00:00,2026-03-20 23:00:00,BAQ,TR-01,Entregado
ORD-12944,2026-05-27 13:00:00,2026-05-28 19:00:00,2026-05-29 20:00:00,BGA,TR-01,Entregado
ORD-12945,2026-03-11 11:00:00,2026-03-12 14:00:00,2026-03-14 17:00:00,MED,TR-04,Entregado
ORD-12946,2026-03-20 16:00:00,2026-03-24 02:00:00,2026-03-26 22:00:00,BAQ,TR-04,Entregado
ORD-12947,2026-05-28 16:00:00,2026-05-30 03:00:00,2026-06-02 08:00:00,BGA,TR-01,Entregado
ORD-12948,2026-02-01 11:00:00,2026-02-02 17:00:00,2026-02-04 14:00:00,MED,TR-01,Entregado
ORD-12949,2026-02-19 09:00:00,2026-02-20 11:00:00,2026-02-22 11:00:00,BOG,TR-03,Entregado
ORD-12950,2026-01-05 11:00:00,2026-01-06 18:00:00,,MED,TR-02,Devuelto
ORD-12951,2026-03-28 18:00:00,2026-04-02 05:00:00,2026-04-04 06:00:00,BGA,TR-03,Entregado
ORD-12952,2026-06-14 13:00:00,2026-06-15 17:00:00,2026-06-17 20:00:00,MED,TR-02,Entregado
ORD-12953,2026-03-09 19:00:00,2026-03-11 03:00:00,2026-03-13 05:00:00,MED,TR-02,Entregado
ORD-12954,2026-02-03 17:00:00,2026-02-05 03:00:00,2026-02-07 02:00:00,BOG,TR-01,Entregado
ORD-12955,2026-05-17 17:00:00,2026-05-18 20:00:00,2026-05-21 00:00:00,CAL,TR-04,Entregado
ORD-12956,2026-04-05 14:00:00,2026-04-06 19:00:00,2026-04-09 19:00:00,BGA,TR-01,Entregado
ORD-12957,2026-03-09 10:00:00,2026-03-10 14:00:00,2026-03-11 13:00:00,BOG,TR-01,Entregado
ORD-12958,2026-06-08 10:00:00,2026-06-09 19:00:00,2026-06-10 17:00:00,BGA,TR-02,Entregado
ORD-12959,2026-03-26 10:00:00,2026-03-27 16:00:00,2026-03-28 15:00:00,MED,TR-02,Entregado
ORD-12960,2026-04-05 12:00:00,2026-04-06 19:00:00,2026-04-07 18:00:00,BOG,TR-01,Entregado
ORD-12961,2026-02-01 09:00:00,2026-02-02 11:00:00,2026-02-05 14:00:00,MED,TR-02,Entregado
ORD-12962,2026-04-26 17:00:00,2026-04-28 03:00:00,2026-05-01 00:00:00,CAL,TR-02,Entregado
ORD-12963,2026-05-10 09:00:00,2026-05-11 20:00:00,2026-05-12 21:00:00,MED,TR-01,Entregado
ORD-12964,2026-03-01 15:00:00,2026-03-03 00:00:00,2026-03-04 21:00:00,BAQ,TR-01,Entregado
ORD-12965,2026-01-17 14:00:00,2026-01-20 22:00:00,2026-01-22 00:00:00,CAL,TR-04,Entregado
ORD-12966,2026-06-08 18:00:00,2026-06-09 22:00:00,2026-06-10 20:00:00,BGA,TR-02,Entregado
ORD-12967,2026-03-29 08:00:00,2026-03-30 13:00:00,2026-03-31 11:00:00,BOG,TR-04,Entregado
ORD-12968,2026-05-19 14:00:00,2026-05-20 19:00:00,2026-05-22 15:00:00,BOG,TR-01,Entregado
ORD-12969,2026-03-26 11:00:00,2026-03-27 16:00:00,2026-03-29 16:00:00,BOG,TR-03,Entregado
ORD-12970,2026-03-12 17:00:00,2026-03-13 22:00:00,2026-03-14 19:00:00,CAL,TR-01,Entregado
ORD-12971,2026-04-21 09:00:00,2026-04-22 14:00:00,2026-04-25 12:00:00,BAQ,TR-01,Entregado
ORD-12972,2026-05-20 08:00:00,2026-05-21 14:00:00,2026-05-23 10:00:00,BAQ,TR-04,Entregado
ORD-12973,2026-04-02 08:00:00,2026-04-03 13:00:00,2026-04-06 15:00:00,BAQ,TR-01,Entregado
ORD-12974,2026-02-16 19:00:00,2026-02-18 03:00:00,2026-02-19 08:00:00,BOG,TR-04,Entregado
ORD-12975,2026-04-16 14:00:00,2026-04-17 21:00:00,2026-04-20 17:00:00,BAQ,TR-04,Entregado
ORD-12976,2026-05-10 17:00:00,2026-05-11 21:00:00,2026-05-12 19:00:00,BOG,TR-04,Entregado
ORD-12977,2026-01-24 11:00:00,2026-01-28 16:00:00,2026-01-30 20:00:00,BGA,TR-03,Entregado
ORD-12978,2026-04-18 10:00:00,2026-04-22 17:00:00,2026-04-25 14:00:00,BGA,TR-01,Entregado
ORD-12979,2026-06-03 18:00:00,2026-06-05 04:00:00,,MED,TR-03,Perdido
ORD-12980,2026-02-09 09:00:00,2026-02-10 12:00:00,2026-02-13 09:00:00,CAL,TR-04,Entregado
ORD-12981,2026-06-20 18:00:00,2026-06-25 03:00:00,2026-06-27 07:00:00,CAL,TR-02,Entregado
ORD-12982,2026-01-12 10:00:00,2026-01-13 16:00:00,2026-01-18 18:00:00,BGA,TR-04,Entregado
ORD-12983,2026-01-27 08:00:00,2026-01-28 19:00:00,2026-01-30 22:00:00,MED,TR-04,Entregado
ORD-12984,2026-02-18 09:00:00,2026-02-19 17:00:00,2026-02-20 22:00:00,BOG,TR-02,Entregado
ORD-12985,2026-03-01 13:00:00,2026-03-02 17:00:00,2026-03-04 15:00:00,CAL,TR-02,Entregado
ORD-12986,2026-01-30 11:00:00,2026-02-03 13:00:00,2026-02-10 16:00:00,BGA,TR-04,Entregado
ORD-12987,2026-06-15 19:00:00,2026-06-17 00:00:00,2026-06-19 21:00:00,BAQ,TR-01,Entregado
ORD-12988,2026-01-25 17:00:00,2026-01-27 00:00:00,2026-01-28 03:00:00,BOG,TR-04,Entregado
ORD-12989,2026-02-11 15:00:00,2026-02-12 21:00:00,2026-02-13 21:00:00,BOG,TR-02,Entregado
ORD-12990,2026-03-18 15:00:00,2026-03-19 21:00:00,2026-03-20 17:00:00,BOG,TR-02,Entregado
ORD-12991,2026-04-15 13:00:00,2026-04-16 21:00:00,2026-04-22 23:00:00,BAQ,TR-02,Entregado
ORD-12992,2026-02-11 12:00:00,2026-02-12 16:00:00,2026-02-15 21:00:00,MED,TR-04,Entregado
ORD-12993,2026-01-22 16:00:00,2026-01-23 23:00:00,2026-01-25 03:00:00,BOG,TR-01,Entregado
ORD-12994,2026-04-17 18:00:00,2026-04-22 01:00:00,2026-04-23 21:00:00,MED,TR-01,Entregado
ORD-12995,2026-02-10 09:00:00,2026-02-11 12:00:00,2026-02-13 16:00:00,CAL,TR-02,Entregado
ORD-12996,2026-06-09 17:00:00,2026-06-11 00:00:00,2026-06-12 03:00:00,MED,TR-04,Entregado
ORD-12997,2026-03-30 09:00:00,2026-03-31 12:00:00,2026-04-03 15:00:00,CAL,TR-03,Entregado
ORD-12998,2026-01-12 15:00:00,2026-01-13 23:00:00,2026-01-16 03:00:00,MED,TR-01,Entregado
ORD-12999,2026-03-14 19:00:00,2026-03-19 03:00:00,2026-03-21 08:00:00,MED,TR-03,Entregado
ORD-13000,2026-03-31 16:00:00,2026-04-02 03:00:00,2026-04-04 04:00:00,BOG,TR-04,Entregado
ORD-13001,2026-01-10 16:00:00,2026-01-13 19:00:00,2026-01-15 21:00:00,BGA,TR-01,Entregado
ORD-13002,2026-06-25 11:00:00,2026-06-26 14:00:00,2026-06-27 16:00:00,CAL,TR-03,Entregado
ORD-13003,2026-02-08 19:00:00,2026-02-10 02:00:00,2026-02-11 04:00:00,BOG,TR-03,Entregado
ORD-13004,2026-03-07 08:00:00,2026-03-10 14:00:00,2026-03-11 10:00:00,MED,TR-01,Entregado
ORD-13005,2026-06-28 19:00:00,2026-06-30 00:00:00,2026-07-03 20:00:00,BAQ,TR-04,Entregado
ORD-13006,2026-06-13 15:00:00,2026-06-17 01:00:00,2026-06-23 03:00:00,BGA,TR-04,Entregado
ORD-13007,2026-06-04 09:00:00,2026-06-05 13:00:00,2026-06-08 09:00:00,CAL,TR-01,Entregado
ORD-13008,2026-06-08 16:00:00,2026-06-10 00:00:00,2026-06-12 00:00:00,CAL,TR-02,Entregado
ORD-13009,2026-03-19 09:00:00,2026-03-20 12:00:00,2026-03-21 09:00:00,MED,TR-01,Entregado
ORD-13010,2026-01-29 19:00:00,2026-01-31 00:00:00,2026-02-02 04:00:00,BOG,TR-03,Entregado
ORD-13011,2026-04-11 19:00:00,2026-04-16 00:00:00,2026-04-18 22:00:00,BGA,TR-03,Entregado
ORD-13012,2026-03-25 14:00:00,2026-03-26 18:00:00,2026-03-27 15:00:00,CAL,TR-01,Entregado
ORD-13013,2026-01-24 12:00:00,2026-01-27 16:00:00,2026-01-30 12:00:00,BAQ,TR-01,Entregado
ORD-13014,2026-05-18 12:00:00,2026-05-19 20:00:00,2026-05-20 21:00:00,BOG,TR-04,Entregado
ORD-13015,2026-05-26 15:00:00,2026-05-28 02:00:00,2026-05-31 01:00:00,BGA,TR-02,Entregado
ORD-13016,2026-05-22 09:00:00,2026-05-26 16:00:00,2026-05-28 18:00:00,CAL,TR-03,Entregado
ORD-13017,2026-05-08 17:00:00,2026-05-12 04:00:00,2026-05-16 08:00:00,BAQ,TR-03,Entregado
ORD-13018,2026-03-17 13:00:00,2026-03-18 16:00:00,2026-03-21 15:00:00,MED,TR-04,Entregado
ORD-13019,2026-02-05 11:00:00,2026-02-06 22:00:00,2026-02-08 23:00:00,CAL,TR-04,Entregado
ORD-13020,2026-01-22 11:00:00,2026-01-23 14:00:00,2026-01-25 19:00:00,MED,TR-02,Entregado
ORD-13021,2026-04-06 08:00:00,2026-04-07 13:00:00,2026-04-10 13:00:00,MED,TR-03,Entregado
ORD-13022,2026-06-22 11:00:00,2026-06-23 13:00:00,2026-06-26 15:00:00,CAL,TR-03,Entregado
ORD-13023,2026-05-28 09:00:00,2026-05-29 13:00:00,2026-05-30 16:00:00,BOG,TR-02,Entregado
ORD-13024,2026-02-07 10:00:00,2026-02-11 21:00:00,2026-02-19 00:00:00,BGA,TR-04,Entregado
ORD-13025,2026-05-31 18:00:00,2026-06-02 03:00:00,2026-06-03 01:00:00,BOG,TR-02,Entregado
ORD-13026,2026-05-24 18:00:00,2026-05-26 03:00:00,2026-05-28 01:00:00,MED,TR-03,Entregado
ORD-13027,2026-05-29 15:00:00,2026-06-02 22:00:00,2026-06-06 23:00:00,BAQ,TR-01,Entregado
ORD-13028,2026-05-20 08:00:00,2026-05-21 17:00:00,2026-05-23 16:00:00,MED,TR-01,Entregado
ORD-13029,2026-03-28 14:00:00,2026-03-31 17:00:00,2026-04-02 19:00:00,BOG,TR-04,Entregado
ORD-13030,2026-02-15 19:00:00,2026-02-16 23:00:00,2026-02-20 02:00:00,BGA,TR-01,Entregado
ORD-13031,2026-05-25 16:00:00,2026-05-26 19:00:00,2026-05-27 21:00:00,BOG,TR-03,Entregado
ORD-13032,2026-02-23 19:00:00,2026-02-25 03:00:00,2026-02-26 03:00:00,CAL,TR-04,Entregado
ORD-13033,2026-04-08 12:00:00,2026-04-09 17:00:00,2026-04-10 20:00:00,BOG,TR-02,Entregado
ORD-13034,2026-04-19 18:00:00,2026-04-21 00:00:00,2026-04-22 03:00:00,BOG,TR-02,Entregado
ORD-13035,2026-04-26 14:00:00,2026-04-27 19:00:00,2026-04-28 15:00:00,BOG,TR-03,Entregado
ORD-13036,2026-04-14 18:00:00,2026-04-15 22:00:00,2026-04-17 18:00:00,MED,TR-04,Entregado
ORD-13037,2026-03-20 18:00:00,2026-03-25 04:00:00,2026-03-26 05:00:00,BOG,TR-04,Entregado
ORD-13038,2026-04-07 12:00:00,2026-04-08 21:00:00,2026-04-10 01:00:00,BOG,TR-02,Entregado
ORD-13039,2026-01-31 10:00:00,2026-02-03 20:00:00,2026-02-05 23:00:00,BGA,TR-01,Entregado
ORD-13040,2026-01-17 19:00:00,2026-01-21 05:00:00,2026-01-22 07:00:00,BOG,TR-04,Entregado
ORD-13041,2026-03-24 13:00:00,2026-03-25 17:00:00,2026-03-27 19:00:00,MED,TR-01,Entregado
ORD-13042,2026-02-01 15:00:00,2026-02-02 20:00:00,2026-02-05 01:00:00,BOG,TR-02,Entregado
ORD-13043,2026-05-21 18:00:00,2026-05-22 20:00:00,2026-05-24 17:00:00,MED,TR-02,Entregado
ORD-13044,2026-02-04 12:00:00,2026-02-05 18:00:00,2026-02-06 15:00:00,MED,TR-01,Entregado
ORD-13045,2026-01-29 13:00:00,2026-01-30 21:00:00,2026-02-01 23:00:00,MED,TR-04,Entregado
ORD-13046,2026-06-02 13:00:00,2026-06-03 19:00:00,2026-06-04 17:00:00,CAL,TR-03,Entregado
ORD-13047,2026-06-22 12:00:00,2026-06-23 20:00:00,2026-06-25 17:00:00,BOG,TR-01,Entregado
ORD-13048,2026-03-30 15:00:00,2026-03-31 21:00:00,2026-04-03 02:00:00,MED,TR-01,Entregado
ORD-13049,2026-05-09 11:00:00,2026-05-12 17:00:00,,BOG,TR-02,Perdido
ORD-13050,2026-06-21 14:00:00,2026-06-22 23:00:00,2026-06-23 23:00:00,MED,TR-04,Entregado
ORD-13051,2026-04-06 18:00:00,2026-04-07 23:00:00,2026-04-09 02:00:00,BOG,TR-01,Entregado
ORD-13052,2026-06-16 13:00:00,2026-06-17 17:00:00,2026-06-19 15:00:00,MED,TR-02,Entregado
ORD-13053,2026-03-29 18:00:00,2026-03-31 01:00:00,2026-04-01 03:00:00,CAL,TR-04,Entregado
ORD-13054,2026-06-06 13:00:00,2026-06-09 22:00:00,2026-06-11 22:00:00,MED,TR-01,Entregado
ORD-13055,2026-01-16 10:00:00,2026-01-19 20:00:00,2026-01-20 22:00:00,BGA,TR-03,Entregado
ORD-13056,2026-01-20 10:00:00,2026-01-21 21:00:00,2026-01-22 18:00:00,MED,TR-04,Entregado
ORD-13057,2026-05-07 17:00:00,2026-05-09 04:00:00,2026-05-12 04:00:00,CAL,TR-01,Entregado
ORD-13058,2026-04-21 08:00:00,2026-04-22 12:00:00,2026-04-24 12:00:00,CAL,TR-03,Entregado
ORD-13059,2026-03-22 09:00:00,2026-03-23 19:00:00,2026-03-26 00:00:00,MED,TR-03,Entregado
ORD-13060,2026-06-06 11:00:00,2026-06-09 13:00:00,2026-06-11 10:00:00,BOG,TR-01,Entregado
ORD-13061,2026-03-11 15:00:00,2026-03-12 19:00:00,2026-03-15 21:00:00,MED,TR-01,Entregado
ORD-13062,2026-01-29 10:00:00,2026-01-30 14:00:00,2026-02-01 19:00:00,MED,TR-03,Entregado
ORD-13063,2026-06-10 10:00:00,2026-06-11 18:00:00,2026-06-14 15:00:00,MED,TR-01,Entregado
ORD-13064,2026-06-12 12:00:00,2026-06-16 15:00:00,2026-06-19 17:00:00,MED,TR-04,Entregado
ORD-13065,2026-04-18 19:00:00,2026-04-23 01:00:00,2026-04-25 02:00:00,BOG,TR-04,Entregado
ORD-13066,2026-04-19 11:00:00,2026-04-20 19:00:00,2026-04-22 15:00:00,BAQ,TR-01,Entregado
ORD-13067,2026-03-14 14:00:00,2026-03-18 23:00:00,2026-03-21 21:00:00,BGA,TR-02,Entregado
ORD-13068,2026-01-04 10:00:00,2026-01-05 19:00:00,2026-01-06 23:00:00,BOG,TR-01,Entregado
ORD-13069,2026-01-19 13:00:00,2026-01-20 17:00:00,2026-01-22 14:00:00,CAL,TR-01,Entregado
ORD-13070,2026-06-22 18:00:00,2026-06-24 01:00:00,2026-06-25 01:00:00,BOG,TR-01,Entregado
ORD-13071,2026-05-21 19:00:00,2026-05-23 02:00:00,2026-05-26 04:00:00,MED,TR-03,Entregado
ORD-13072,2026-03-27 19:00:00,2026-03-31 01:00:00,2026-04-02 02:00:00,BAQ,TR-03,Entregado
ORD-13073,2026-02-21 12:00:00,2026-02-24 20:00:00,2026-02-26 23:00:00,MED,TR-04,Entregado
ORD-13074,2026-04-19 13:00:00,2026-04-20 18:00:00,2026-04-22 16:00:00,BAQ,TR-03,Entregado
ORD-13075,2026-02-12 10:00:00,2026-02-13 15:00:00,2026-02-14 20:00:00,BOG,TR-03,Entregado
ORD-13076,2026-02-11 17:00:00,2026-02-13 02:00:00,2026-02-14 23:00:00,BOG,TR-03,Entregado
ORD-13077,2026-04-25 17:00:00,2026-04-29 04:00:00,2026-05-02 01:00:00,BAQ,TR-02,Entregado
ORD-13078,2026-05-31 18:00:00,2026-06-02 03:00:00,2026-06-03 00:00:00,MED,TR-01,Entregado
ORD-13079,2026-03-18 19:00:00,2026-03-19 21:00:00,2026-03-22 18:00:00,BAQ,TR-04,Entregado
ORD-13080,2026-05-17 11:00:00,2026-05-18 19:00:00,2026-05-22 20:00:00,BGA,TR-04,Entregado
ORD-13081,2026-02-08 10:00:00,2026-02-09 18:00:00,2026-02-10 14:00:00,MED,TR-01,Entregado
ORD-13082,2026-01-12 14:00:00,2026-01-13 19:00:00,2026-01-15 23:00:00,BGA,TR-01,Entregado
ORD-13083,2026-01-11 17:00:00,2026-01-12 20:00:00,2026-01-14 19:00:00,BAQ,TR-04,Entregado
ORD-13084,2026-02-11 18:00:00,2026-02-13 05:00:00,2026-02-14 02:00:00,BOG,TR-03,Entregado
ORD-13085,2026-01-11 13:00:00,2026-01-12 15:00:00,2026-01-14 11:00:00,BOG,TR-02,Entregado
ORD-13086,2026-04-08 18:00:00,2026-04-10 04:00:00,2026-04-12 00:00:00,MED,TR-03,Entregado
ORD-13087,2026-01-19 13:00:00,2026-01-20 17:00:00,2026-01-24 20:00:00,BAQ,TR-01,Entregado
ORD-13088,2026-06-23 11:00:00,2026-06-24 22:00:00,2026-06-27 00:00:00,BOG,TR-03,Entregado
ORD-13089,2026-04-23 17:00:00,2026-04-25 04:00:00,2026-04-27 00:00:00,BAQ,TR-04,Entregado
ORD-13090,2026-03-06 10:00:00,2026-03-10 17:00:00,2026-03-13 14:00:00,BGA,TR-02,Entregado
ORD-13091,2026-03-13 18:00:00,2026-03-16 21:00:00,2026-03-18 21:00:00,MED,TR-01,Entregado
ORD-13092,2026-02-21 13:00:00,2026-02-25 17:00:00,2026-02-26 21:00:00,BOG,TR-02,Entregado
ORD-13093,2026-06-24 15:00:00,2026-06-25 18:00:00,2026-06-27 21:00:00,MED,TR-03,Entregado
ORD-13094,2026-01-07 18:00:00,2026-01-09 04:00:00,2026-01-13 04:00:00,BAQ,TR-03,Entregado
ORD-13095,2026-04-13 11:00:00,2026-04-14 20:00:00,2026-04-17 23:00:00,BGA,TR-02,Entregado
ORD-13096,2026-06-02 19:00:00,2026-06-04 03:00:00,2026-06-05 06:00:00,BOG,TR-02,Entregado
ORD-13097,2026-06-03 13:00:00,2026-06-04 21:00:00,2026-06-06 02:00:00,BOG,TR-02,Entregado
ORD-13098,2026-04-20 19:00:00,2026-04-22 01:00:00,2026-04-24 06:00:00,MED,TR-02,Entregado
ORD-13099,2026-06-20 10:00:00,2026-06-23 13:00:00,2026-06-25 11:00:00,BGA,TR-03,Entregado
ORD-13100,2026-04-27 12:00:00,2026-04-28 19:00:00,2026-05-04 21:00:00,BGA,TR-04,Entregado
ORD-13101,2026-02-15 12:00:00,2026-02-16 15:00:00,2026-02-19 20:00:00,CAL,TR-04,Entregado
ORD-13102,2026-03-29 16:00:00,2026-03-30 23:00:00,2026-04-01 22:00:00,BAQ,TR-04,Entregado
ORD-13103,2026-01-13 16:00:00,2026-01-15 01:00:00,2026-01-17 06:00:00,BGA,TR-03,Entregado
ORD-13104,2026-05-05 13:00:00,2026-05-06 18:00:00,2026-05-07 19:00:00,BOG,TR-04,Entregado
ORD-13105,2026-02-23 16:00:00,2026-02-25 02:00:00,2026-02-26 07:00:00,MED,TR-03,Entregado
ORD-13106,2026-04-26 13:00:00,2026-04-27 18:00:00,2026-04-28 19:00:00,BOG,TR-02,Entregado
ORD-13107,2026-01-04 18:00:00,2026-01-06 05:00:00,2026-01-08 07:00:00,CAL,TR-01,Entregado
ORD-13108,2026-02-18 14:00:00,2026-02-19 20:00:00,2026-02-21 18:00:00,BOG,TR-04,Entregado
ORD-13109,2026-04-20 17:00:00,2026-04-21 19:00:00,2026-04-25 00:00:00,CAL,TR-01,Entregado
ORD-13110,2026-01-11 19:00:00,2026-01-13 03:00:00,2026-01-14 23:00:00,CAL,TR-04,Entregado
ORD-13111,2026-06-22 14:00:00,2026-06-23 16:00:00,2026-06-29 19:00:00,BGA,TR-04,Entregado
ORD-13112,2026-01-28 18:00:00,2026-01-29 20:00:00,2026-01-31 23:00:00,BGA,TR-01,Entregado
ORD-13113,2026-04-21 16:00:00,2026-04-23 03:00:00,2026-04-25 01:00:00,CAL,TR-04,Entregado
ORD-13114,2026-01-26 16:00:00,2026-01-28 01:00:00,2026-01-29 02:00:00,BGA,TR-03,Entregado
ORD-13115,2026-02-23 10:00:00,2026-02-24 18:00:00,2026-02-25 20:00:00,BGA,TR-01,Entregado
ORD-13116,2026-04-07 11:00:00,2026-04-08 17:00:00,2026-04-09 16:00:00,BOG,TR-02,Entregado
ORD-13117,2026-01-14 10:00:00,2026-01-15 13:00:00,2026-01-16 14:00:00,BOG,TR-04,Entregado
ORD-13118,2026-01-30 19:00:00,2026-02-03 03:00:00,2026-02-06 08:00:00,BAQ,TR-03,Entregado
ORD-13119,2026-01-17 10:00:00,2026-01-21 14:00:00,2026-01-23 10:00:00,CAL,TR-04,Entregado
ORD-13120,2026-06-07 11:00:00,2026-06-08 16:00:00,2026-06-09 19:00:00,BOG,TR-02,Entregado
ORD-13121,2026-04-03 15:00:00,2026-04-07 17:00:00,2026-04-11 13:00:00,BGA,TR-04,Entregado
ORD-13122,2026-06-28 13:00:00,2026-06-29 15:00:00,2026-07-01 12:00:00,MED,TR-03,Entregado
ORD-13123,2026-04-16 18:00:00,2026-04-17 21:00:00,2026-04-19 22:00:00,BOG,TR-02,Entregado
ORD-13124,2026-02-16 12:00:00,2026-02-17 23:00:00,2026-02-19 03:00:00,CAL,TR-03,Entregado
ORD-13125,2026-03-05 13:00:00,2026-03-07 00:00:00,2026-03-08 22:00:00,BOG,TR-01,Entregado
ORD-13126,2026-06-15 14:00:00,2026-06-16 18:00:00,2026-06-17 20:00:00,BGA,TR-03,Entregado
ORD-13127,2026-01-07 13:00:00,2026-01-08 16:00:00,2026-01-11 20:00:00,MED,TR-02,Entregado
ORD-13128,2026-03-22 09:00:00,2026-03-23 19:00:00,2026-03-25 00:00:00,BOG,TR-01,Entregado
ORD-13129,2026-06-18 17:00:00,2026-06-20 01:00:00,2026-06-20 21:00:00,BGA,TR-02,Entregado
ORD-13130,2026-05-18 16:00:00,2026-05-19 19:00:00,2026-05-20 21:00:00,CAL,TR-04,Entregado
ORD-13131,2026-05-15 09:00:00,2026-05-18 20:00:00,2026-05-25 19:00:00,BGA,TR-04,Entregado
ORD-13132,2026-02-21 08:00:00,2026-02-24 15:00:00,2026-02-25 13:00:00,BOG,TR-02,Entregado
ORD-13133,2026-01-01 19:00:00,2026-01-03 05:00:00,2026-01-05 05:00:00,CAL,TR-04,Entregado
ORD-13134,2026-06-11 11:00:00,2026-06-12 22:00:00,2026-06-16 01:00:00,BAQ,TR-01,Entregado
ORD-13135,2026-05-25 11:00:00,2026-05-26 21:00:00,2026-05-28 01:00:00,BOG,TR-04,Entregado
ORD-13136,2026-06-20 13:00:00,2026-06-23 21:00:00,2026-06-25 01:00:00,CAL,TR-04,Entregado
ORD-13137,2026-01-04 08:00:00,2026-01-05 16:00:00,2026-01-07 16:00:00,MED,TR-01,Entregado
ORD-13138,2026-03-12 09:00:00,2026-03-13 15:00:00,2026-03-15 20:00:00,BOG,TR-02,Entregado
ORD-13139,2026-02-04 15:00:00,2026-02-05 21:00:00,2026-02-07 17:00:00,BOG,TR-04,Entregado
ORD-13140,2026-06-01 10:00:00,2026-06-02 14:00:00,2026-06-03 12:00:00,BOG,TR-02,Entregado
ORD-13141,2026-02-05 09:00:00,2026-02-06 13:00:00,2026-02-09 11:00:00,MED,TR-01,Entregado
ORD-13142,2026-05-03 18:00:00,2026-05-04 23:00:00,2026-05-05 23:00:00,CAL,TR-03,Entregado
ORD-13143,2026-01-27 16:00:00,2026-01-29 02:00:00,2026-01-29 23:00:00,BOG,TR-04,Entregado
ORD-13144,2026-05-26 19:00:00,2026-05-28 04:00:00,2026-06-03 03:00:00,BGA,TR-04,Entregado
ORD-13145,2026-06-06 10:00:00,2026-06-10 19:00:00,2026-06-11 21:00:00,BOG,TR-01,Entregado
ORD-13146,2026-02-16 18:00:00,2026-02-18 05:00:00,2026-02-20 09:00:00,MED,TR-02,Entregado
ORD-13147,2026-01-31 11:00:00,2026-02-04 17:00:00,2026-02-05 22:00:00,BOG,TR-01,Entregado
ORD-13148,2026-06-14 08:00:00,2026-06-15 13:00:00,2026-06-16 11:00:00,BOG,TR-02,Entregado
ORD-13149,2026-02-08 17:00:00,2026-02-10 04:00:00,2026-02-11 01:00:00,BOG,TR-02,Entregado
ORD-13150,2026-06-25 14:00:00,2026-06-26 22:00:00,2026-06-28 19:00:00,CAL,TR-01,Entregado
ORD-13151,2026-05-12 13:00:00,2026-05-13 22:00:00,2026-05-14 19:00:00,BOG,TR-02,Entregado
ORD-13152,2026-03-07 19:00:00,2026-03-11 01:00:00,2026-03-12 02:00:00,BOG,TR-01,Entregado
ORD-13153,2026-01-12 11:00:00,2026-01-13 13:00:00,2026-01-16 14:00:00,MED,TR-02,Entregado
ORD-13154,2026-01-18 17:00:00,2026-01-20 02:00:00,2026-01-22 03:00:00,MED,TR-03,Entregado
ORD-13155,2026-01-01 17:00:00,2026-01-03 04:00:00,2026-01-04 03:00:00,CAL,TR-03,Entregado
ORD-13156,2026-03-31 14:00:00,2026-04-01 22:00:00,2026-04-03 02:00:00,BOG,TR-04,Entregado
ORD-13157,2026-03-31 13:00:00,2026-04-02 00:00:00,2026-04-04 05:00:00,CAL,TR-02,Entregado
ORD-13158,2026-03-11 19:00:00,2026-03-13 01:00:00,2026-03-15 02:00:00,CAL,TR-01,Entregado
ORD-13159,2026-06-01 13:00:00,2026-06-02 23:00:00,2026-06-06 04:00:00,MED,TR-02,Entregado
ORD-13160,2026-01-19 12:00:00,2026-01-20 18:00:00,2026-01-23 15:00:00,BGA,TR-01,Entregado
ORD-13161,2026-05-26 12:00:00,2026-05-27 20:00:00,2026-05-28 16:00:00,BGA,TR-02,Entregado
ORD-13162,2026-01-30 16:00:00,2026-02-03 23:00:00,2026-02-04 23:00:00,BOG,TR-01,Entregado
ORD-13163,2026-06-19 08:00:00,2026-06-22 18:00:00,,BOG,TR-04,Perdido
ORD-13164,2026-01-12 13:00:00,2026-01-13 18:00:00,2026-01-14 17:00:00,BOG,TR-04,Entregado
ORD-13165,2026-04-04 18:00:00,2026-04-08 04:00:00,2026-04-10 07:00:00,MED,TR-03,Entregado
ORD-13166,2026-06-16 16:00:00,2026-06-17 18:00:00,2026-06-20 22:00:00,CAL,TR-02,Entregado
ORD-13167,2026-05-29 19:00:00,2026-06-02 21:00:00,2026-06-05 23:00:00,MED,TR-04,Entregado
ORD-13168,2026-01-29 08:00:00,2026-01-30 16:00:00,2026-02-01 13:00:00,MED,TR-01,Entregado
ORD-13169,2026-04-27 09:00:00,2026-04-28 13:00:00,2026-05-01 12:00:00,BGA,TR-03,Entregado
ORD-13170,2026-06-29 14:00:00,2026-07-01 00:00:00,2026-07-03 05:00:00,MED,TR-03,Entregado
ORD-13171,2026-04-27 19:00:00,2026-04-29 01:00:00,2026-04-29 22:00:00,BOG,TR-01,Entregado
ORD-13172,2026-01-18 10:00:00,2026-01-19 18:00:00,2026-01-20 16:00:00,BOG,TR-01,Entregado
ORD-13173,2026-05-15 18:00:00,2026-05-19 04:00:00,2026-05-21 01:00:00,BOG,TR-03,Entregado
ORD-13174,2026-06-15 12:00:00,2026-06-16 15:00:00,2026-06-19 13:00:00,MED,TR-02,Entregado
ORD-13175,2026-06-10 19:00:00,2026-06-12 02:00:00,2026-06-14 05:00:00,BAQ,TR-04,Entregado
ORD-13176,2026-04-05 17:00:00,2026-04-06 19:00:00,2026-04-07 16:00:00,BOG,TR-01,Entregado
ORD-13177,2026-01-11 11:00:00,2026-01-12 14:00:00,2026-01-15 12:00:00,BGA,TR-03,Entregado
ORD-13178,2026-05-03 09:00:00,2026-05-04 18:00:00,,BOG,TR-03,Perdido
ORD-13179,2026-04-23 09:00:00,2026-04-24 14:00:00,2026-04-28 14:00:00,BAQ,TR-03,Entregado
ORD-13180,2026-04-03 15:00:00,2026-04-07 21:00:00,2026-04-13 01:00:00,BGA,TR-04,Entregado
ORD-13181,2026-01-22 09:00:00,2026-01-23 18:00:00,2026-01-24 15:00:00,BOG,TR-02,Entregado
ORD-13182,2026-06-21 13:00:00,2026-06-22 22:00:00,2026-06-25 22:00:00,MED,TR-04,Entregado
ORD-13183,2026-06-19 16:00:00,2026-06-22 20:00:00,2026-06-28 17:00:00,BGA,TR-04,Entregado
ORD-13184,2026-03-26 14:00:00,2026-03-28 00:00:00,2026-03-29 02:00:00,BOG,TR-01,Entregado
ORD-13185,2026-05-24 14:00:00,2026-05-25 20:00:00,2026-05-26 17:00:00,MED,TR-01,Entregado
ORD-13186,2026-06-05 19:00:00,2026-06-10 01:00:00,,BGA,TR-03,Perdido
ORD-13187,2026-06-28 14:00:00,2026-06-29 20:00:00,2026-07-01 18:00:00,CAL,TR-03,Entregado
ORD-13188,2026-06-26 16:00:00,2026-06-30 02:00:00,2026-07-01 00:00:00,BOG,TR-03,Entregado
ORD-13189,2026-06-22 13:00:00,2026-06-23 19:00:00,2026-06-26 20:00:00,MED,TR-04,Entregado
ORD-13190,2026-06-09 12:00:00,2026-06-10 16:00:00,2026-06-12 21:00:00,BOG,TR-02,Entregado
ORD-13191,2026-02-11 12:00:00,2026-02-12 22:00:00,2026-02-14 01:00:00,BOG,TR-04,Entregado
ORD-13192,2026-03-15 18:00:00,2026-03-16 21:00:00,2026-03-19 00:00:00,CAL,TR-01,Entregado
ORD-13193,2026-02-08 17:00:00,2026-02-09 23:00:00,2026-02-13 02:00:00,MED,TR-02,Entregado
ORD-13194,2026-01-15 14:00:00,2026-01-16 21:00:00,2026-01-19 02:00:00,BAQ,TR-01,Entregado
ORD-13195,2026-06-06 18:00:00,2026-06-10 04:00:00,2026-06-13 07:00:00,BGA,TR-03,Entregado
ORD-13196,2026-04-21 10:00:00,2026-04-22 19:00:00,2026-04-26 00:00:00,BAQ,TR-01,Entregado
ORD-13197,2026-03-24 17:00:00,2026-03-26 01:00:00,2026-03-27 05:00:00,BOG,TR-03,Entregado
ORD-13198,2026-04-02 10:00:00,2026-04-03 20:00:00,2026-04-06 20:00:00,CAL,TR-04,Entregado
ORD-13199,2026-01-06 19:00:00,2026-01-07 21:00:00,2026-01-12 19:00:00,BGA,TR-04,Entregado
ORD-13200,2026-04-21 13:00:00,2026-04-22 23:00:00,2026-04-24 23:00:00,BGA,TR-03,Entregado
ORD-13201,2026-03-18 10:00:00,2026-03-19 12:00:00,2026-03-20 16:00:00,BGA,TR-01,Entregado
ORD-13202,2026-03-08 15:00:00,2026-03-09 23:00:00,2026-03-12 23:00:00,MED,TR-02,Entregado
ORD-13203,2026-01-08 14:00:00,2026-01-09 17:00:00,2026-01-11 18:00:00,MED,TR-03,Entregado
ORD-13204,2026-05-02 11:00:00,2026-05-05 13:00:00,2026-05-08 09:00:00,MED,TR-01,Entregado
ORD-13205,2026-06-24 11:00:00,2026-06-25 16:00:00,2026-06-26 19:00:00,BOG,TR-04,Entregado
ORD-13206,2026-06-28 12:00:00,2026-06-29 16:00:00,2026-06-30 17:00:00,BOG,TR-04,Entregado
ORD-13207,2026-02-14 15:00:00,2026-02-17 22:00:00,2026-02-19 23:00:00,MED,TR-04,Entregado
ORD-13208,2026-03-28 10:00:00,2026-03-31 18:00:00,2026-04-02 16:00:00,CAL,TR-04,Entregado
ORD-13209,2026-01-09 19:00:00,2026-01-14 03:00:00,2026-01-16 00:00:00,CAL,TR-04,Entregado
ORD-13210,2026-03-19 12:00:00,2026-03-20 17:00:00,2026-03-21 14:00:00,BOG,TR-01,Entregado
ORD-13211,2026-03-12 14:00:00,2026-03-13 17:00:00,2026-03-16 15:00:00,MED,TR-02,Entregado
ORD-13212,2026-04-12 09:00:00,2026-04-13 13:00:00,2026-04-15 15:00:00,CAL,TR-04,Entregado
ORD-13213,2026-06-18 13:00:00,2026-06-19 20:00:00,2026-06-20 16:00:00,BOG,TR-04,Entregado
ORD-13214,2026-06-01 08:00:00,2026-06-02 12:00:00,2026-06-04 16:00:00,MED,TR-02,Entregado
ORD-13215,2026-06-21 08:00:00,2026-06-22 12:00:00,2026-06-24 13:00:00,BOG,TR-02,Entregado
ORD-13216,2026-01-10 18:00:00,2026-01-13 20:00:00,2026-01-14 16:00:00,BOG,TR-04,Entregado
ORD-13217,2026-04-20 15:00:00,2026-04-21 22:00:00,2026-04-22 22:00:00,BOG,TR-02,Entregado
ORD-13218,2026-04-23 16:00:00,2026-04-24 19:00:00,2026-04-25 15:00:00,BOG,TR-04,Entregado
ORD-13219,2026-02-19 19:00:00,2026-02-21 02:00:00,2026-02-23 04:00:00,CAL,TR-01,Entregado
ORD-13220,2026-03-30 08:00:00,2026-03-31 13:00:00,2026-04-01 12:00:00,MED,TR-02,Entregado
ORD-13221,2026-06-03 16:00:00,2026-06-04 18:00:00,2026-06-06 23:00:00,MED,TR-02,Entregado
ORD-13222,2026-06-13 16:00:00,2026-06-18 02:00:00,2026-06-20 03:00:00,BOG,TR-01,Entregado
ORD-13223,2026-01-23 18:00:00,2026-01-27 03:00:00,2026-01-30 04:00:00,BAQ,TR-03,Entregado
ORD-13224,2026-05-14 12:00:00,2026-05-15 20:00:00,2026-05-16 17:00:00,BOG,TR-02,Entregado
ORD-13225,2026-06-20 16:00:00,2026-06-24 18:00:00,2026-06-28 18:00:00,BAQ,TR-01,Entregado
ORD-13226,2026-01-18 18:00:00,2026-01-19 20:00:00,2026-01-22 01:00:00,MED,TR-01,Entregado
ORD-13227,2026-03-19 19:00:00,2026-03-21 02:00:00,2026-03-24 07:00:00,BAQ,TR-01,Entregado
ORD-13228,2026-05-26 18:00:00,2026-05-27 22:00:00,2026-05-28 23:00:00,MED,TR-04,Entregado
ORD-13229,2026-03-04 16:00:00,2026-03-05 23:00:00,2026-03-09 02:00:00,MED,TR-04,Entregado
ORD-13230,2026-04-02 10:00:00,2026-04-03 18:00:00,,BOG,TR-02,Devuelto
ORD-13231,2026-02-25 18:00:00,2026-02-27 04:00:00,2026-02-28 04:00:00,BOG,TR-01,Entregado
ORD-13232,2026-06-09 16:00:00,2026-06-11 01:00:00,2026-06-12 02:00:00,BOG,TR-01,Entregado
ORD-13233,2026-03-09 16:00:00,2026-03-11 03:00:00,2026-03-13 08:00:00,CAL,TR-04,Entregado
ORD-13234,2026-03-08 17:00:00,2026-03-09 20:00:00,2026-03-10 19:00:00,CAL,TR-02,Entregado
ORD-13235,2026-05-16 13:00:00,2026-05-20 21:00:00,2026-05-21 17:00:00,BOG,TR-03,Entregado
ORD-13236,2026-01-24 14:00:00,2026-01-28 22:00:00,2026-02-01 00:00:00,BAQ,TR-04,Entregado
ORD-13237,2026-04-04 12:00:00,2026-04-08 18:00:00,2026-04-10 21:00:00,MED,TR-04,Entregado
ORD-13238,2026-01-25 11:00:00,2026-01-26 19:00:00,2026-01-28 17:00:00,BOG,TR-02,Entregado
ORD-13239,2026-04-28 09:00:00,2026-04-29 17:00:00,2026-04-30 13:00:00,MED,TR-01,Entregado
ORD-13240,2026-04-21 09:00:00,2026-04-22 17:00:00,2026-04-24 18:00:00,CAL,TR-01,Entregado
ORD-13241,2026-03-07 17:00:00,2026-03-12 04:00:00,2026-03-15 08:00:00,MED,TR-02,Entregado
ORD-13242,2026-02-14 09:00:00,2026-02-18 19:00:00,2026-02-21 17:00:00,MED,TR-01,Entregado
ORD-13243,2026-06-24 19:00:00,2026-06-26 03:00:00,2026-06-28 08:00:00,MED,TR-03,Entregado
ORD-13244,2026-04-24 16:00:00,2026-04-28 19:00:00,2026-04-30 18:00:00,CAL,TR-01,Entregado
ORD-13245,2026-05-27 10:00:00,2026-05-28 19:00:00,2026-05-31 23:00:00,CAL,TR-03,Entregado
ORD-13246,2026-02-22 17:00:00,2026-02-24 03:00:00,2026-02-26 07:00:00,BAQ,TR-01,Entregado
ORD-13247,2026-01-14 13:00:00,2026-01-15 22:00:00,2026-01-17 03:00:00,BOG,TR-02,Entregado
ORD-13248,2026-02-14 19:00:00,2026-02-18 23:00:00,2026-02-20 23:00:00,BOG,TR-02,Entregado
ORD-13249,2026-02-20 18:00:00,2026-02-24 23:00:00,2026-02-26 01:00:00,BOG,TR-02,Entregado
ORD-13250,2026-04-29 13:00:00,2026-04-30 16:00:00,2026-05-02 20:00:00,BAQ,TR-02,Entregado
ORD-13251,2026-05-31 15:00:00,2026-06-01 18:00:00,2026-06-03 18:00:00,BAQ,TR-04,Entregado
ORD-13252,2026-01-19 09:00:00,2026-01-20 16:00:00,2026-01-21 12:00:00,BOG,TR-03,Entregado
ORD-13253,2026-03-17 14:00:00,2026-03-18 17:00:00,2026-03-19 14:00:00,CAL,TR-04,Entregado
ORD-13254,2026-04-02 19:00:00,2026-04-04 03:00:00,2026-04-11 02:00:00,BAQ,TR-02,Entregado
ORD-13255,2026-02-02 10:00:00,2026-02-03 14:00:00,2026-02-06 14:00:00,BGA,TR-01,Entregado
ORD-13256,2026-01-28 18:00:00,2026-01-29 23:00:00,2026-02-01 04:00:00,MED,TR-04,Entregado
ORD-13257,2026-06-29 08:00:00,2026-06-30 15:00:00,2026-07-02 16:00:00,BGA,TR-01,Entregado
ORD-13258,2026-02-06 17:00:00,2026-02-09 23:00:00,2026-02-10 19:00:00,MED,TR-01,Entregado
ORD-13259,2026-04-09 09:00:00,2026-04-10 13:00:00,2026-04-12 16:00:00,BOG,TR-03,Entregado
ORD-13260,2026-05-07 10:00:00,2026-05-08 15:00:00,2026-05-10 18:00:00,CAL,TR-04,Entregado
ORD-13261,2026-06-17 13:00:00,2026-06-18 23:00:00,2026-06-20 19:00:00,CAL,TR-02,Entregado
ORD-13262,2026-03-18 14:00:00,2026-03-19 23:00:00,2026-03-22 01:00:00,BGA,TR-02,Entregado
ORD-13263,2026-02-23 13:00:00,2026-02-24 23:00:00,2026-02-26 23:00:00,CAL,TR-02,Entregado
ORD-13264,2026-01-16 19:00:00,2026-01-21 02:00:00,2026-01-26 04:00:00,BGA,TR-04,Entregado
ORD-13265,2026-06-12 19:00:00,2026-06-17 05:00:00,2026-06-18 05:00:00,BOG,TR-03,Entregado
ORD-13266,2026-06-22 15:00:00,2026-06-23 19:00:00,2026-06-25 15:00:00,MED,TR-04,Entregado
ORD-13267,2026-03-26 17:00:00,2026-03-28 01:00:00,2026-03-29 21:00:00,CAL,TR-01,Entregado
ORD-13268,2026-03-26 16:00:00,2026-03-27 19:00:00,2026-03-29 17:00:00,MED,TR-01,Entregado
ORD-13269,2026-03-06 13:00:00,2026-03-11 00:00:00,2026-03-12 00:00:00,BOG,TR-02,Entregado
ORD-13270,2026-05-31 10:00:00,2026-06-01 20:00:00,2026-06-03 17:00:00,BGA,TR-01,Entregado
ORD-13271,2026-03-05 14:00:00,2026-03-06 16:00:00,2026-03-07 14:00:00,BOG,TR-01,Entregado
ORD-13272,2026-06-20 18:00:00,2026-06-24 05:00:00,2026-06-25 08:00:00,BOG,TR-04,Entregado
ORD-13273,2026-05-31 18:00:00,2026-06-01 21:00:00,2026-06-02 19:00:00,CAL,TR-01,Entregado
ORD-13274,2026-05-26 14:00:00,2026-05-27 20:00:00,2026-05-30 01:00:00,MED,TR-04,Entregado
ORD-13275,2026-05-29 16:00:00,2026-06-02 18:00:00,2026-06-04 23:00:00,BOG,TR-03,Entregado
ORD-13276,2026-04-13 14:00:00,2026-04-14 18:00:00,2026-04-22 15:00:00,BGA,TR-04,Entregado
ORD-13277,2026-04-01 19:00:00,2026-04-03 06:00:00,2026-04-06 06:00:00,BGA,TR-02,Entregado
ORD-13278,2026-03-29 10:00:00,2026-03-30 21:00:00,2026-04-01 02:00:00,BOG,TR-01,Entregado
ORD-13279,2026-02-16 15:00:00,2026-02-18 00:00:00,2026-02-20 05:00:00,MED,TR-02,Entregado
ORD-13280,2026-06-28 17:00:00,2026-06-29 20:00:00,2026-07-02 00:00:00,CAL,TR-02,Entregado
ORD-13281,2026-05-15 09:00:00,2026-05-18 18:00:00,2026-05-22 18:00:00,BAQ,TR-04,Entregado
ORD-13282,2026-06-25 11:00:00,2026-06-26 13:00:00,2026-06-27 13:00:00,BOG,TR-02,Entregado
ORD-13283,2026-04-01 13:00:00,2026-04-02 17:00:00,2026-04-03 18:00:00,MED,TR-03,Entregado
ORD-13284,2026-04-01 16:00:00,2026-04-02 20:00:00,2026-04-07 17:00:00,BGA,TR-04,Entregado
ORD-13285,2026-04-19 16:00:00,2026-04-20 22:00:00,2026-04-21 19:00:00,CAL,TR-03,Entregado
ORD-13286,2026-01-31 12:00:00,2026-02-04 21:00:00,2026-02-05 21:00:00,BOG,TR-03,Entregado
ORD-13287,2026-03-31 15:00:00,2026-04-01 20:00:00,2026-04-02 20:00:00,BOG,TR-02,Entregado
ORD-13288,2026-04-22 08:00:00,2026-04-23 15:00:00,2026-04-24 11:00:00,BOG,TR-04,Entregado
ORD-13289,2026-03-28 11:00:00,2026-03-31 17:00:00,2026-04-01 22:00:00,BOG,TR-04,Entregado
ORD-13290,2026-04-11 13:00:00,2026-04-14 18:00:00,2026-04-15 20:00:00,BOG,TR-01,Entregado
ORD-13291,2026-04-27 19:00:00,2026-04-28 22:00:00,2026-05-01 00:00:00,BAQ,TR-04,Entregado
ORD-13292,2026-05-25 19:00:00,2026-05-27 05:00:00,2026-05-28 02:00:00,BOG,TR-03,Entregado
ORD-13293,2026-06-18 09:00:00,2026-06-19 17:00:00,2026-06-22 20:00:00,MED,TR-04,Entregado
ORD-13294,2026-01-25 17:00:00,2026-01-26 19:00:00,2026-01-28 15:00:00,BAQ,TR-03,Entregado
ORD-13295,2026-02-10 13:00:00,2026-02-11 19:00:00,2026-02-12 23:00:00,BGA,TR-02,Entregado
ORD-13296,2026-03-16 16:00:00,2026-03-18 01:00:00,2026-03-19 04:00:00,BOG,TR-01,Entregado
ORD-13297,2026-02-07 13:00:00,2026-02-11 18:00:00,2026-02-14 20:00:00,MED,TR-02,Entregado
ORD-13298,2026-06-22 18:00:00,2026-06-23 20:00:00,2026-06-24 18:00:00,BOG,TR-01,Entregado
ORD-13299,2026-05-22 09:00:00,2026-05-25 16:00:00,2026-05-27 18:00:00,CAL,TR-04,Entregado
ORD-13300,2026-06-17 10:00:00,2026-06-18 18:00:00,2026-06-21 14:00:00,MED,TR-01,Entregado
ORD-13301,2026-04-27 10:00:00,2026-04-28 17:00:00,2026-04-30 17:00:00,MED,TR-03,Entregado
ORD-13302,2026-06-01 10:00:00,2026-06-02 12:00:00,2026-06-04 15:00:00,CAL,TR-01,Entregado
ORD-13303,2026-05-26 08:00:00,2026-05-27 11:00:00,2026-05-29 10:00:00,BOG,TR-01,Entregado
ORD-13304,2026-04-26 15:00:00,2026-04-27 23:00:00,2026-04-30 22:00:00,CAL,TR-03,Entregado
ORD-13305,2026-02-04 08:00:00,2026-02-05 19:00:00,2026-02-08 00:00:00,MED,TR-01,Entregado
ORD-13306,2026-06-02 08:00:00,2026-06-03 17:00:00,2026-06-05 17:00:00,MED,TR-02,Entregado
ORD-13307,2026-05-06 18:00:00,2026-05-08 03:00:00,2026-05-09 23:00:00,BOG,TR-04,Entregado
ORD-13308,2026-03-30 09:00:00,2026-03-31 18:00:00,2026-04-01 22:00:00,BOG,TR-01,Entregado
ORD-13309,2026-05-27 14:00:00,2026-05-29 01:00:00,2026-06-01 00:00:00,BAQ,TR-01,Entregado
ORD-13310,2026-01-25 13:00:00,2026-01-26 16:00:00,2026-01-27 20:00:00,CAL,TR-02,Entregado
ORD-13311,2026-03-14 08:00:00,2026-03-17 18:00:00,2026-03-20 17:00:00,BAQ,TR-03,Entregado
ORD-13312,2026-02-11 10:00:00,2026-02-12 19:00:00,2026-02-14 17:00:00,BOG,TR-04,Entregado
ORD-13313,2026-06-11 19:00:00,2026-06-13 02:00:00,2026-06-16 01:00:00,CAL,TR-03,Entregado
ORD-13314,2026-04-14 14:00:00,2026-04-15 18:00:00,2026-04-16 23:00:00,BOG,TR-04,Entregado
ORD-13315,2026-05-26 09:00:00,2026-05-27 11:00:00,2026-05-28 16:00:00,BGA,TR-03,Entregado
ORD-13316,2026-03-30 13:00:00,2026-03-31 21:00:00,2026-04-02 01:00:00,BOG,TR-02,Entregado
ORD-13317,2026-01-21 17:00:00,2026-01-22 19:00:00,2026-01-24 15:00:00,BGA,TR-03,Entregado
ORD-13318,2026-03-11 16:00:00,2026-03-12 21:00:00,2026-03-13 17:00:00,CAL,TR-03,Entregado
ORD-13319,2026-02-17 18:00:00,2026-02-18 23:00:00,2026-02-20 22:00:00,BOG,TR-04,Entregado
ORD-13320,2026-02-08 17:00:00,2026-02-10 00:00:00,2026-02-11 03:00:00,CAL,TR-04,Entregado
ORD-13321,2026-01-10 16:00:00,2026-01-15 00:00:00,2026-01-17 23:00:00,BGA,TR-02,Entregado
ORD-13322,2026-01-18 19:00:00,2026-01-19 21:00:00,2026-01-22 22:00:00,MED,TR-01,Entregado
ORD-13323,2026-03-29 11:00:00,2026-03-30 20:00:00,2026-04-01 00:00:00,MED,TR-01,Entregado
ORD-13324,2026-05-05 16:00:00,2026-05-06 19:00:00,2026-05-09 16:00:00,MED,TR-01,Entregado
ORD-13325,2026-01-15 11:00:00,2026-01-16 14:00:00,2026-01-17 17:00:00,MED,TR-01,Entregado
ORD-13326,2026-06-17 16:00:00,2026-06-19 03:00:00,2026-06-20 01:00:00,BOG,TR-03,Entregado
ORD-13327,2026-04-19 16:00:00,2026-04-20 22:00:00,2026-04-22 02:00:00,BGA,TR-02,Entregado
ORD-13328,2026-06-03 11:00:00,2026-06-04 22:00:00,2026-06-06 02:00:00,MED,TR-03,Entregado
ORD-13329,2026-01-16 10:00:00,2026-01-19 13:00:00,2026-01-20 10:00:00,BOG,TR-04,Entregado
ORD-13330,2026-05-01 11:00:00,2026-05-04 21:00:00,2026-05-07 18:00:00,MED,TR-03,Entregado
ORD-13331,2026-03-10 14:00:00,2026-03-11 19:00:00,2026-03-12 15:00:00,CAL,TR-01,Entregado
ORD-13332,2026-01-05 11:00:00,2026-01-06 21:00:00,2026-01-08 23:00:00,BOG,TR-03,Entregado
ORD-13333,2026-03-20 09:00:00,2026-03-24 19:00:00,2026-03-25 16:00:00,BOG,TR-01,Entregado
ORD-13334,2026-04-21 09:00:00,2026-04-22 12:00:00,2026-04-24 15:00:00,BGA,TR-01,Entregado
ORD-13335,2026-04-03 11:00:00,2026-04-06 22:00:00,2026-04-09 00:00:00,CAL,TR-03,Entregado
ORD-13336,2026-06-19 17:00:00,2026-06-23 00:00:00,2026-06-25 23:00:00,MED,TR-04,Entregado
ORD-13337,2026-04-05 16:00:00,2026-04-07 01:00:00,2026-04-08 06:00:00,BOG,TR-03,Entregado
ORD-13338,2026-01-08 10:00:00,2026-01-09 13:00:00,2026-01-15 09:00:00,BGA,TR-04,Entregado
ORD-13339,2026-04-20 16:00:00,2026-04-21 20:00:00,2026-04-24 18:00:00,BGA,TR-03,Entregado
ORD-13340,2026-04-27 18:00:00,2026-04-29 01:00:00,2026-04-30 06:00:00,BOG,TR-02,Entregado
ORD-13341,2026-04-09 12:00:00,2026-04-10 22:00:00,2026-04-11 23:00:00,BGA,TR-01,Entregado
ORD-13342,2026-02-11 11:00:00,2026-02-12 21:00:00,2026-02-14 19:00:00,BGA,TR-02,Entregado
ORD-13343,2026-04-30 19:00:00,2026-05-02 03:00:00,2026-05-04 05:00:00,CAL,TR-03,Entregado
ORD-13344,2026-02-06 17:00:00,2026-02-11 01:00:00,2026-02-14 00:00:00,BGA,TR-03,Entregado
ORD-13345,2026-03-14 11:00:00,2026-03-17 22:00:00,2026-03-19 22:00:00,BOG,TR-02,Entregado
ORD-13346,2026-05-10 13:00:00,2026-05-11 19:00:00,2026-05-14 23:00:00,BGA,TR-02,Entregado
ORD-13347,2026-02-25 19:00:00,2026-02-27 01:00:00,2026-03-04 02:00:00,BAQ,TR-02,Entregado
ORD-13348,2026-01-23 14:00:00,2026-01-26 22:00:00,2026-01-27 22:00:00,BOG,TR-04,Entregado
ORD-13349,2026-02-09 14:00:00,2026-02-10 17:00:00,2026-02-13 15:00:00,MED,TR-02,Entregado
ORD-13350,2026-03-26 14:00:00,2026-03-27 18:00:00,2026-03-30 14:00:00,CAL,TR-03,Entregado
ORD-13351,2026-06-06 17:00:00,2026-06-10 22:00:00,2026-06-13 02:00:00,MED,TR-03,Entregado
ORD-13352,2026-06-28 12:00:00,2026-06-29 15:00:00,2026-06-30 19:00:00,MED,TR-02,Entregado
ORD-13353,2026-03-30 09:00:00,2026-03-31 12:00:00,2026-04-01 17:00:00,BGA,TR-01,Entregado
ORD-13354,2026-01-20 19:00:00,2026-01-22 03:00:00,2026-01-24 08:00:00,BGA,TR-02,Entregado
ORD-13355,2026-05-10 16:00:00,2026-05-11 19:00:00,2026-05-14 20:00:00,MED,TR-04,Entregado
ORD-13356,2026-01-13 17:00:00,2026-01-14 20:00:00,2026-01-16 20:00:00,BOG,TR-01,Entregado
ORD-13357,2026-04-13 19:00:00,2026-04-14 23:00:00,2026-04-16 20:00:00,BGA,TR-01,Entregado
ORD-13358,2026-04-16 14:00:00,2026-04-17 21:00:00,2026-04-18 18:00:00,BOG,TR-01,Entregado
ORD-13359,2026-03-11 10:00:00,2026-03-12 14:00:00,2026-03-14 12:00:00,BOG,TR-04,Entregado
ORD-13360,2026-04-09 09:00:00,2026-04-10 11:00:00,2026-04-11 07:00:00,BGA,TR-02,Entregado
ORD-13361,2026-03-16 13:00:00,2026-03-17 18:00:00,2026-03-19 23:00:00,MED,TR-02,Entregado
ORD-13362,2026-03-25 12:00:00,2026-03-26 19:00:00,2026-03-27 20:00:00,BOG,TR-03,Entregado
ORD-13363,2026-02-28 19:00:00,2026-03-04 04:00:00,2026-03-06 01:00:00,MED,TR-01,Entregado
ORD-13364,2026-05-06 15:00:00,2026-05-07 18:00:00,2026-05-09 19:00:00,BOG,TR-03,Entregado
ORD-13365,2026-04-15 11:00:00,2026-04-16 19:00:00,2026-04-18 22:00:00,CAL,TR-02,Entregado
ORD-13366,2026-01-15 16:00:00,2026-01-17 00:00:00,2026-01-19 03:00:00,BGA,TR-01,Entregado
ORD-13367,2026-02-04 14:00:00,2026-02-05 17:00:00,2026-02-12 17:00:00,BGA,TR-04,Entregado
ORD-13368,2026-01-14 08:00:00,2026-01-15 14:00:00,2026-01-17 18:00:00,CAL,TR-02,Entregado
ORD-13369,2026-04-12 11:00:00,2026-04-13 18:00:00,2026-04-15 21:00:00,MED,TR-01,Entregado
ORD-13370,2026-01-07 10:00:00,2026-01-08 20:00:00,2026-01-10 22:00:00,BOG,TR-04,Entregado
ORD-13371,2026-02-18 16:00:00,2026-02-19 19:00:00,2026-02-20 19:00:00,MED,TR-02,Entregado
ORD-13372,2026-05-24 13:00:00,2026-05-25 17:00:00,2026-05-26 19:00:00,BOG,TR-04,Entregado
ORD-13373,2026-06-28 15:00:00,2026-06-29 21:00:00,2026-06-30 23:00:00,BOG,TR-03,Entregado
ORD-13374,2026-03-21 11:00:00,2026-03-25 21:00:00,2026-03-28 17:00:00,CAL,TR-04,Entregado
ORD-13375,2026-03-24 17:00:00,2026-03-25 22:00:00,2026-03-28 20:00:00,MED,TR-02,Entregado
ORD-13376,2026-01-17 14:00:00,2026-01-20 17:00:00,2026-01-22 20:00:00,CAL,TR-02,Entregado
ORD-13377,2026-06-04 17:00:00,2026-06-06 01:00:00,2026-06-07 05:00:00,BOG,TR-04,Entregado
ORD-13378,2026-02-03 11:00:00,2026-02-04 22:00:00,2026-02-05 22:00:00,MED,TR-02,Entregado
ORD-13379,2026-06-02 13:00:00,2026-06-03 22:00:00,,CAL,TR-02,Perdido
ORD-13380,2026-06-01 09:00:00,2026-06-02 11:00:00,2026-06-03 08:00:00,BOG,TR-03,Entregado
ORD-13381,2026-05-14 16:00:00,2026-05-16 01:00:00,2026-05-22 00:00:00,BAQ,TR-02,Entregado
ORD-13382,2026-03-22 15:00:00,2026-03-23 23:00:00,2026-03-25 22:00:00,MED,TR-02,Entregado
ORD-13383,2026-03-16 17:00:00,2026-03-17 20:00:00,2026-03-18 21:00:00,BOG,TR-01,Entregado
ORD-13384,2026-05-07 10:00:00,2026-05-08 15:00:00,2026-05-09 20:00:00,BOG,TR-03,Entregado
ORD-13385,2026-05-06 09:00:00,2026-05-07 11:00:00,2026-05-08 11:00:00,BOG,TR-03,Entregado
ORD-13386,2026-01-28 10:00:00,2026-01-29 19:00:00,2026-01-31 16:00:00,BGA,TR-02,Entregado
ORD-13387,2026-03-16 13:00:00,2026-03-17 20:00:00,2026-03-19 00:00:00,BOG,TR-04,Entregado
ORD-13388,2026-03-19 10:00:00,2026-03-20 19:00:00,2026-03-22 16:00:00,BOG,TR-04,Entregado
ORD-13389,2026-03-31 12:00:00,2026-04-01 14:00:00,2026-04-03 10:00:00,BGA,TR-03,Entregado
ORD-13390,2026-02-23 15:00:00,2026-02-24 20:00:00,2026-02-27 01:00:00,MED,TR-02,Entregado
ORD-13391,2026-04-13 18:00:00,2026-04-14 22:00:00,2026-04-18 03:00:00,CAL,TR-04,Entregado
ORD-13392,2026-03-13 10:00:00,2026-03-16 17:00:00,2026-03-17 13:00:00,BOG,TR-04,Entregado
ORD-13393,2026-01-20 13:00:00,2026-01-21 18:00:00,2026-01-22 22:00:00,BOG,TR-02,Entregado
ORD-13394,2026-02-28 14:00:00,2026-03-04 17:00:00,2026-03-06 17:00:00,BOG,TR-04,Entregado
ORD-13395,2026-05-17 08:00:00,2026-05-18 14:00:00,2026-05-20 14:00:00,MED,TR-04,Entregado
ORD-13396,2026-06-06 15:00:00,2026-06-09 20:00:00,2026-06-11 18:00:00,BOG,TR-03,Entregado
ORD-13397,2026-02-25 13:00:00,2026-02-26 21:00:00,2026-02-27 21:00:00,CAL,TR-02,Entregado
ORD-13398,2026-02-04 18:00:00,2026-02-05 22:00:00,2026-02-09 00:00:00,MED,TR-04,Entregado
ORD-13399,2026-05-11 13:00:00,2026-05-12 20:00:00,2026-05-14 23:00:00,CAL,TR-03,Entregado
ORD-13400,2026-04-14 14:00:00,2026-04-15 19:00:00,2026-04-16 17:00:00,CAL,TR-03,Entregado
ORD-13401,2026-01-27 08:00:00,2026-01-28 10:00:00,2026-01-30 13:00:00,BGA,TR-03,Entregado
ORD-13402,2026-06-21 14:00:00,2026-06-22 22:00:00,2026-06-23 23:00:00,BOG,TR-01,Entregado
ORD-13403,2026-02-10 18:00:00,2026-02-11 20:00:00,2026-02-17 20:00:00,BAQ,TR-02,Entregado
ORD-13404,2026-03-16 17:00:00,2026-03-18 03:00:00,2026-03-20 05:00:00,CAL,TR-02,Entregado
ORD-13405,2026-04-27 08:00:00,2026-04-28 19:00:00,,CAL,TR-01,Devuelto
ORD-13406,2026-06-27 11:00:00,2026-07-01 19:00:00,2026-07-03 17:00:00,MED,TR-01,Entregado
ORD-13407,2026-06-14 16:00:00,2026-06-16 00:00:00,,BOG,TR-02,Perdido
ORD-13408,2026-05-07 08:00:00,2026-05-08 10:00:00,2026-05-09 11:00:00,CAL,TR-03,Entregado
ORD-13409,2026-06-25 12:00:00,2026-06-26 18:00:00,2026-06-27 15:00:00,BOG,TR-02,Entregado
ORD-13410,2026-02-17 10:00:00,2026-02-18 12:00:00,2026-02-20 14:00:00,BOG,TR-02,Entregado
ORD-13411,2026-04-26 10:00:00,2026-04-27 15:00:00,2026-04-28 13:00:00,BOG,TR-02,Entregado
ORD-13412,2026-04-26 08:00:00,2026-04-27 18:00:00,2026-04-30 23:00:00,MED,TR-02,Entregado
ORD-13413,2026-05-04 15:00:00,2026-05-05 18:00:00,2026-05-07 22:00:00,BAQ,TR-04,Entregado
ORD-13414,2026-04-26 14:00:00,2026-04-27 19:00:00,2026-04-28 15:00:00,CAL,TR-03,Entregado
ORD-13415,2026-03-23 09:00:00,2026-03-24 16:00:00,2026-03-28 19:00:00,BAQ,TR-03,Entregado
ORD-13416,2026-03-20 13:00:00,2026-03-23 15:00:00,2026-03-24 12:00:00,BOG,TR-01,Entregado
ORD-13417,2026-01-27 09:00:00,2026-01-28 19:00:00,,BOG,TR-01,Devuelto
ORD-13418,2026-02-05 14:00:00,2026-02-06 18:00:00,,MED,TR-02,Devuelto
ORD-13419,2026-01-08 10:00:00,2026-01-09 17:00:00,2026-01-11 14:00:00,MED,TR-02,Entregado
ORD-13420,2026-02-16 16:00:00,2026-02-18 02:00:00,2026-02-19 04:00:00,BOG,TR-02,Entregado
ORD-13421,2026-04-08 15:00:00,2026-04-10 02:00:00,2026-04-12 07:00:00,MED,TR-02,Entregado
ORD-13422,2026-04-06 11:00:00,2026-04-07 18:00:00,2026-04-08 15:00:00,BOG,TR-04,Entregado
ORD-13423,2026-01-13 08:00:00,2026-01-14 15:00:00,2026-01-17 15:00:00,MED,TR-04,Entregado
ORD-13424,2026-02-03 19:00:00,2026-02-05 01:00:00,2026-02-06 01:00:00,BOG,TR-04,Entregado
ORD-13425,2026-03-19 16:00:00,2026-03-20 21:00:00,2026-03-23 02:00:00,MED,TR-01,Entregado
ORD-13426,2026-04-03 09:00:00,2026-04-06 14:00:00,2026-04-08 10:00:00,BOG,TR-01,Entregado
ORD-13427,2026-03-23 13:00:00,2026-03-24 22:00:00,2026-03-27 03:00:00,CAL,TR-02,Entregado
ORD-13428,2026-06-08 16:00:00,2026-06-09 22:00:00,2026-06-12 01:00:00,CAL,TR-03,Entregado
ORD-13429,2026-02-07 15:00:00,2026-02-10 19:00:00,2026-02-11 17:00:00,BOG,TR-01,Entregado
ORD-13430,2026-04-01 13:00:00,2026-04-02 22:00:00,2026-04-06 01:00:00,CAL,TR-04,Entregado
ORD-13431,2026-05-10 08:00:00,2026-05-11 19:00:00,2026-05-12 19:00:00,MED,TR-02,Entregado
ORD-13432,2026-04-11 16:00:00,2026-04-15 02:00:00,2026-04-16 07:00:00,BOG,TR-04,Entregado
ORD-13433,2026-02-25 11:00:00,2026-02-26 14:00:00,2026-02-28 10:00:00,BOG,TR-01,Entregado
ORD-13434,2026-03-26 12:00:00,2026-03-27 15:00:00,,CAL,TR-04,Devuelto
ORD-13435,2026-01-22 10:00:00,2026-01-23 13:00:00,2026-01-26 18:00:00,BAQ,TR-03,Entregado
ORD-13436,2026-01-16 09:00:00,2026-01-19 11:00:00,2026-01-22 14:00:00,CAL,TR-01,Entregado
ORD-13437,2026-05-02 08:00:00,2026-05-06 18:00:00,2026-05-08 17:00:00,BOG,TR-03,Entregado
ORD-13438,2026-06-20 08:00:00,2026-06-23 19:00:00,2026-06-25 15:00:00,BOG,TR-01,Entregado
ORD-13439,2026-03-21 17:00:00,2026-03-24 22:00:00,2026-03-30 02:00:00,BAQ,TR-02,Entregado
ORD-13440,2026-05-10 11:00:00,2026-05-11 13:00:00,2026-05-12 12:00:00,BOG,TR-01,Entregado
ORD-13441,2026-03-26 14:00:00,2026-03-28 01:00:00,2026-03-30 21:00:00,BGA,TR-02,Entregado
ORD-13442,2026-04-04 13:00:00,2026-04-08 17:00:00,2026-04-09 21:00:00,BOG,TR-01,Entregado
ORD-13443,2026-03-22 14:00:00,2026-03-23 16:00:00,2026-03-28 18:00:00,BGA,TR-04,Entregado
ORD-13444,2026-03-10 12:00:00,2026-03-11 23:00:00,2026-03-13 20:00:00,CAL,TR-02,Entregado
ORD-13445,2026-05-28 10:00:00,2026-05-29 18:00:00,2026-06-01 19:00:00,MED,TR-04,Entregado
ORD-13446,2026-04-15 12:00:00,2026-04-16 23:00:00,2026-04-19 00:00:00,BOG,TR-03,Entregado
ORD-13447,2026-06-19 16:00:00,2026-06-23 20:00:00,2026-06-24 21:00:00,MED,TR-03,Entregado
ORD-13448,2026-03-07 16:00:00,2026-03-10 23:00:00,2026-03-17 00:00:00,BGA,TR-04,Entregado
ORD-13449,2026-04-17 11:00:00,2026-04-20 22:00:00,2026-04-21 21:00:00,BOG,TR-04,Entregado
ORD-13450,2026-03-27 13:00:00,2026-03-30 20:00:00,2026-04-01 01:00:00,BOG,TR-01,Entregado
ORD-13451,2026-01-22 09:00:00,2026-01-23 15:00:00,2026-01-24 14:00:00,BOG,TR-04,Entregado
ORD-13452,2026-06-06 13:00:00,2026-06-09 22:00:00,2026-06-12 18:00:00,BAQ,TR-02,Entregado
ORD-13453,2026-04-20 08:00:00,2026-04-21 19:00:00,2026-04-24 16:00:00,BGA,TR-03,Entregado
ORD-13454,2026-01-18 14:00:00,2026-01-20 01:00:00,2026-01-22 03:00:00,BOG,TR-01,Entregado
ORD-13455,2026-05-07 08:00:00,2026-05-08 16:00:00,2026-05-09 21:00:00,BOG,TR-01,Entregado
ORD-13456,2026-01-01 15:00:00,2026-01-03 02:00:00,2026-01-04 02:00:00,BOG,TR-02,Entregado
ORD-13457,2026-05-12 11:00:00,2026-05-13 20:00:00,2026-05-14 21:00:00,BOG,TR-01,Entregado
ORD-13458,2026-05-05 09:00:00,2026-05-06 14:00:00,2026-05-08 11:00:00,CAL,TR-02,Entregado
ORD-13459,2026-01-27 18:00:00,2026-01-28 21:00:00,2026-01-31 01:00:00,CAL,TR-01,Entregado
ORD-13460,2026-02-28 08:00:00,2026-03-04 13:00:00,2026-03-07 16:00:00,BGA,TR-02,Entregado
ORD-13461,2026-01-28 17:00:00,2026-01-30 02:00:00,2026-02-01 00:00:00,CAL,TR-01,Entregado
ORD-13462,2026-04-15 14:00:00,2026-04-16 19:00:00,2026-04-17 22:00:00,BOG,TR-03,Entregado
ORD-13463,2026-03-11 09:00:00,2026-03-12 12:00:00,2026-03-15 11:00:00,CAL,TR-02,Entregado
ORD-13464,2026-03-28 09:00:00,2026-04-01 15:00:00,2026-04-08 15:00:00,BGA,TR-04,Entregado
ORD-13465,2026-04-16 15:00:00,2026-04-17 17:00:00,2026-04-19 13:00:00,BOG,TR-04,Entregado
ORD-13466,2026-02-25 08:00:00,2026-02-26 11:00:00,2026-02-28 08:00:00,CAL,TR-04,Entregado
ORD-13467,2026-01-13 15:00:00,2026-01-14 20:00:00,2026-01-17 21:00:00,MED,TR-03,Entregado
ORD-13468,2026-01-18 13:00:00,2026-01-19 23:00:00,2026-01-21 21:00:00,BOG,TR-02,Entregado
ORD-13469,2026-04-23 12:00:00,2026-04-24 22:00:00,2026-04-26 00:00:00,CAL,TR-02,Entregado
ORD-13470,2026-06-20 14:00:00,2026-06-24 19:00:00,2026-06-25 18:00:00,BOG,TR-01,Entregado
ORD-13471,2026-06-19 08:00:00,2026-06-22 13:00:00,2026-06-25 11:00:00,BGA,TR-02,Entregado
ORD-13472,2026-03-20 09:00:00,2026-03-24 13:00:00,2026-03-25 12:00:00,BOG,TR-03,Entregado
ORD-13473,2026-05-31 13:00:00,2026-06-01 18:00:00,2026-06-02 20:00:00,BOG,TR-04,Entregado
ORD-13474,2026-01-30 17:00:00,2026-02-04 03:00:00,2026-02-06 00:00:00,BOG,TR-01,Entregado
ORD-13475,2026-04-08 17:00:00,2026-04-09 21:00:00,2026-04-11 17:00:00,MED,TR-02,Entregado
ORD-13476,2026-03-08 14:00:00,2026-03-09 18:00:00,2026-03-11 17:00:00,MED,TR-02,Entregado
ORD-13477,2026-05-26 17:00:00,2026-05-27 20:00:00,2026-05-29 19:00:00,CAL,TR-01,Entregado
ORD-13478,2026-01-07 15:00:00,2026-01-08 22:00:00,2026-01-09 23:00:00,BOG,TR-04,Entregado
ORD-13479,2026-03-11 13:00:00,2026-03-12 17:00:00,2026-03-15 15:00:00,BAQ,TR-03,Entregado
ORD-13480,2026-03-09 08:00:00,2026-03-10 15:00:00,2026-03-12 18:00:00,BOG,TR-02,Entregado
ORD-13481,2026-02-21 09:00:00,2026-02-24 18:00:00,2026-02-28 23:00:00,BAQ,TR-01,Entregado
ORD-13482,2026-04-17 12:00:00,2026-04-21 15:00:00,2026-04-22 15:00:00,BOG,TR-02,Entregado
ORD-13483,2026-03-19 16:00:00,2026-03-20 19:00:00,2026-03-21 18:00:00,BOG,TR-03,Entregado
ORD-13484,2026-06-24 19:00:00,2026-06-26 01:00:00,2026-06-29 01:00:00,MED,TR-02,Entregado
ORD-13485,2026-02-11 10:00:00,2026-02-12 19:00:00,2026-02-13 21:00:00,BOG,TR-04,Entregado
ORD-13486,2026-06-28 13:00:00,2026-06-29 21:00:00,2026-07-01 19:00:00,CAL,TR-02,Entregado
ORD-13487,2026-05-08 11:00:00,2026-05-12 16:00:00,2026-05-15 18:00:00,BAQ,TR-03,Entregado
ORD-13488,2026-06-04 13:00:00,2026-06-06 00:00:00,2026-06-10 05:00:00,BAQ,TR-01,Entregado
ORD-13489,2026-03-13 08:00:00,2026-03-17 13:00:00,2026-03-19 17:00:00,BAQ,TR-04,Entregado
ORD-13490,2026-04-23 15:00:00,2026-04-24 20:00:00,2026-04-28 01:00:00,CAL,TR-04,Entregado
ORD-13491,2026-05-08 14:00:00,2026-05-13 01:00:00,2026-05-15 23:00:00,MED,TR-01,Entregado
ORD-13492,2026-03-24 13:00:00,2026-03-25 22:00:00,,BOG,TR-01,Perdido
ORD-13493,2026-03-04 16:00:00,2026-03-06 00:00:00,2026-03-07 05:00:00,MED,TR-01,Entregado
ORD-13494,2026-03-01 10:00:00,2026-03-02 20:00:00,2026-03-03 16:00:00,BOG,TR-04,Entregado
ORD-13495,2026-03-03 13:00:00,2026-03-04 20:00:00,2026-03-09 21:00:00,BGA,TR-04,Entregado
ORD-13496,2026-05-06 10:00:00,2026-05-07 15:00:00,2026-05-09 14:00:00,BGA,TR-01,Entregado
ORD-13497,2026-06-18 17:00:00,2026-06-19 22:00:00,2026-06-22 02:00:00,BAQ,TR-02,Entregado
ORD-13498,2026-04-08 08:00:00,2026-04-09 19:00:00,2026-04-10 18:00:00,MED,TR-04,Entregado
ORD-13499,2026-01-31 09:00:00,2026-02-04 15:00:00,2026-02-05 16:00:00,BOG,TR-04,Entregado
ORD-13500,2026-05-02 08:00:00,2026-05-06 17:00:00,2026-05-07 21:00:00,BOG,TR-02,Entregado
ORD-13501,2026-02-07 14:00:00,2026-02-10 19:00:00,2026-02-14 20:00:00,BAQ,TR-03,Entregado
ORD-13502,2026-04-20 15:00:00,2026-04-21 23:00:00,2026-04-25 00:00:00,BGA,TR-03,Entregado
ORD-13503,2026-01-22 10:00:00,2026-01-23 12:00:00,2026-01-26 15:00:00,MED,TR-02,Entregado
ORD-13504,2026-02-25 14:00:00,2026-02-26 18:00:00,2026-02-27 21:00:00,BOG,TR-02,Entregado
ORD-13505,2026-05-27 16:00:00,2026-05-29 00:00:00,2026-06-04 01:00:00,BAQ,TR-02,Entregado
ORD-13506,2026-06-21 09:00:00,2026-06-22 13:00:00,2026-06-23 14:00:00,BOG,TR-02,Entregado
ORD-13507,2026-02-04 09:00:00,2026-02-05 16:00:00,2026-02-06 18:00:00,BGA,TR-03,Entregado
ORD-13508,2026-05-05 08:00:00,2026-05-06 19:00:00,2026-05-07 21:00:00,CAL,TR-04,Entregado
ORD-13509,2026-02-21 12:00:00,2026-02-25 15:00:00,2026-02-28 17:00:00,BAQ,TR-04,Entregado
ORD-13510,2026-06-14 08:00:00,2026-06-15 14:00:00,2026-06-17 18:00:00,MED,TR-04,Entregado
ORD-13511,2026-06-28 08:00:00,2026-06-29 12:00:00,2026-07-01 15:00:00,MED,TR-01,Entregado
ORD-13512,2026-01-21 12:00:00,2026-01-22 17:00:00,2026-01-24 16:00:00,MED,TR-02,Entregado
ORD-13513,2026-01-16 19:00:00,2026-01-21 00:00:00,2026-01-21 22:00:00,BOG,TR-01,Entregado
ORD-13514,2026-05-03 13:00:00,2026-05-04 21:00:00,2026-05-08 00:00:00,BGA,TR-01,Entregado
ORD-13515,2026-06-17 17:00:00,2026-06-18 23:00:00,2026-06-21 02:00:00,CAL,TR-02,Entregado
ORD-13516,2026-03-21 19:00:00,2026-03-26 00:00:00,2026-03-28 01:00:00,BOG,TR-04,Entregado
ORD-13517,2026-03-06 11:00:00,2026-03-09 14:00:00,2026-03-12 13:00:00,BGA,TR-01,Entregado
ORD-13518,2026-03-15 18:00:00,2026-03-17 03:00:00,2026-03-18 04:00:00,BOG,TR-03,Entregado
ORD-13519,2026-01-17 16:00:00,2026-01-21 21:00:00,2026-01-22 20:00:00,CAL,TR-01,Entregado
ORD-13520,2026-01-23 14:00:00,2026-01-28 00:00:00,2026-01-29 23:00:00,BOG,TR-01,Entregado
ORD-13521,2026-06-21 12:00:00,2026-06-22 22:00:00,2026-06-24 03:00:00,BOG,TR-04,Entregado
ORD-13522,2026-03-12 19:00:00,2026-03-14 02:00:00,2026-03-18 04:00:00,BAQ,TR-04,Entregado
ORD-13523,2026-03-20 09:00:00,2026-03-24 18:00:00,2026-03-25 19:00:00,BOG,TR-04,Entregado
ORD-13524,2026-02-15 11:00:00,2026-02-16 19:00:00,2026-02-19 22:00:00,CAL,TR-02,Entregado
ORD-13525,2026-03-19 14:00:00,2026-03-20 18:00:00,2026-03-21 17:00:00,BGA,TR-02,Entregado
ORD-13526,2026-04-06 10:00:00,2026-04-07 17:00:00,2026-04-09 13:00:00,CAL,TR-01,Entregado
ORD-13527,2026-01-02 17:00:00,2026-01-06 19:00:00,2026-01-08 19:00:00,CAL,TR-01,Entregado
ORD-13528,2026-06-27 08:00:00,2026-06-30 13:00:00,2026-07-02 17:00:00,CAL,TR-01,Entregado
ORD-13529,2026-05-20 13:00:00,2026-05-21 15:00:00,2026-05-22 14:00:00,BOG,TR-01,Entregado
ORD-13530,2026-05-30 16:00:00,2026-06-03 19:00:00,2026-06-04 18:00:00,MED,TR-04,Entregado
ORD-13531,2026-03-25 08:00:00,2026-03-26 18:00:00,2026-03-29 16:00:00,MED,TR-01,Entregado
ORD-13532,2026-02-27 13:00:00,2026-03-03 18:00:00,2026-03-09 22:00:00,BAQ,TR-02,Entregado
ORD-13533,2026-05-26 13:00:00,2026-05-27 22:00:00,2026-05-28 18:00:00,MED,TR-01,Entregado
ORD-13534,2026-02-14 08:00:00,2026-02-18 10:00:00,2026-02-20 07:00:00,MED,TR-04,Entregado
ORD-13535,2026-01-23 14:00:00,2026-01-27 17:00:00,2026-01-28 17:00:00,BOG,TR-01,Entregado
ORD-13536,2026-06-03 14:00:00,2026-06-04 23:00:00,2026-06-11 01:00:00,BGA,TR-04,Entregado
ORD-13537,2026-03-20 19:00:00,2026-03-24 04:00:00,2026-03-25 09:00:00,CAL,TR-01,Entregado
ORD-13538,2026-01-27 17:00:00,2026-01-29 01:00:00,2026-01-29 23:00:00,BOG,TR-04,Entregado
ORD-13539,2026-04-07 11:00:00,2026-04-08 15:00:00,2026-04-09 14:00:00,BOG,TR-03,Entregado
ORD-13540,2026-04-19 14:00:00,2026-04-20 16:00:00,2026-04-22 15:00:00,BOG,TR-02,Entregado
ORD-13541,2026-03-10 09:00:00,2026-03-11 17:00:00,2026-03-12 16:00:00,BOG,TR-01,Entregado
ORD-13542,2026-02-24 17:00:00,2026-02-26 03:00:00,2026-02-27 00:00:00,BOG,TR-01,Entregado
ORD-13543,2026-04-07 14:00:00,2026-04-08 20:00:00,2026-04-10 17:00:00,CAL,TR-03,Entregado
ORD-13544,2026-02-07 14:00:00,2026-02-10 17:00:00,2026-02-11 19:00:00,BOG,TR-01,Entregado
ORD-13545,2026-03-19 17:00:00,2026-03-20 20:00:00,2026-03-23 19:00:00,CAL,TR-01,Entregado
ORD-13546,2026-02-04 10:00:00,2026-02-05 18:00:00,2026-02-07 15:00:00,MED,TR-04,Entregado
ORD-13547,2026-03-28 09:00:00,2026-03-31 17:00:00,2026-04-01 17:00:00,BOG,TR-03,Entregado
ORD-13548,2026-04-07 16:00:00,2026-04-08 19:00:00,2026-04-11 16:00:00,BGA,TR-02,Entregado
ORD-13549,2026-06-18 14:00:00,2026-06-19 22:00:00,2026-06-23 01:00:00,MED,TR-04,Entregado
ORD-13550,2026-03-12 10:00:00,2026-03-13 18:00:00,2026-03-14 16:00:00,BOG,TR-01,Entregado
ORD-13551,2026-02-27 09:00:00,2026-03-03 15:00:00,2026-03-04 19:00:00,BOG,TR-01,Entregado
ORD-13552,2026-02-12 14:00:00,2026-02-13 23:00:00,2026-02-16 02:00:00,BAQ,TR-03,Entregado
ORD-13553,2026-04-15 08:00:00,2026-04-16 12:00:00,2026-04-17 08:00:00,BOG,TR-03,Entregado
ORD-13554,2026-03-02 11:00:00,2026-03-03 22:00:00,2026-03-06 18:00:00,BAQ,TR-04,Entregado
ORD-13555,2026-01-06 14:00:00,2026-01-07 23:00:00,2026-01-09 19:00:00,CAL,TR-04,Entregado
ORD-13556,2026-01-10 14:00:00,2026-01-14 20:00:00,2026-01-16 18:00:00,BGA,TR-02,Entregado
ORD-13557,2026-03-31 09:00:00,2026-04-01 19:00:00,2026-04-03 18:00:00,CAL,TR-02,Entregado
ORD-13558,2026-06-07 11:00:00,2026-06-08 18:00:00,2026-06-10 21:00:00,MED,TR-01,Entregado
ORD-13559,2026-05-29 19:00:00,2026-06-03 05:00:00,2026-06-04 04:00:00,BOG,TR-01,Entregado
ORD-13560,2026-04-07 17:00:00,2026-04-09 00:00:00,2026-04-11 04:00:00,MED,TR-01,Entregado
ORD-13561,2026-04-25 17:00:00,2026-04-28 19:00:00,2026-04-30 20:00:00,MED,TR-01,Entregado
ORD-13562,2026-02-20 19:00:00,2026-02-24 00:00:00,2026-02-25 00:00:00,BOG,TR-02,Entregado
ORD-13563,2026-02-25 16:00:00,2026-02-26 21:00:00,2026-03-03 22:00:00,BGA,TR-04,Entregado
ORD-13564,2026-02-01 18:00:00,2026-02-02 21:00:00,2026-02-04 21:00:00,MED,TR-04,Entregado
ORD-13565,2026-01-28 08:00:00,2026-01-29 17:00:00,2026-01-31 14:00:00,BOG,TR-03,Entregado
ORD-13566,2026-03-05 18:00:00,2026-03-07 02:00:00,2026-03-07 22:00:00,BOG,TR-04,Entregado
ORD-13567,2026-05-10 11:00:00,2026-05-11 16:00:00,,BGA,TR-03,Perdido
ORD-13568,2026-04-24 14:00:00,2026-04-27 18:00:00,2026-04-29 19:00:00,BOG,TR-01,Entregado
ORD-13569,2026-01-13 16:00:00,2026-01-14 21:00:00,2026-01-15 21:00:00,CAL,TR-02,Entregado
ORD-13570,2026-01-22 17:00:00,2026-01-24 03:00:00,2026-01-27 06:00:00,BAQ,TR-03,Entregado
ORD-13571,2026-03-15 16:00:00,2026-03-16 18:00:00,2026-03-18 20:00:00,CAL,TR-02,Entregado
ORD-13572,2026-04-11 18:00:00,2026-04-14 23:00:00,2026-04-16 02:00:00,MED,TR-02,Entregado
ORD-13573,2026-04-27 13:00:00,2026-04-28 16:00:00,2026-05-04 13:00:00,BGA,TR-04,Entregado
ORD-13574,2026-02-10 15:00:00,2026-02-11 23:00:00,2026-02-13 02:00:00,BGA,TR-02,Entregado
ORD-13575,2026-06-17 15:00:00,2026-06-18 20:00:00,2026-06-20 01:00:00,CAL,TR-03,Entregado
ORD-13576,2026-04-07 08:00:00,2026-04-08 19:00:00,2026-04-09 19:00:00,BOG,TR-04,Entregado
ORD-13577,2026-02-26 09:00:00,2026-02-27 17:00:00,2026-02-28 19:00:00,BOG,TR-04,Entregado
ORD-13578,2026-04-06 16:00:00,2026-04-08 00:00:00,2026-04-09 04:00:00,BOG,TR-03,Entregado
ORD-13579,2026-03-03 15:00:00,2026-03-04 23:00:00,2026-03-06 01:00:00,BOG,TR-02,Entregado
ORD-13580,2026-05-17 11:00:00,2026-05-18 14:00:00,2026-05-19 16:00:00,CAL,TR-01,Entregado
ORD-13581,2026-03-22 08:00:00,2026-03-23 10:00:00,2026-03-24 07:00:00,BOG,TR-01,Entregado
ORD-13582,2026-04-27 09:00:00,2026-04-28 17:00:00,2026-04-30 19:00:00,CAL,TR-03,Entregado
ORD-13583,2026-04-22 15:00:00,2026-04-23 21:00:00,2026-04-24 23:00:00,BOG,TR-04,Entregado
ORD-13584,2026-03-26 12:00:00,2026-03-27 22:00:00,2026-03-28 19:00:00,BOG,TR-02,Entregado
ORD-13585,2026-05-26 14:00:00,2026-05-28 00:00:00,2026-05-30 00:00:00,BGA,TR-02,Entregado
ORD-13586,2026-06-06 15:00:00,2026-06-10 23:00:00,2026-06-12 20:00:00,BOG,TR-01,Entregado
ORD-13587,2026-03-15 08:00:00,2026-03-16 11:00:00,2026-03-18 08:00:00,MED,TR-03,Entregado
ORD-13588,2026-01-18 17:00:00,2026-01-20 00:00:00,2026-01-20 23:00:00,MED,TR-04,Entregado
ORD-13589,2026-04-11 09:00:00,2026-04-15 20:00:00,2026-04-16 22:00:00,BOG,TR-04,Entregado
ORD-13590,2026-01-17 16:00:00,2026-01-21 02:00:00,2026-01-22 00:00:00,MED,TR-02,Entregado
ORD-13591,2026-01-14 08:00:00,2026-01-15 13:00:00,2026-01-17 16:00:00,CAL,TR-02,Entregado
ORD-13592,2026-06-06 11:00:00,2026-06-10 13:00:00,2026-06-12 11:00:00,BGA,TR-03,Entregado
ORD-13593,2026-03-23 18:00:00,2026-03-24 23:00:00,2026-03-28 00:00:00,CAL,TR-03,Entregado
ORD-13594,2026-05-28 15:00:00,2026-05-29 21:00:00,2026-05-30 19:00:00,BOG,TR-02,Entregado
ORD-13595,2026-04-30 18:00:00,2026-05-02 02:00:00,2026-05-05 03:00:00,CAL,TR-02,Entregado
ORD-13596,2026-04-18 16:00:00,2026-04-21 19:00:00,2026-04-22 23:00:00,BOG,TR-04,Entregado
ORD-13597,2026-03-20 18:00:00,2026-03-25 04:00:00,2026-03-27 09:00:00,BOG,TR-02,Entregado
ORD-13598,2026-01-15 19:00:00,2026-01-17 00:00:00,2026-01-20 00:00:00,MED,TR-01,Entregado
ORD-13599,2026-01-19 17:00:00,2026-01-20 23:00:00,2026-01-24 01:00:00,MED,TR-04,Entregado
ORD-13600,2026-06-29 17:00:00,2026-07-01 03:00:00,2026-07-04 05:00:00,MED,TR-02,Entregado
ORD-13601,2026-06-03 17:00:00,2026-06-04 21:00:00,,CAL,TR-01,Devuelto
ORD-13602,2026-06-23 19:00:00,2026-06-25 04:00:00,2026-06-28 02:00:00,MED,TR-04,Entregado
ORD-13603,2026-06-26 09:00:00,2026-06-30 18:00:00,2026-07-03 18:00:00,CAL,TR-02,Entregado
ORD-13604,2026-05-11 09:00:00,2026-05-12 12:00:00,2026-05-13 08:00:00,BOG,TR-02,Entregado
ORD-13605,2026-02-11 10:00:00,2026-02-12 19:00:00,2026-02-13 17:00:00,BOG,TR-04,Entregado
ORD-13606,2026-01-17 19:00:00,2026-01-21 06:00:00,2026-01-22 11:00:00,MED,TR-04,Entregado
ORD-13607,2026-06-10 19:00:00,2026-06-12 05:00:00,2026-06-15 08:00:00,MED,TR-01,Entregado
ORD-13608,2026-06-26 15:00:00,2026-06-29 21:00:00,2026-07-07 00:00:00,BGA,TR-04,Entregado
ORD-13609,2026-03-04 10:00:00,2026-03-05 20:00:00,2026-03-08 01:00:00,MED,TR-01,Entregado
ORD-13610,2026-04-17 08:00:00,2026-04-20 11:00:00,2026-04-21 11:00:00,CAL,TR-01,Entregado
ORD-13611,2026-02-24 17:00:00,2026-02-26 02:00:00,2026-02-27 03:00:00,BOG,TR-02,Entregado
ORD-13612,2026-04-09 15:00:00,2026-04-10 22:00:00,2026-04-12 23:00:00,BGA,TR-01,Entregado
ORD-13613,2026-02-21 11:00:00,2026-02-24 21:00:00,2026-02-25 21:00:00,BOG,TR-01,Entregado
ORD-13614,2026-04-27 13:00:00,2026-04-28 19:00:00,2026-05-01 00:00:00,CAL,TR-01,Entregado
ORD-13615,2026-01-07 11:00:00,2026-01-08 19:00:00,2026-01-10 18:00:00,BOG,TR-01,Entregado
ORD-13616,2026-05-24 15:00:00,2026-05-25 23:00:00,2026-05-26 21:00:00,BOG,TR-02,Entregado
ORD-13617,2026-02-23 08:00:00,2026-02-24 11:00:00,2026-02-26 08:00:00,MED,TR-02,Entregado
ORD-13618,2026-02-18 16:00:00,2026-02-19 20:00:00,2026-02-20 20:00:00,MED,TR-02,Entregado
ORD-13619,2026-01-10 13:00:00,2026-01-13 21:00:00,2026-01-14 22:00:00,BOG,TR-01,Entregado
ORD-13620,2026-05-24 17:00:00,2026-05-26 04:00:00,2026-05-31 00:00:00,BGA,TR-04,Entregado
ORD-13621,2026-06-06 14:00:00,2026-06-10 19:00:00,2026-06-11 17:00:00,BOG,TR-02,Entregado
ORD-13622,2026-04-02 13:00:00,2026-04-03 19:00:00,2026-04-07 23:00:00,BGA,TR-04,Entregado
ORD-13623,2026-05-24 11:00:00,2026-05-25 16:00:00,2026-05-26 21:00:00,BGA,TR-03,Entregado
ORD-13624,2026-03-21 14:00:00,2026-03-24 21:00:00,2026-03-25 17:00:00,MED,TR-01,Entregado
ORD-13625,2026-03-19 18:00:00,2026-03-20 21:00:00,2026-03-21 22:00:00,BOG,TR-02,Entregado
ORD-13626,2026-06-03 17:00:00,2026-06-05 04:00:00,2026-06-10 07:00:00,BGA,TR-04,Entregado
ORD-13627,2026-03-19 14:00:00,2026-03-20 20:00:00,2026-03-22 01:00:00,BGA,TR-01,Entregado
ORD-13628,2026-06-10 17:00:00,2026-06-12 01:00:00,2026-06-12 23:00:00,BOG,TR-02,Entregado
ORD-13629,2026-05-01 11:00:00,2026-05-04 13:00:00,2026-05-05 11:00:00,BOG,TR-02,Entregado
ORD-13630,2026-03-04 10:00:00,2026-03-05 19:00:00,2026-03-09 22:00:00,BAQ,TR-04,Entregado
ORD-13631,2026-06-29 11:00:00,2026-06-30 15:00:00,2026-07-02 18:00:00,MED,TR-04,Entregado
ORD-13632,2026-06-03 18:00:00,2026-06-04 20:00:00,2026-06-09 22:00:00,BAQ,TR-02,Entregado
ORD-13633,2026-01-02 19:00:00,2026-01-06 04:00:00,2026-01-07 08:00:00,BOG,TR-04,Entregado
ORD-13634,2026-01-30 08:00:00,2026-02-03 13:00:00,2026-02-06 17:00:00,MED,TR-04,Entregado
ORD-13635,2026-05-20 17:00:00,2026-05-21 20:00:00,2026-05-24 16:00:00,BAQ,TR-03,Entregado
ORD-13636,2026-02-13 08:00:00,2026-02-17 19:00:00,2026-02-18 23:00:00,BOG,TR-03,Entregado
ORD-13637,2026-01-13 15:00:00,2026-01-15 00:00:00,2026-01-16 20:00:00,MED,TR-01,Entregado
ORD-13638,2026-05-06 09:00:00,2026-05-07 15:00:00,2026-05-09 13:00:00,BOG,TR-04,Entregado
ORD-13639,2026-01-26 12:00:00,2026-01-27 15:00:00,2026-01-28 16:00:00,BOG,TR-04,Entregado
ORD-13640,2026-06-05 11:00:00,2026-06-09 21:00:00,2026-06-11 23:00:00,CAL,TR-01,Entregado
ORD-13641,2026-06-17 09:00:00,2026-06-18 13:00:00,2026-06-19 09:00:00,BOG,TR-04,Entregado
ORD-13642,2026-03-28 14:00:00,2026-03-31 21:00:00,2026-04-03 19:00:00,BAQ,TR-03,Entregado
ORD-13643,2026-03-22 19:00:00,2026-03-24 03:00:00,2026-03-25 08:00:00,BGA,TR-02,Entregado
ORD-13644,2026-05-10 11:00:00,2026-05-11 14:00:00,2026-05-13 10:00:00,MED,TR-01,Entregado
ORD-13645,2026-01-20 18:00:00,2026-01-21 20:00:00,2026-01-23 01:00:00,BGA,TR-02,Entregado
ORD-13646,2026-02-15 10:00:00,2026-02-16 15:00:00,2026-02-18 19:00:00,BOG,TR-04,Entregado
ORD-13647,2026-01-12 15:00:00,2026-01-14 02:00:00,2026-01-15 06:00:00,BOG,TR-04,Entregado
ORD-13648,2026-03-07 11:00:00,2026-03-11 21:00:00,2026-03-14 01:00:00,CAL,TR-03,Entregado
ORD-13649,2026-03-19 10:00:00,2026-03-20 15:00:00,2026-03-23 14:00:00,BGA,TR-01,Entregado
ORD-13650,2026-06-11 19:00:00,2026-06-13 05:00:00,2026-06-15 04:00:00,CAL,TR-02,Entregado
ORD-13651,2026-05-14 11:00:00,2026-05-15 15:00:00,2026-05-16 14:00:00,BOG,TR-01,Entregado
ORD-13652,2026-01-22 09:00:00,2026-01-23 16:00:00,2026-01-27 20:00:00,BGA,TR-04,Entregado
ORD-13653,2026-01-12 11:00:00,2026-01-13 22:00:00,2026-01-15 23:00:00,CAL,TR-01,Entregado
ORD-13654,2026-05-03 13:00:00,2026-05-04 17:00:00,2026-05-06 21:00:00,BOG,TR-03,Entregado
ORD-13655,2026-04-27 10:00:00,2026-04-28 18:00:00,,BAQ,TR-01,Devuelto
ORD-13656,2026-03-12 10:00:00,2026-03-13 19:00:00,2026-03-14 21:00:00,BOG,TR-04,Entregado
ORD-13657,2026-01-06 11:00:00,2026-01-07 16:00:00,,MED,TR-01,Perdido
ORD-13658,2026-06-04 12:00:00,2026-06-05 17:00:00,2026-06-07 17:00:00,MED,TR-03,Entregado
ORD-13659,2026-04-17 12:00:00,2026-04-21 22:00:00,2026-04-24 00:00:00,MED,TR-02,Entregado
ORD-13660,2026-02-17 14:00:00,2026-02-18 22:00:00,2026-02-20 23:00:00,BGA,TR-02,Entregado
ORD-13661,2026-03-10 18:00:00,2026-03-12 02:00:00,2026-03-13 01:00:00,MED,TR-04,Entregado
ORD-13662,2026-05-23 10:00:00,2026-05-26 14:00:00,2026-05-28 15:00:00,CAL,TR-04,Entregado
ORD-13663,2026-05-02 12:00:00,2026-05-05 15:00:00,2026-05-06 12:00:00,BOG,TR-04,Entregado
ORD-13664,2026-01-23 12:00:00,2026-01-26 15:00:00,2026-01-29 18:00:00,MED,TR-01,Entregado
ORD-13665,2026-02-06 16:00:00,2026-02-09 22:00:00,,BGA,TR-04,Perdido
ORD-13666,2026-01-15 10:00:00,2026-01-16 20:00:00,2026-01-18 23:00:00,MED,TR-02,Entregado
ORD-13667,2026-04-03 13:00:00,2026-04-06 21:00:00,2026-04-09 02:00:00,BOG,TR-03,Entregado
ORD-13668,2026-01-17 17:00:00,2026-01-20 22:00:00,2026-01-21 20:00:00,BOG,TR-04,Entregado
ORD-13669,2026-05-29 15:00:00,2026-06-02 19:00:00,2026-06-04 16:00:00,MED,TR-02,Entregado
ORD-13670,2026-05-29 16:00:00,2026-06-02 20:00:00,2026-06-03 21:00:00,MED,TR-02,Entregado
ORD-13671,2026-01-11 13:00:00,2026-01-12 18:00:00,2026-01-14 17:00:00,MED,TR-01,Entregado
ORD-13672,2026-03-13 17:00:00,2026-03-17 22:00:00,2026-03-19 01:00:00,BOG,TR-01,Entregado
ORD-13673,2026-05-05 10:00:00,2026-05-06 21:00:00,2026-05-08 00:00:00,BOG,TR-03,Entregado
ORD-13674,2026-04-29 14:00:00,2026-04-30 19:00:00,2026-05-02 23:00:00,CAL,TR-01,Entregado
ORD-13675,2026-01-14 17:00:00,2026-01-16 00:00:00,2026-01-19 02:00:00,CAL,TR-04,Entregado
ORD-13676,2026-05-20 13:00:00,2026-05-21 15:00:00,2026-05-23 18:00:00,MED,TR-01,Entregado
ORD-13677,2026-04-18 14:00:00,2026-04-21 18:00:00,2026-04-22 18:00:00,BOG,TR-03,Entregado
ORD-13678,2026-02-03 16:00:00,2026-02-05 02:00:00,2026-02-06 23:00:00,BGA,TR-01,Entregado
ORD-13679,2026-01-10 17:00:00,2026-01-14 00:00:00,2026-01-17 04:00:00,BGA,TR-02,Entregado
ORD-13680,2026-05-25 08:00:00,2026-05-26 17:00:00,2026-05-27 21:00:00,CAL,TR-01,Entregado
ORD-13681,2026-04-25 08:00:00,2026-04-28 10:00:00,2026-04-30 07:00:00,MED,TR-03,Entregado
ORD-13682,2026-01-12 14:00:00,2026-01-13 16:00:00,2026-01-17 21:00:00,BAQ,TR-04,Entregado
ORD-13683,2026-01-04 17:00:00,2026-01-05 21:00:00,2026-01-07 00:00:00,CAL,TR-02,Entregado
ORD-13684,2026-05-21 09:00:00,2026-05-22 16:00:00,2026-05-23 14:00:00,BOG,TR-03,Entregado
ORD-13685,2026-04-16 12:00:00,2026-04-17 17:00:00,2026-04-19 22:00:00,MED,TR-03,Entregado
ORD-13686,2026-05-01 11:00:00,2026-05-04 18:00:00,2026-05-06 16:00:00,MED,TR-04,Entregado
ORD-13687,2026-03-23 12:00:00,2026-03-24 22:00:00,2026-03-25 22:00:00,BOG,TR-02,Entregado
ORD-13688,2026-01-19 09:00:00,2026-01-20 17:00:00,2026-01-21 15:00:00,BGA,TR-03,Entregado
ORD-13689,2026-01-12 08:00:00,2026-01-13 19:00:00,2026-01-16 19:00:00,BGA,TR-01,Entregado
ORD-13690,2026-03-15 09:00:00,2026-03-16 20:00:00,2026-03-17 17:00:00,BGA,TR-03,Entregado
ORD-13691,2026-01-06 15:00:00,2026-01-07 23:00:00,2026-01-09 21:00:00,BOG,TR-04,Entregado
ORD-13692,2026-05-05 10:00:00,2026-05-06 21:00:00,2026-05-09 18:00:00,MED,TR-02,Entregado
ORD-13693,2026-01-11 16:00:00,2026-01-13 01:00:00,2026-01-14 04:00:00,BOG,TR-03,Entregado
ORD-13694,2026-05-07 19:00:00,2026-05-09 00:00:00,2026-05-10 02:00:00,BOG,TR-04,Entregado
ORD-13695,2026-03-14 09:00:00,2026-03-17 20:00:00,2026-03-18 16:00:00,BOG,TR-02,Entregado
ORD-13696,2026-01-08 17:00:00,2026-01-09 21:00:00,2026-01-12 18:00:00,MED,TR-04,Entregado
ORD-13697,2026-05-19 19:00:00,2026-05-21 06:00:00,2026-05-23 09:00:00,CAL,TR-03,Entregado
ORD-13698,2026-02-22 11:00:00,2026-02-23 16:00:00,2026-02-24 15:00:00,BOG,TR-04,Entregado
ORD-13699,2026-01-10 12:00:00,2026-01-14 18:00:00,2026-01-16 16:00:00,BOG,TR-04,Entregado
ORD-13700,2026-04-22 15:00:00,2026-04-23 18:00:00,2026-04-25 19:00:00,BGA,TR-01,Entregado
ORD-13701,2026-02-05 17:00:00,2026-02-06 22:00:00,2026-02-09 00:00:00,BOG,TR-04,Entregado
ORD-13702,2026-01-14 13:00:00,2026-01-15 15:00:00,2026-01-16 11:00:00,BOG,TR-02,Entregado
ORD-13703,2026-03-27 12:00:00,2026-03-30 17:00:00,2026-04-01 16:00:00,BGA,TR-01,Entregado
ORD-13704,2026-02-19 14:00:00,2026-02-20 21:00:00,2026-02-23 02:00:00,BOG,TR-03,Entregado
ORD-13705,2026-01-20 15:00:00,2026-01-21 22:00:00,2026-01-23 20:00:00,CAL,TR-01,Entregado
ORD-13706,2026-03-28 14:00:00,2026-03-31 18:00:00,2026-04-01 17:00:00,BOG,TR-02,Entregado
ORD-13707,2026-05-17 08:00:00,2026-05-18 16:00:00,2026-05-19 20:00:00,BOG,TR-04,Entregado
ORD-13708,2026-06-03 13:00:00,2026-06-04 23:00:00,2026-06-06 21:00:00,BGA,TR-02,Entregado
ORD-13709,2026-02-07 13:00:00,2026-02-10 17:00:00,2026-02-12 18:00:00,MED,TR-01,Entregado
ORD-13710,2026-02-13 13:00:00,2026-02-16 19:00:00,2026-02-17 18:00:00,BGA,TR-03,Entregado
ORD-13711,2026-02-13 17:00:00,2026-02-16 23:00:00,2026-02-19 04:00:00,BGA,TR-02,Entregado
ORD-13712,2026-04-29 17:00:00,2026-04-30 19:00:00,2026-05-02 00:00:00,BOG,TR-03,Entregado
ORD-13713,2026-05-14 08:00:00,2026-05-15 18:00:00,2026-05-23 15:00:00,BGA,TR-04,Entregado
ORD-13714,2026-02-20 09:00:00,2026-02-24 11:00:00,2026-02-27 11:00:00,BGA,TR-01,Entregado
ORD-13715,2026-02-07 15:00:00,2026-02-10 22:00:00,2026-02-13 20:00:00,MED,TR-03,Entregado
ORD-13716,2026-02-20 17:00:00,2026-02-24 20:00:00,2026-02-27 20:00:00,BGA,TR-03,Entregado
ORD-13717,2026-04-30 15:00:00,2026-05-01 21:00:00,2026-05-02 17:00:00,BOG,TR-03,Entregado
ORD-13718,2026-05-29 15:00:00,2026-06-02 23:00:00,2026-06-03 19:00:00,BOG,TR-01,Entregado
ORD-13719,2026-03-11 12:00:00,2026-03-12 14:00:00,2026-03-16 12:00:00,BAQ,TR-03,Entregado
ORD-13720,2026-02-26 14:00:00,2026-02-27 18:00:00,2026-02-28 22:00:00,BOG,TR-03,Entregado
ORD-13721,2026-02-02 18:00:00,2026-02-03 23:00:00,2026-02-06 22:00:00,CAL,TR-01,Entregado
ORD-13722,2026-01-18 15:00:00,2026-01-19 21:00:00,2026-01-21 20:00:00,MED,TR-03,Entregado
ORD-13723,2026-02-26 11:00:00,2026-02-27 14:00:00,2026-03-02 13:00:00,BAQ,TR-03,Entregado
ORD-13724,2026-04-06 19:00:00,2026-04-08 02:00:00,2026-04-08 22:00:00,BOG,TR-04,Entregado
ORD-13725,2026-02-17 17:00:00,2026-02-18 22:00:00,2026-02-20 20:00:00,BGA,TR-01,Entregado
ORD-13726,2026-01-27 17:00:00,2026-01-28 19:00:00,2026-01-29 16:00:00,BOG,TR-04,Entregado
ORD-13727,2026-04-20 16:00:00,2026-04-22 03:00:00,2026-04-25 01:00:00,MED,TR-04,Entregado
ORD-13728,2026-06-29 17:00:00,2026-07-01 04:00:00,2026-07-02 04:00:00,BGA,TR-03,Entregado
ORD-13729,2026-02-01 17:00:00,2026-02-02 20:00:00,2026-02-03 17:00:00,BOG,TR-04,Entregado
ORD-13730,2026-01-26 16:00:00,2026-01-27 20:00:00,2026-01-29 23:00:00,CAL,TR-04,Entregado
ORD-13731,2026-03-16 14:00:00,2026-03-17 23:00:00,2026-03-20 02:00:00,MED,TR-04,Entregado
ORD-13732,2026-02-26 11:00:00,2026-02-27 17:00:00,2026-03-01 16:00:00,BGA,TR-01,Entregado
ORD-13733,2026-05-06 14:00:00,2026-05-07 22:00:00,2026-05-10 21:00:00,MED,TR-01,Entregado
ORD-13734,2026-01-31 14:00:00,2026-02-04 00:00:00,2026-02-05 02:00:00,BGA,TR-02,Entregado
ORD-13735,2026-02-02 12:00:00,2026-02-03 18:00:00,2026-02-06 20:00:00,MED,TR-04,Entregado
ORD-13736,2026-01-02 09:00:00,2026-01-06 20:00:00,2026-01-08 01:00:00,CAL,TR-02,Entregado
ORD-13737,2026-06-24 08:00:00,2026-06-25 10:00:00,2026-06-26 07:00:00,BOG,TR-04,Entregado
ORD-13738,2026-03-25 10:00:00,2026-03-26 18:00:00,2026-03-27 17:00:00,MED,TR-01,Entregado
ORD-13739,2026-06-28 09:00:00,2026-06-29 16:00:00,2026-07-02 17:00:00,BAQ,TR-03,Entregado
ORD-13740,2026-05-26 15:00:00,2026-05-27 22:00:00,2026-05-29 02:00:00,BOG,TR-02,Entregado
ORD-13741,2026-03-13 19:00:00,2026-03-17 04:00:00,2026-03-19 07:00:00,BOG,TR-04,Entregado
ORD-13742,2026-02-22 17:00:00,2026-02-23 20:00:00,2026-02-24 18:00:00,BOG,TR-02,Entregado
ORD-13743,2026-03-28 11:00:00,2026-04-01 20:00:00,2026-04-05 00:00:00,BAQ,TR-01,Entregado
ORD-13744,2026-06-26 18:00:00,2026-06-30 01:00:00,2026-07-01 02:00:00,BOG,TR-03,Entregado
ORD-13745,2026-06-13 08:00:00,2026-06-16 18:00:00,2026-06-18 14:00:00,BGA,TR-03,Entregado
ORD-13746,2026-06-24 15:00:00,2026-06-25 17:00:00,2026-06-28 18:00:00,CAL,TR-03,Entregado
ORD-13747,2026-03-30 11:00:00,2026-03-31 16:00:00,2026-04-01 21:00:00,BOG,TR-01,Entregado
ORD-13748,2026-02-11 10:00:00,2026-02-12 17:00:00,2026-02-14 17:00:00,CAL,TR-02,Entregado
ORD-13749,2026-04-04 10:00:00,2026-04-07 20:00:00,2026-04-10 16:00:00,BAQ,TR-02,Entregado
ORD-13750,2026-01-23 18:00:00,2026-01-28 04:00:00,2026-02-02 05:00:00,BGA,TR-04,Entregado
ORD-13751,2026-02-23 08:00:00,2026-02-24 16:00:00,2026-02-25 16:00:00,BOG,TR-02,Entregado
ORD-13752,2026-05-20 15:00:00,2026-05-21 17:00:00,2026-05-23 13:00:00,CAL,TR-02,Entregado
ORD-13753,2026-02-03 12:00:00,2026-02-04 15:00:00,2026-02-11 17:00:00,BGA,TR-04,Entregado
ORD-13754,2026-05-16 09:00:00,2026-05-19 20:00:00,2026-05-21 01:00:00,BOG,TR-03,Entregado
ORD-13755,2026-02-26 12:00:00,2026-02-27 17:00:00,2026-03-01 20:00:00,BAQ,TR-04,Entregado
ORD-13756,2026-06-03 13:00:00,2026-06-04 22:00:00,2026-06-06 20:00:00,CAL,TR-04,Entregado
ORD-13757,2026-01-13 10:00:00,2026-01-14 17:00:00,2026-01-16 19:00:00,BAQ,TR-01,Entregado
ORD-13758,2026-01-29 10:00:00,2026-01-30 16:00:00,2026-02-01 19:00:00,BOG,TR-04,Entregado
ORD-13759,2026-03-31 15:00:00,2026-04-01 23:00:00,2026-04-05 23:00:00,BGA,TR-04,Entregado
ORD-13760,2026-05-03 17:00:00,2026-05-05 02:00:00,2026-05-07 03:00:00,BGA,TR-03,Entregado
ORD-13761,2026-03-17 09:00:00,2026-03-18 14:00:00,2026-03-20 16:00:00,BAQ,TR-02,Entregado
ORD-13762,2026-04-18 19:00:00,2026-04-21 22:00:00,2026-04-23 21:00:00,CAL,TR-02,Entregado
ORD-13763,2026-03-23 12:00:00,2026-03-24 21:00:00,2026-03-25 17:00:00,BOG,TR-04,Entregado
ORD-13764,2026-01-02 12:00:00,2026-01-05 15:00:00,2026-01-06 19:00:00,BOG,TR-03,Entregado
ORD-13765,2026-05-15 17:00:00,2026-05-19 03:00:00,2026-05-21 02:00:00,BGA,TR-02,Entregado
ORD-13766,2026-03-29 19:00:00,2026-03-30 23:00:00,2026-04-02 00:00:00,BGA,TR-02,Entregado
ORD-13767,2026-01-16 14:00:00,2026-01-21 00:00:00,2026-01-22 05:00:00,BOG,TR-01,Entregado
ORD-13768,2026-06-17 19:00:00,2026-06-19 00:00:00,2026-06-20 22:00:00,MED,TR-02,Entregado
ORD-13769,2026-03-14 12:00:00,2026-03-18 18:00:00,2026-03-21 16:00:00,BAQ,TR-03,Entregado
ORD-13770,2026-05-21 12:00:00,2026-05-22 20:00:00,2026-05-23 22:00:00,BOG,TR-02,Entregado
ORD-13771,2026-03-15 11:00:00,2026-03-16 14:00:00,2026-03-17 12:00:00,BOG,TR-02,Entregado
ORD-13772,2026-03-18 16:00:00,2026-03-20 01:00:00,2026-03-22 06:00:00,BGA,TR-02,Entregado
ORD-13773,2026-04-20 09:00:00,2026-04-21 14:00:00,2026-04-22 17:00:00,BOG,TR-03,Entregado
ORD-13774,2026-05-23 17:00:00,2026-05-27 00:00:00,2026-05-28 23:00:00,MED,TR-01,Entregado
ORD-13775,2026-05-07 14:00:00,2026-05-08 18:00:00,2026-05-12 18:00:00,BAQ,TR-04,Entregado
ORD-13776,2026-02-09 19:00:00,2026-02-11 02:00:00,2026-02-14 01:00:00,BGA,TR-02,Entregado
ORD-13777,2026-06-09 10:00:00,2026-06-10 21:00:00,2026-06-11 17:00:00,BOG,TR-03,Entregado
ORD-13778,2026-05-23 11:00:00,2026-05-27 19:00:00,2026-05-28 23:00:00,BOG,TR-01,Entregado
ORD-13779,2026-03-26 13:00:00,2026-03-27 16:00:00,2026-03-29 17:00:00,BOG,TR-03,Entregado
ORD-13780,2026-03-06 11:00:00,2026-03-09 13:00:00,,MED,TR-01,Devuelto
ORD-13781,2026-01-11 19:00:00,2026-01-13 00:00:00,2026-01-16 04:00:00,BAQ,TR-02,Entregado
ORD-13782,2026-01-26 12:00:00,2026-01-27 20:00:00,2026-01-28 21:00:00,BOG,TR-04,Entregado
ORD-13783,2026-05-31 12:00:00,2026-06-01 22:00:00,2026-06-02 20:00:00,CAL,TR-01,Entregado
ORD-13784,2026-06-17 14:00:00,2026-06-18 19:00:00,2026-06-22 18:00:00,BAQ,TR-04,Entregado
ORD-13785,2026-05-03 11:00:00,2026-05-04 14:00:00,2026-05-07 19:00:00,BAQ,TR-01,Entregado
ORD-13786,2026-04-14 12:00:00,2026-04-15 20:00:00,2026-04-16 21:00:00,MED,TR-01,Entregado
ORD-13787,2026-04-16 16:00:00,2026-04-17 19:00:00,2026-04-19 20:00:00,MED,TR-01,Entregado
ORD-13788,2026-02-13 19:00:00,2026-02-18 04:00:00,2026-02-19 09:00:00,BOG,TR-01,Entregado
ORD-13789,2026-03-31 12:00:00,2026-04-01 23:00:00,2026-04-04 01:00:00,BOG,TR-03,Entregado
ORD-13790,2026-04-07 19:00:00,2026-04-09 03:00:00,2026-04-10 04:00:00,CAL,TR-02,Entregado
ORD-13791,2026-01-09 19:00:00,2026-01-13 01:00:00,2026-01-15 04:00:00,MED,TR-03,Entregado
ORD-13792,2026-03-10 13:00:00,2026-03-11 21:00:00,2026-03-14 00:00:00,MED,TR-04,Entregado
ORD-13793,2026-01-28 15:00:00,2026-01-29 17:00:00,2026-01-30 15:00:00,BOG,TR-01,Entregado
ORD-13794,2026-04-09 12:00:00,2026-04-10 15:00:00,2026-04-12 18:00:00,MED,TR-04,Entregado
ORD-13795,2026-04-20 09:00:00,2026-04-21 16:00:00,2026-04-25 19:00:00,BAQ,TR-04,Entregado
ORD-13796,2026-03-18 14:00:00,2026-03-19 20:00:00,2026-03-21 22:00:00,BGA,TR-02,Entregado
ORD-13797,2026-04-16 17:00:00,2026-04-18 02:00:00,2026-04-18 22:00:00,BOG,TR-01,Entregado
ORD-13798,2026-03-19 18:00:00,2026-03-20 20:00:00,2026-03-21 20:00:00,BOG,TR-02,Entregado
ORD-13799,2026-02-11 13:00:00,2026-02-13 00:00:00,2026-02-15 22:00:00,MED,TR-03,Entregado
ORD-13800,2026-03-09 12:00:00,2026-03-10 16:00:00,2026-03-12 20:00:00,CAL,TR-03,Entregado
ORD-13801,2026-02-02 14:00:00,2026-02-03 22:00:00,2026-02-06 01:00:00,BOG,TR-01,Entregado
ORD-13802,2026-02-25 16:00:00,2026-02-27 01:00:00,2026-02-27 21:00:00,BOG,TR-04,Entregado
ORD-13803,2026-04-11 10:00:00,2026-04-15 17:00:00,2026-04-16 16:00:00,BOG,TR-01,Entregado
ORD-13804,2026-03-15 18:00:00,2026-03-16 21:00:00,2026-03-18 23:00:00,BOG,TR-01,Entregado
ORD-13805,2026-05-01 13:00:00,2026-05-04 23:00:00,2026-05-07 01:00:00,BOG,TR-02,Entregado
ORD-13806,2026-05-23 12:00:00,2026-05-27 18:00:00,2026-05-28 21:00:00,BGA,TR-02,Entregado
ORD-13807,2026-03-24 13:00:00,2026-03-26 00:00:00,2026-03-28 20:00:00,CAL,TR-02,Entregado
ORD-13808,2026-02-20 17:00:00,2026-02-23 19:00:00,2026-02-25 21:00:00,BAQ,TR-02,Entregado
ORD-13809,2026-05-20 13:00:00,2026-05-21 17:00:00,2026-05-22 18:00:00,BOG,TR-01,Entregado
ORD-13810,2026-01-04 09:00:00,2026-01-05 14:00:00,2026-01-06 14:00:00,CAL,TR-01,Entregado
ORD-13811,2026-03-21 15:00:00,2026-03-24 20:00:00,2026-03-26 00:00:00,BOG,TR-03,Entregado
ORD-13812,2026-02-05 16:00:00,2026-02-06 23:00:00,2026-02-07 20:00:00,BGA,TR-01,Entregado
ORD-13813,2026-04-08 11:00:00,2026-04-09 18:00:00,2026-04-12 19:00:00,BGA,TR-03,Entregado
ORD-13814,2026-04-11 10:00:00,2026-04-14 18:00:00,2026-04-15 22:00:00,BOG,TR-03,Entregado
ORD-13815,2026-01-09 12:00:00,2026-01-12 14:00:00,2026-01-13 10:00:00,BOG,TR-02,Entregado
ORD-13816,2026-05-26 18:00:00,2026-05-27 23:00:00,2026-05-31 00:00:00,CAL,TR-03,Entregado
ORD-13817,2026-06-12 16:00:00,2026-06-15 23:00:00,2026-06-17 01:00:00,BOG,TR-02,Entregado
ORD-13818,2026-04-15 11:00:00,2026-04-16 13:00:00,2026-04-17 17:00:00,BOG,TR-04,Entregado
ORD-13819,2026-04-03 16:00:00,2026-04-06 20:00:00,2026-04-07 18:00:00,BOG,TR-04,Entregado
ORD-13820,2026-06-22 09:00:00,2026-06-23 18:00:00,2026-06-29 22:00:00,BGA,TR-04,Entregado
ORD-13821,2026-01-28 17:00:00,2026-01-29 20:00:00,2026-02-03 01:00:00,BAQ,TR-03,Entregado
ORD-13822,2026-03-21 19:00:00,2026-03-25 03:00:00,2026-03-28 03:00:00,BGA,TR-02,Entregado
ORD-13823,2026-04-26 12:00:00,2026-04-27 17:00:00,2026-04-28 18:00:00,BOG,TR-04,Entregado
ORD-13824,2026-04-08 17:00:00,2026-04-09 21:00:00,2026-04-13 01:00:00,MED,TR-03,Entregado
ORD-13825,2026-01-01 14:00:00,2026-01-03 01:00:00,2026-01-04 22:00:00,MED,TR-01,Entregado
ORD-13826,2026-04-06 17:00:00,2026-04-07 23:00:00,2026-04-09 03:00:00,BOG,TR-03,Entregado
ORD-13827,2026-01-17 18:00:00,2026-01-22 00:00:00,2026-01-25 23:00:00,BAQ,TR-02,Entregado
ORD-13828,2026-04-01 15:00:00,2026-04-02 18:00:00,2026-04-05 23:00:00,MED,TR-02,Entregado
ORD-13829,2026-06-12 17:00:00,2026-06-16 03:00:00,2026-06-17 00:00:00,MED,TR-04,Entregado
ORD-13830,2026-06-16 17:00:00,2026-06-18 01:00:00,2026-06-18 23:00:00,BOG,TR-04,Entregado
ORD-13831,2026-02-18 13:00:00,2026-02-19 17:00:00,2026-02-20 16:00:00,BOG,TR-01,Entregado
ORD-13832,2026-05-31 13:00:00,2026-06-01 20:00:00,2026-06-02 19:00:00,BOG,TR-02,Entregado
ORD-13833,2026-05-12 08:00:00,2026-05-13 19:00:00,2026-05-14 19:00:00,BOG,TR-03,Entregado
ORD-13834,2026-02-28 16:00:00,2026-03-03 19:00:00,2026-03-04 15:00:00,BOG,TR-02,Entregado
ORD-13835,2026-03-09 14:00:00,2026-03-10 16:00:00,2026-03-12 19:00:00,MED,TR-01,Entregado
ORD-13836,2026-05-10 08:00:00,2026-05-11 17:00:00,2026-05-14 20:00:00,CAL,TR-03,Entregado
ORD-13837,2026-05-06 15:00:00,2026-05-07 17:00:00,2026-05-09 16:00:00,MED,TR-04,Entregado
ORD-13838,2026-02-17 10:00:00,2026-02-18 16:00:00,2026-02-19 21:00:00,BOG,TR-01,Entregado
ORD-13839,2026-02-12 09:00:00,2026-02-13 12:00:00,2026-02-14 15:00:00,BOG,TR-02,Entregado
ORD-13840,2026-06-26 19:00:00,2026-06-30 03:00:00,2026-07-02 03:00:00,MED,TR-04,Entregado
ORD-13841,2026-03-21 16:00:00,2026-03-25 18:00:00,2026-03-26 15:00:00,CAL,TR-03,Entregado
ORD-13842,2026-04-21 18:00:00,2026-04-23 01:00:00,2026-04-29 00:00:00,BGA,TR-04,Entregado
ORD-13843,2026-06-07 11:00:00,2026-06-08 18:00:00,2026-06-09 19:00:00,BOG,TR-04,Entregado
ORD-13844,2026-04-23 13:00:00,2026-04-24 19:00:00,2026-04-26 21:00:00,MED,TR-02,Entregado
ORD-13845,2026-04-24 16:00:00,2026-04-28 23:00:00,2026-05-02 00:00:00,BAQ,TR-04,Entregado
ORD-13846,2026-05-04 08:00:00,2026-05-05 11:00:00,2026-05-06 09:00:00,BOG,TR-03,Entregado
ORD-13847,2026-03-17 14:00:00,2026-03-18 19:00:00,2026-03-19 16:00:00,MED,TR-01,Entregado
ORD-13848,2026-02-25 11:00:00,2026-02-26 21:00:00,2026-03-01 20:00:00,CAL,TR-03,Entregado
ORD-13849,2026-04-05 19:00:00,2026-04-07 00:00:00,2026-04-08 02:00:00,BOG,TR-01,Entregado
ORD-13850,2026-06-08 17:00:00,2026-06-10 01:00:00,2026-06-12 00:00:00,BOG,TR-03,Entregado
ORD-13851,2026-03-28 13:00:00,2026-04-01 17:00:00,2026-04-04 13:00:00,MED,TR-04,Entregado
ORD-13852,2026-03-25 14:00:00,2026-03-27 01:00:00,2026-03-29 04:00:00,BGA,TR-01,Entregado
ORD-13853,2026-06-05 12:00:00,2026-06-09 14:00:00,2026-06-10 16:00:00,MED,TR-02,Entregado
ORD-13854,2026-05-29 08:00:00,2026-06-02 16:00:00,2026-06-04 19:00:00,BOG,TR-04,Entregado
ORD-13855,2026-02-06 10:00:00,2026-02-10 19:00:00,2026-02-11 15:00:00,BOG,TR-04,Entregado
ORD-13856,2026-06-07 09:00:00,2026-06-08 18:00:00,2026-06-09 17:00:00,BOG,TR-04,Entregado
ORD-13857,2026-03-03 11:00:00,2026-03-04 21:00:00,2026-03-06 20:00:00,BOG,TR-01,Entregado
ORD-13858,2026-04-10 11:00:00,2026-04-13 14:00:00,2026-04-15 19:00:00,CAL,TR-02,Entregado
ORD-13859,2026-02-21 10:00:00,2026-02-25 19:00:00,2026-02-28 21:00:00,CAL,TR-04,Entregado
ORD-13860,2026-04-19 19:00:00,2026-04-21 04:00:00,2026-04-22 05:00:00,BOG,TR-04,Entregado
ORD-13861,2026-01-07 16:00:00,2026-01-08 19:00:00,2026-01-11 21:00:00,MED,TR-04,Entregado
ORD-13862,2026-06-21 12:00:00,2026-06-22 23:00:00,2026-06-28 00:00:00,BAQ,TR-02,Entregado
ORD-13863,2026-03-09 18:00:00,2026-03-11 00:00:00,2026-03-13 01:00:00,MED,TR-01,Entregado
ORD-13864,2026-02-03 09:00:00,2026-02-04 19:00:00,2026-02-12 20:00:00,BGA,TR-04,Entregado
ORD-13865,2026-03-10 14:00:00,2026-03-11 17:00:00,2026-03-14 14:00:00,BAQ,TR-01,Entregado
ORD-13866,2026-01-10 17:00:00,2026-01-14 02:00:00,2026-01-15 07:00:00,BOG,TR-02,Entregado
ORD-13867,2026-02-10 14:00:00,2026-02-11 18:00:00,,MED,TR-04,Perdido
ORD-13868,2026-05-02 17:00:00,2026-05-06 02:00:00,2026-05-08 05:00:00,BAQ,TR-02,Entregado
ORD-13869,2026-01-10 13:00:00,2026-01-14 15:00:00,2026-01-17 19:00:00,CAL,TR-02,Entregado
ORD-13870,2026-05-08 10:00:00,2026-05-12 15:00:00,2026-05-14 16:00:00,MED,TR-01,Entregado
ORD-13871,2026-05-29 15:00:00,2026-06-02 21:00:00,2026-06-04 22:00:00,BOG,TR-03,Entregado
ORD-13872,2026-04-02 08:00:00,2026-04-03 15:00:00,,BOG,TR-03,Devuelto
ORD-13873,2026-03-19 12:00:00,2026-03-20 20:00:00,2026-03-21 22:00:00,BOG,TR-01,Entregado
ORD-13874,2026-01-30 12:00:00,2026-02-03 21:00:00,2026-02-06 02:00:00,MED,TR-02,Entregado
ORD-13875,2026-02-18 16:00:00,2026-02-19 18:00:00,2026-02-20 19:00:00,BOG,TR-01,Entregado
ORD-13876,2026-05-25 12:00:00,2026-05-26 22:00:00,2026-05-28 21:00:00,BGA,TR-02,Entregado
ORD-13877,2026-02-27 16:00:00,2026-03-04 01:00:00,2026-03-05 22:00:00,BAQ,TR-02,Entregado
ORD-13878,2026-03-03 11:00:00,2026-03-04 21:00:00,2026-03-06 00:00:00,BOG,TR-01,Entregado
ORD-13879,2026-02-09 13:00:00,2026-02-10 20:00:00,2026-02-14 00:00:00,MED,TR-04,Entregado
ORD-13880,2026-06-20 10:00:00,2026-06-24 14:00:00,2026-06-25 10:00:00,CAL,TR-03,Entregado
ORD-13881,2026-02-19 08:00:00,2026-02-20 15:00:00,2026-02-23 20:00:00,MED,TR-04,Entregado
ORD-13882,2026-05-21 15:00:00,2026-05-22 22:00:00,2026-05-25 01:00:00,MED,TR-03,Entregado
ORD-13883,2026-04-07 18:00:00,2026-04-08 20:00:00,2026-04-09 22:00:00,BOG,TR-04,Entregado
ORD-13884,2026-06-26 11:00:00,2026-06-30 18:00:00,2026-07-02 19:00:00,BAQ,TR-04,Entregado
ORD-13885,2026-05-02 19:00:00,2026-05-06 06:00:00,2026-05-07 07:00:00,BOG,TR-01,Entregado
ORD-13886,2026-01-10 13:00:00,2026-01-14 18:00:00,2026-01-15 20:00:00,BOG,TR-01,Entregado
ORD-13887,2026-02-26 08:00:00,2026-02-27 18:00:00,2026-03-01 14:00:00,MED,TR-03,Entregado
ORD-13888,2026-03-12 17:00:00,2026-03-13 19:00:00,2026-03-15 15:00:00,MED,TR-01,Entregado
ORD-13889,2026-01-21 19:00:00,2026-01-22 21:00:00,2026-01-28 02:00:00,BAQ,TR-02,Entregado
ORD-13890,2026-05-07 15:00:00,2026-05-08 18:00:00,2026-05-11 23:00:00,BGA,TR-02,Entregado
ORD-13891,2026-04-26 11:00:00,2026-04-27 17:00:00,2026-05-04 21:00:00,BGA,TR-04,Entregado
ORD-13892,2026-01-25 19:00:00,2026-01-27 00:00:00,2026-01-28 05:00:00,BGA,TR-02,Entregado
ORD-13893,2026-01-05 15:00:00,2026-01-06 18:00:00,2026-01-08 16:00:00,BGA,TR-02,Entregado
ORD-13894,2026-01-21 09:00:00,2026-01-22 11:00:00,2026-01-23 12:00:00,BOG,TR-02,Entregado
ORD-13895,2026-06-24 13:00:00,2026-06-25 15:00:00,2026-06-26 18:00:00,BOG,TR-01,Entregado
ORD-13896,2026-02-26 10:00:00,2026-02-27 16:00:00,2026-03-01 15:00:00,BOG,TR-04,Entregado
ORD-13897,2026-05-08 08:00:00,2026-05-12 12:00:00,2026-05-14 10:00:00,MED,TR-03,Entregado
ORD-13898,2026-05-11 17:00:00,2026-05-13 04:00:00,2026-05-15 07:00:00,CAL,TR-01,Entregado
ORD-13899,2026-01-21 10:00:00,2026-01-22 14:00:00,2026-01-24 18:00:00,CAL,TR-04,Entregado
ORD-13900,2026-02-09 10:00:00,2026-02-10 20:00:00,2026-02-11 18:00:00,BGA,TR-01,Entregado
ORD-13901,2026-06-02 13:00:00,2026-06-03 23:00:00,2026-06-05 23:00:00,BOG,TR-01,Entregado
ORD-13902,2026-02-24 11:00:00,2026-02-25 21:00:00,2026-02-27 23:00:00,BAQ,TR-03,Entregado
ORD-13903,2026-06-29 19:00:00,2026-07-01 04:00:00,2026-07-04 04:00:00,BGA,TR-02,Entregado
ORD-13904,2026-04-19 09:00:00,2026-04-20 12:00:00,2026-04-22 17:00:00,CAL,TR-03,Entregado
ORD-13905,2026-04-22 14:00:00,2026-04-24 00:00:00,2026-04-25 03:00:00,BOG,TR-04,Entregado
ORD-13906,2026-04-25 12:00:00,2026-04-29 15:00:00,2026-05-02 15:00:00,CAL,TR-01,Entregado
ORD-13907,2026-03-28 16:00:00,2026-04-01 00:00:00,2026-04-01 20:00:00,BGA,TR-02,Entregado
ORD-13908,2026-03-22 09:00:00,2026-03-23 17:00:00,2026-03-25 16:00:00,CAL,TR-02,Entregado
ORD-13909,2026-01-19 10:00:00,2026-01-20 17:00:00,2026-01-23 18:00:00,MED,TR-02,Entregado
ORD-13910,2026-05-15 13:00:00,2026-05-18 17:00:00,2026-05-19 18:00:00,BOG,TR-04,Entregado
ORD-13911,2026-02-11 17:00:00,2026-02-13 03:00:00,2026-02-14 06:00:00,BGA,TR-03,Entregado
ORD-13912,2026-02-28 11:00:00,2026-03-04 18:00:00,2026-03-05 15:00:00,BOG,TR-02,Entregado
ORD-13913,2026-03-14 08:00:00,2026-03-18 13:00:00,2026-03-19 12:00:00,BOG,TR-03,Entregado
ORD-13914,2026-01-27 09:00:00,2026-01-28 14:00:00,2026-01-30 10:00:00,MED,TR-04,Entregado
ORD-13915,2026-03-04 11:00:00,2026-03-05 19:00:00,2026-03-06 18:00:00,BGA,TR-01,Entregado
ORD-13916,2026-01-19 08:00:00,2026-01-20 13:00:00,2026-01-22 15:00:00,CAL,TR-04,Entregado
ORD-13917,2026-03-10 14:00:00,2026-03-11 16:00:00,2026-03-13 20:00:00,BOG,TR-01,Entregado
ORD-13918,2026-04-27 13:00:00,2026-04-28 22:00:00,2026-05-02 02:00:00,BAQ,TR-01,Entregado
ORD-13919,2026-03-22 14:00:00,2026-03-23 19:00:00,2026-03-25 16:00:00,CAL,TR-03,Entregado
ORD-13920,2026-02-05 15:00:00,2026-02-07 02:00:00,2026-02-10 05:00:00,MED,TR-03,Entregado
ORD-13921,2026-06-22 11:00:00,2026-06-23 20:00:00,2026-06-25 01:00:00,BOG,TR-02,Entregado
ORD-13922,2026-06-02 12:00:00,2026-06-03 17:00:00,2026-06-05 16:00:00,MED,TR-02,Entregado
ORD-13923,2026-06-07 19:00:00,2026-06-08 22:00:00,2026-06-10 19:00:00,BGA,TR-03,Entregado
ORD-13924,2026-01-29 16:00:00,2026-01-30 21:00:00,2026-02-01 19:00:00,MED,TR-04,Entregado
ORD-13925,2026-02-20 15:00:00,2026-02-24 17:00:00,2026-02-27 18:00:00,BAQ,TR-04,Entregado
ORD-13926,2026-01-14 12:00:00,2026-01-15 20:00:00,2026-01-17 17:00:00,CAL,TR-03,Entregado
ORD-13927,2026-05-26 17:00:00,2026-05-28 04:00:00,2026-05-29 01:00:00,CAL,TR-04,Entregado
ORD-13928,2026-02-26 10:00:00,2026-02-27 21:00:00,2026-03-01 20:00:00,BOG,TR-02,Entregado
ORD-13929,2026-01-12 09:00:00,2026-01-13 14:00:00,2026-01-16 12:00:00,MED,TR-02,Entregado
ORD-13930,2026-01-17 15:00:00,2026-01-22 02:00:00,2026-01-23 04:00:00,CAL,TR-03,Entregado
ORD-13931,2026-04-09 14:00:00,2026-04-10 19:00:00,2026-04-12 00:00:00,BOG,TR-02,Entregado
ORD-13932,2026-05-09 19:00:00,2026-05-14 03:00:00,2026-05-15 23:00:00,BAQ,TR-03,Entregado
ORD-13933,2026-01-09 19:00:00,2026-01-14 06:00:00,2026-01-15 06:00:00,BGA,TR-03,Entregado
ORD-13934,2026-06-01 19:00:00,2026-06-02 22:00:00,2026-06-03 21:00:00,BOG,TR-04,Entregado
ORD-13935,2026-06-12 13:00:00,2026-06-15 21:00:00,2026-06-16 20:00:00,BOG,TR-04,Entregado
ORD-13936,2026-01-27 10:00:00,2026-01-28 17:00:00,2026-01-29 17:00:00,BGA,TR-03,Entregado
ORD-13937,2026-04-19 19:00:00,2026-04-20 23:00:00,2026-04-27 02:00:00,BGA,TR-04,Entregado
ORD-13938,2026-05-28 08:00:00,2026-05-29 12:00:00,2026-05-30 10:00:00,BOG,TR-01,Entregado
ORD-13939,2026-06-26 08:00:00,2026-06-29 16:00:00,2026-07-01 21:00:00,CAL,TR-03,Entregado
ORD-13940,2026-01-10 18:00:00,2026-01-13 21:00:00,2026-01-15 01:00:00,MED,TR-01,Entregado
ORD-13941,2026-02-28 14:00:00,2026-03-04 17:00:00,2026-03-05 14:00:00,MED,TR-02,Entregado
ORD-13942,2026-05-04 13:00:00,2026-05-05 22:00:00,2026-05-06 21:00:00,CAL,TR-02,Entregado
ORD-13943,2026-05-26 18:00:00,2026-05-28 03:00:00,2026-05-30 01:00:00,MED,TR-03,Entregado
ORD-13944,2026-01-18 18:00:00,2026-01-20 02:00:00,2026-01-21 03:00:00,BOG,TR-01,Entregado
ORD-13945,2026-06-16 08:00:00,2026-06-17 15:00:00,2026-06-19 20:00:00,CAL,TR-04,Entregado
ORD-13946,2026-03-23 19:00:00,2026-03-25 06:00:00,2026-03-27 10:00:00,MED,TR-02,Entregado
ORD-13947,2026-03-13 13:00:00,2026-03-18 00:00:00,2026-03-21 05:00:00,MED,TR-03,Entregado
ORD-13948,2026-06-11 14:00:00,2026-06-12 21:00:00,2026-06-14 17:00:00,BOG,TR-01,Entregado
ORD-13949,2026-06-13 09:00:00,2026-06-16 19:00:00,2026-06-20 00:00:00,BAQ,TR-01,Entregado
ORD-13950,2026-02-07 18:00:00,2026-02-11 04:00:00,2026-02-13 02:00:00,MED,TR-01,Entregado
ORD-13951,2026-05-17 18:00:00,2026-05-19 00:00:00,2026-05-20 01:00:00,BOG,TR-03,Entregado
ORD-13952,2026-06-28 10:00:00,2026-06-29 21:00:00,2026-07-01 23:00:00,MED,TR-02,Entregado
ORD-13953,2026-03-23 12:00:00,2026-03-24 15:00:00,2026-03-27 12:00:00,BAQ,TR-01,Entregado
ORD-13954,2026-05-22 19:00:00,2026-05-26 03:00:00,2026-05-27 06:00:00,CAL,TR-03,Entregado
ORD-13955,2026-06-07 11:00:00,2026-06-08 13:00:00,2026-06-09 18:00:00,CAL,TR-04,Entregado
ORD-13956,2026-06-16 11:00:00,2026-06-17 14:00:00,2026-06-18 16:00:00,BOG,TR-01,Entregado
ORD-13957,2026-06-02 19:00:00,2026-06-04 05:00:00,2026-06-09 09:00:00,BGA,TR-04,Entregado
ORD-13958,2026-05-30 14:00:00,2026-06-02 23:00:00,2026-06-05 03:00:00,BGA,TR-03,Entregado
ORD-13959,2026-02-17 11:00:00,2026-02-18 20:00:00,2026-02-20 23:00:00,CAL,TR-04,Entregado
ORD-13960,2026-05-05 13:00:00,2026-05-06 15:00:00,2026-05-07 12:00:00,BOG,TR-04,Entregado
ORD-13961,2026-02-24 11:00:00,2026-02-25 16:00:00,2026-02-27 17:00:00,MED,TR-04,Entregado
ORD-13962,2026-03-29 16:00:00,2026-03-31 02:00:00,2026-04-02 03:00:00,CAL,TR-02,Entregado
ORD-13963,2026-01-01 14:00:00,2026-01-02 17:00:00,2026-01-03 19:00:00,BOG,TR-02,Entregado
ORD-13964,2026-04-05 19:00:00,2026-04-07 03:00:00,2026-04-08 05:00:00,MED,TR-03,Entregado
ORD-13965,2026-04-16 12:00:00,2026-04-17 15:00:00,2026-04-18 17:00:00,BOG,TR-01,Entregado
ORD-13966,2026-04-18 09:00:00,2026-04-22 12:00:00,2026-04-23 11:00:00,BGA,TR-02,Entregado
ORD-13967,2026-02-11 13:00:00,2026-02-12 20:00:00,2026-02-13 21:00:00,BOG,TR-01,Entregado
ORD-13968,2026-05-04 19:00:00,2026-05-06 05:00:00,2026-05-09 04:00:00,MED,TR-02,Entregado
ORD-13969,2026-04-13 09:00:00,2026-04-14 13:00:00,2026-04-15 16:00:00,CAL,TR-04,Entregado
ORD-13970,2026-03-15 19:00:00,2026-03-16 22:00:00,2026-03-18 00:00:00,MED,TR-03,Entregado
ORD-13971,2026-05-02 08:00:00,2026-05-05 12:00:00,2026-05-06 08:00:00,BOG,TR-03,Entregado
ORD-13972,2026-03-12 16:00:00,2026-03-14 03:00:00,2026-03-15 04:00:00,MED,TR-04,Entregado
ORD-13973,2026-04-29 09:00:00,2026-04-30 17:00:00,2026-05-05 21:00:00,BAQ,TR-02,Entregado
ORD-13974,2026-02-14 17:00:00,2026-02-17 19:00:00,2026-02-18 18:00:00,BOG,TR-04,Entregado
ORD-13975,2026-06-28 09:00:00,2026-06-29 15:00:00,2026-06-30 11:00:00,BOG,TR-01,Entregado
ORD-13976,2026-02-13 13:00:00,2026-02-17 18:00:00,2026-02-22 23:00:00,BAQ,TR-02,Entregado
ORD-13977,2026-06-27 12:00:00,2026-06-30 18:00:00,2026-07-03 14:00:00,MED,TR-01,Entregado
ORD-13978,2026-06-09 10:00:00,2026-06-10 12:00:00,2026-06-13 09:00:00,MED,TR-01,Entregado
ORD-13979,2026-01-03 13:00:00,2026-01-07 19:00:00,2026-01-12 19:00:00,BGA,TR-04,Entregado
ORD-13980,2026-03-27 17:00:00,2026-03-31 01:00:00,2026-04-01 02:00:00,BOG,TR-04,Entregado
ORD-13981,2026-02-20 10:00:00,2026-02-23 19:00:00,2026-02-27 00:00:00,CAL,TR-01,Entregado
ORD-13982,2026-03-17 08:00:00,2026-03-18 12:00:00,2026-03-20 09:00:00,CAL,TR-01,Entregado
ORD-13983,2026-01-07 15:00:00,2026-01-08 22:00:00,2026-01-10 02:00:00,MED,TR-03,Entregado
ORD-13984,2026-03-07 11:00:00,2026-03-10 17:00:00,2026-03-12 16:00:00,BOG,TR-04,Entregado
ORD-13985,2026-05-18 14:00:00,2026-05-19 16:00:00,2026-05-20 19:00:00,BOG,TR-02,Entregado
ORD-13986,2026-03-29 08:00:00,2026-03-30 16:00:00,2026-03-31 18:00:00,BOG,TR-02,Entregado
ORD-13987,2026-02-21 13:00:00,2026-02-25 17:00:00,2026-02-26 15:00:00,MED,TR-02,Entregado
ORD-13988,2026-03-10 17:00:00,2026-03-12 00:00:00,2026-03-13 23:00:00,MED,TR-02,Entregado
ORD-13989,2026-05-17 18:00:00,2026-05-19 05:00:00,2026-05-22 03:00:00,MED,TR-04,Entregado
ORD-13990,2026-01-21 15:00:00,2026-01-22 23:00:00,2026-01-23 19:00:00,BOG,TR-04,Entregado
ORD-13991,2026-01-04 15:00:00,2026-01-05 18:00:00,2026-01-08 21:00:00,BGA,TR-02,Entregado
ORD-13992,2026-01-03 11:00:00,2026-01-06 18:00:00,2026-01-07 23:00:00,BOG,TR-01,Entregado
ORD-13993,2026-04-11 15:00:00,2026-04-15 00:00:00,2026-04-16 02:00:00,MED,TR-01,Entregado
ORD-13994,2026-06-25 13:00:00,2026-06-26 17:00:00,2026-06-27 18:00:00,MED,TR-03,Entregado
ORD-13995,2026-02-04 15:00:00,2026-02-05 20:00:00,2026-02-08 00:00:00,BGA,TR-01,Entregado
ORD-13996,2026-04-18 16:00:00,2026-04-22 22:00:00,2026-04-25 22:00:00,CAL,TR-03,Entregado
ORD-13997,2026-02-09 11:00:00,2026-02-10 22:00:00,2026-02-13 18:00:00,MED,TR-02,Entregado
ORD-13998,2026-02-15 18:00:00,2026-02-17 04:00:00,2026-02-18 03:00:00,MED,TR-02,Entregado
ORD-13999,2026-01-06 08:00:00,2026-01-07 15:00:00,2026-01-08 11:00:00,BOG,TR-04,Entregado
ORD-14000,2026-06-13 15:00:00,2026-06-17 22:00:00,2026-06-19 21:00:00,CAL,TR-01,Entregado
ORD-14001,2026-04-09 08:00:00,2026-04-10 16:00:00,2026-04-13 14:00:00,BGA,TR-02,Entregado
ORD-14002,2026-01-02 16:00:00,2026-01-06 21:00:00,2026-01-08 21:00:00,MED,TR-02,Entregado
ORD-14003,2026-03-18 11:00:00,2026-03-19 13:00:00,2026-03-21 09:00:00,MED,TR-02,Entregado
ORD-14004,2026-03-07 11:00:00,2026-03-11 19:00:00,2026-03-12 23:00:00,MED,TR-04,Entregado
ORD-14005,2026-04-02 18:00:00,2026-04-03 20:00:00,2026-04-07 23:00:00,BAQ,TR-03,Entregado
ORD-14006,2026-01-22 18:00:00,2026-01-24 02:00:00,2026-01-25 01:00:00,BOG,TR-01,Entregado
ORD-14007,2026-03-08 10:00:00,2026-03-09 17:00:00,2026-03-10 22:00:00,BOG,TR-03,Entregado
ORD-14008,2026-05-20 15:00:00,2026-05-22 01:00:00,2026-05-22 22:00:00,BOG,TR-03,Entregado
ORD-14009,2026-03-10 11:00:00,2026-03-11 16:00:00,2026-03-12 19:00:00,MED,TR-04,Entregado
ORD-14010,2026-04-13 14:00:00,2026-04-14 21:00:00,2026-04-16 22:00:00,MED,TR-03,Entregado
ORD-14011,2026-01-13 16:00:00,2026-01-15 03:00:00,2026-01-18 06:00:00,CAL,TR-01,Entregado
ORD-14012,2026-02-26 12:00:00,2026-02-27 14:00:00,2026-02-28 16:00:00,BOG,TR-03,Entregado
ORD-14013,2026-01-12 15:00:00,2026-01-13 20:00:00,2026-01-14 19:00:00,BOG,TR-02,Entregado
ORD-14014,2026-04-07 16:00:00,2026-04-09 03:00:00,2026-04-11 00:00:00,MED,TR-04,Entregado
ORD-14015,2026-02-09 13:00:00,2026-02-10 15:00:00,2026-02-11 13:00:00,BOG,TR-04,Entregado
ORD-14016,2026-03-21 10:00:00,2026-03-24 19:00:00,2026-03-26 15:00:00,MED,TR-01,Entregado
ORD-14017,2026-01-03 15:00:00,2026-01-08 02:00:00,2026-01-10 05:00:00,CAL,TR-04,Entregado
ORD-14018,2026-01-05 17:00:00,2026-01-06 21:00:00,2026-01-07 21:00:00,BOG,TR-02,Entregado
ORD-14019,2026-01-11 14:00:00,2026-01-12 21:00:00,2026-01-15 22:00:00,MED,TR-01,Entregado
ORD-14020,2026-04-27 15:00:00,2026-04-28 21:00:00,2026-05-04 21:00:00,BGA,TR-04,Entregado
ORD-14021,2026-05-18 17:00:00,2026-05-20 03:00:00,2026-05-21 06:00:00,BOG,TR-01,Entregado
ORD-14022,2026-04-26 09:00:00,2026-04-27 19:00:00,2026-04-28 17:00:00,BOG,TR-03,Entregado
ORD-14023,2026-03-08 15:00:00,2026-03-09 20:00:00,2026-03-10 21:00:00,BOG,TR-01,Entregado
ORD-14024,2026-01-31 18:00:00,2026-02-03 22:00:00,2026-02-05 21:00:00,MED,TR-02,Entregado
ORD-14025,2026-03-12 09:00:00,2026-03-13 12:00:00,2026-03-14 11:00:00,CAL,TR-01,Entregado
ORD-14026,2026-03-11 16:00:00,2026-03-13 01:00:00,2026-03-14 05:00:00,BOG,TR-02,Entregado
ORD-14027,2026-06-09 11:00:00,2026-06-10 13:00:00,2026-06-11 17:00:00,BOG,TR-03,Entregado
ORD-14028,2026-06-27 16:00:00,2026-07-01 22:00:00,2026-07-05 03:00:00,BAQ,TR-03,Entregado
ORD-14029,2026-05-20 14:00:00,2026-05-21 20:00:00,2026-05-23 22:00:00,MED,TR-03,Entregado
ORD-14030,2026-02-08 08:00:00,2026-02-09 17:00:00,2026-02-11 14:00:00,BOG,TR-04,Entregado
ORD-14031,2026-02-14 18:00:00,2026-02-17 23:00:00,2026-02-19 23:00:00,MED,TR-04,Entregado
ORD-14032,2026-03-11 14:00:00,2026-03-12 20:00:00,2026-03-13 19:00:00,BOG,TR-04,Entregado
ORD-14033,2026-04-01 13:00:00,2026-04-02 23:00:00,2026-04-05 02:00:00,BGA,TR-01,Entregado
ORD-14034,2026-06-15 09:00:00,2026-06-16 15:00:00,2026-06-17 18:00:00,BOG,TR-03,Entregado
ORD-14035,2026-03-25 16:00:00,2026-03-26 18:00:00,2026-03-29 23:00:00,BAQ,TR-03,Entregado
ORD-14036,2026-03-20 19:00:00,2026-03-25 04:00:00,2026-03-28 04:00:00,MED,TR-03,Entregado
ORD-14037,2026-04-23 15:00:00,2026-04-24 17:00:00,2026-04-27 19:00:00,MED,TR-01,Entregado
ORD-14038,2026-06-14 08:00:00,2026-06-15 19:00:00,2026-06-17 00:00:00,MED,TR-02,Entregado
ORD-14039,2026-02-21 08:00:00,2026-02-25 10:00:00,2026-02-28 12:00:00,CAL,TR-01,Entregado
ORD-14040,2026-01-22 09:00:00,2026-01-23 13:00:00,2026-01-25 18:00:00,MED,TR-02,Entregado
ORD-14041,2026-05-13 14:00:00,2026-05-14 17:00:00,2026-05-15 16:00:00,BOG,TR-02,Entregado
ORD-14042,2026-01-18 13:00:00,2026-01-19 18:00:00,2026-01-22 22:00:00,CAL,TR-02,Entregado
ORD-14043,2026-04-28 12:00:00,2026-04-29 19:00:00,2026-04-30 22:00:00,MED,TR-01,Entregado
ORD-14044,2026-02-06 10:00:00,2026-02-09 15:00:00,2026-02-12 15:00:00,BGA,TR-02,Entregado
ORD-14045,2026-03-05 17:00:00,2026-03-06 20:00:00,2026-03-09 23:00:00,MED,TR-03,Entregado
ORD-14046,2026-03-20 17:00:00,2026-03-23 21:00:00,2026-03-24 20:00:00,BOG,TR-04,Entregado
ORD-14047,2026-05-03 19:00:00,2026-05-05 02:00:00,2026-05-06 05:00:00,BOG,TR-02,Entregado
ORD-14048,2026-03-23 14:00:00,2026-03-25 01:00:00,2026-03-26 22:00:00,BOG,TR-01,Entregado
ORD-14049,2026-01-16 13:00:00,2026-01-20 15:00:00,2026-01-23 16:00:00,MED,TR-01,Entregado
ORD-14050,2026-04-12 10:00:00,2026-04-13 15:00:00,2026-04-14 17:00:00,BOG,TR-03,Entregado
ORD-14051,2026-04-08 19:00:00,2026-04-09 22:00:00,,BOG,TR-02,Devuelto
ORD-14052,2026-01-02 16:00:00,2026-01-05 21:00:00,2026-01-08 02:00:00,BAQ,TR-03,Entregado
ORD-14053,2026-02-28 12:00:00,2026-03-04 18:00:00,2026-03-05 20:00:00,BOG,TR-01,Entregado
ORD-14054,2026-04-29 19:00:00,2026-05-01 06:00:00,2026-05-02 03:00:00,MED,TR-04,Entregado
ORD-14055,2026-02-14 11:00:00,2026-02-18 15:00:00,2026-02-20 18:00:00,BOG,TR-01,Entregado
ORD-14056,2026-01-24 18:00:00,2026-01-29 05:00:00,2026-01-31 10:00:00,MED,TR-01,Entregado
ORD-14057,2026-04-04 17:00:00,2026-04-09 04:00:00,2026-04-11 05:00:00,MED,TR-02,Entregado
ORD-14058,2026-06-04 17:00:00,2026-06-05 20:00:00,2026-06-07 19:00:00,CAL,TR-03,Entregado
ORD-14059,2026-05-08 14:00:00,2026-05-11 22:00:00,2026-05-13 02:00:00,MED,TR-04,Entregado
ORD-14060,2026-06-19 12:00:00,2026-06-23 19:00:00,2026-06-24 18:00:00,BOG,TR-04,Entregado
ORD-14061,2026-02-07 12:00:00,2026-02-10 15:00:00,2026-02-12 17:00:00,BOG,TR-03,Entregado
ORD-14062,2026-02-22 17:00:00,2026-02-23 23:00:00,2026-02-24 23:00:00,BOG,TR-02,Entregado
ORD-14063,2026-02-17 10:00:00,2026-02-18 12:00:00,2026-02-21 10:00:00,CAL,TR-02,Entregado
ORD-14064,2026-05-17 13:00:00,2026-05-18 23:00:00,2026-05-21 04:00:00,MED,TR-01,Entregado
ORD-14065,2026-05-05 17:00:00,2026-05-06 22:00:00,2026-05-08 18:00:00,MED,TR-04,Entregado
ORD-14066,2026-06-28 14:00:00,2026-06-29 18:00:00,2026-07-01 15:00:00,BOG,TR-03,Entregado
ORD-14067,2026-01-04 10:00:00,2026-01-05 18:00:00,2026-01-06 20:00:00,BOG,TR-01,Entregado
ORD-14068,2026-03-05 11:00:00,2026-03-06 20:00:00,2026-03-07 23:00:00,BOG,TR-04,Entregado
ORD-14069,2026-01-11 08:00:00,2026-01-12 12:00:00,2026-01-13 17:00:00,BOG,TR-02,Entregado
ORD-14070,2026-04-12 17:00:00,2026-04-13 22:00:00,2026-04-17 22:00:00,BAQ,TR-04,Entregado
ORD-14071,2026-06-04 08:00:00,2026-06-05 15:00:00,2026-06-06 19:00:00,MED,TR-02,Entregado
ORD-14072,2026-01-21 14:00:00,2026-01-22 19:00:00,2026-01-24 19:00:00,BAQ,TR-01,Entregado
ORD-14073,2026-04-12 09:00:00,2026-04-13 20:00:00,2026-04-16 01:00:00,CAL,TR-03,Entregado
ORD-14074,2026-04-01 11:00:00,2026-04-02 18:00:00,2026-04-03 19:00:00,BOG,TR-04,Entregado
ORD-14075,2026-04-21 09:00:00,2026-04-22 11:00:00,2026-04-24 13:00:00,BOG,TR-04,Entregado
ORD-14076,2026-05-03 08:00:00,2026-05-04 15:00:00,2026-05-05 20:00:00,BOG,TR-04,Entregado
ORD-14077,2026-04-09 10:00:00,2026-04-10 16:00:00,2026-04-11 14:00:00,CAL,TR-01,Entregado
ORD-14078,2026-06-08 19:00:00,2026-06-10 03:00:00,2026-06-11 04:00:00,BOG,TR-03,Entregado
ORD-14079,2026-04-13 08:00:00,2026-04-14 11:00:00,2026-04-16 07:00:00,BOG,TR-04,Entregado
ORD-14080,2026-01-25 18:00:00,2026-01-26 21:00:00,2026-01-28 17:00:00,BGA,TR-01,Entregado
ORD-14081,2026-03-25 10:00:00,2026-03-26 18:00:00,2026-03-29 20:00:00,MED,TR-02,Entregado
ORD-14082,2026-02-20 09:00:00,2026-02-24 16:00:00,2026-02-26 14:00:00,CAL,TR-03,Entregado
ORD-14083,2026-05-06 19:00:00,2026-05-08 04:00:00,2026-05-10 05:00:00,MED,TR-02,Entregado
ORD-14084,2026-03-10 16:00:00,2026-03-11 23:00:00,2026-03-14 01:00:00,MED,TR-01,Entregado
ORD-14085,2026-01-02 09:00:00,2026-01-06 15:00:00,2026-01-08 20:00:00,BOG,TR-02,Entregado
ORD-14086,2026-06-08 17:00:00,2026-06-10 04:00:00,2026-06-12 09:00:00,MED,TR-04,Entregado
ORD-14087,2026-04-24 19:00:00,2026-04-28 21:00:00,2026-04-29 22:00:00,BOG,TR-03,Entregado
ORD-14088,2026-06-13 13:00:00,2026-06-16 23:00:00,2026-06-18 01:00:00,BOG,TR-01,Entregado
ORD-14089,2026-03-26 08:00:00,2026-03-27 16:00:00,2026-03-28 12:00:00,BOG,TR-03,Entregado
ORD-14090,2026-03-11 08:00:00,2026-03-12 12:00:00,2026-03-14 14:00:00,CAL,TR-02,Entregado
ORD-14091,2026-05-11 17:00:00,2026-05-12 19:00:00,2026-05-13 21:00:00,BOG,TR-03,Entregado
ORD-14092,2026-05-13 17:00:00,2026-05-14 19:00:00,2026-05-15 17:00:00,BOG,TR-02,Entregado
ORD-14093,2026-03-31 13:00:00,2026-04-01 16:00:00,2026-04-03 18:00:00,CAL,TR-02,Entregado
ORD-14094,2026-01-26 15:00:00,2026-01-27 20:00:00,2026-01-28 21:00:00,BOG,TR-03,Entregado
ORD-14095,2026-01-05 18:00:00,2026-01-07 01:00:00,2026-01-08 06:00:00,MED,TR-01,Entregado
ORD-14096,2026-05-24 08:00:00,2026-05-25 14:00:00,2026-05-27 16:00:00,MED,TR-04,Entregado
ORD-14097,2026-05-24 12:00:00,2026-05-25 22:00:00,2026-05-26 20:00:00,BOG,TR-04,Entregado
ORD-14098,2026-01-03 11:00:00,2026-01-07 13:00:00,2026-01-09 14:00:00,BGA,TR-01,Entregado
ORD-14099,2026-02-16 15:00:00,2026-02-17 23:00:00,2026-02-18 19:00:00,BOG,TR-04,Entregado
ORD-14100,2026-02-24 18:00:00,2026-02-25 21:00:00,,BOG,TR-03,Devuelto
ORD-14101,2026-05-29 09:00:00,2026-06-02 20:00:00,2026-06-10 23:00:00,BGA,TR-04,Entregado
ORD-14102,2026-06-04 13:00:00,2026-06-06 00:00:00,2026-06-08 23:00:00,MED,TR-04,Entregado
ORD-14103,2026-03-31 17:00:00,2026-04-01 22:00:00,2026-04-04 23:00:00,MED,TR-02,Entregado
ORD-14104,2026-03-03 18:00:00,2026-03-04 22:00:00,2026-03-06 20:00:00,BGA,TR-01,Entregado
ORD-14105,2026-04-12 16:00:00,2026-04-13 19:00:00,2026-04-15 23:00:00,MED,TR-03,Entregado
ORD-14106,2026-05-19 15:00:00,2026-05-21 02:00:00,2026-05-24 04:00:00,MED,TR-03,Entregado
ORD-14107,2026-01-08 08:00:00,2026-01-09 18:00:00,2026-01-10 22:00:00,BOG,TR-02,Entregado
ORD-14108,2026-04-27 14:00:00,2026-04-28 16:00:00,2026-04-30 20:00:00,BOG,TR-02,Entregado
ORD-14109,2026-03-05 13:00:00,2026-03-06 17:00:00,2026-03-07 22:00:00,BOG,TR-04,Entregado
ORD-14110,2026-01-21 15:00:00,2026-01-22 19:00:00,2026-01-23 15:00:00,BOG,TR-03,Entregado
ORD-14111,2026-04-25 13:00:00,2026-04-29 15:00:00,2026-04-30 20:00:00,BOG,TR-02,Entregado
ORD-14112,2026-03-26 15:00:00,2026-03-27 17:00:00,2026-04-03 17:00:00,BGA,TR-04,Entregado
ORD-14113,2026-01-20 15:00:00,2026-01-21 17:00:00,2026-01-22 20:00:00,BOG,TR-02,Entregado
ORD-14114,2026-02-27 09:00:00,2026-03-02 20:00:00,2026-03-03 19:00:00,BOG,TR-01,Entregado
ORD-14115,2026-04-03 16:00:00,2026-04-07 19:00:00,2026-04-10 17:00:00,MED,TR-01,Entregado
ORD-14116,2026-01-15 17:00:00,2026-01-17 02:00:00,2026-01-19 04:00:00,CAL,TR-02,Entregado
ORD-14117,2026-05-18 13:00:00,2026-05-19 15:00:00,2026-05-21 18:00:00,CAL,TR-02,Entregado
ORD-14118,2026-03-21 11:00:00,2026-03-24 20:00:00,2026-03-25 20:00:00,BOG,TR-02,Entregado
ORD-14119,2026-03-25 13:00:00,2026-03-26 20:00:00,2026-03-28 19:00:00,MED,TR-04,Entregado
ORD-14120,2026-02-06 13:00:00,2026-02-10 18:00:00,2026-02-11 20:00:00,BOG,TR-01,Entregado
ORD-14121,2026-03-12 14:00:00,2026-03-13 18:00:00,2026-03-18 22:00:00,BGA,TR-04,Entregado
ORD-14122,2026-06-18 15:00:00,2026-06-20 00:00:00,2026-06-22 20:00:00,BAQ,TR-02,Entregado
ORD-14123,2026-04-03 13:00:00,2026-04-07 00:00:00,2026-04-08 05:00:00,BOG,TR-03,Entregado
ORD-14124,2026-06-05 13:00:00,2026-06-09 15:00:00,2026-06-12 15:00:00,MED,TR-03,Entregado
ORD-14125,2026-06-08 12:00:00,2026-06-09 19:00:00,2026-06-10 20:00:00,BOG,TR-01,Entregado
ORD-14126,2026-03-14 16:00:00,2026-03-18 03:00:00,2026-03-21 00:00:00,CAL,TR-03,Entregado
ORD-14127,2026-04-01 15:00:00,2026-04-02 21:00:00,2026-04-04 18:00:00,BGA,TR-02,Entregado
ORD-14128,2026-03-31 10:00:00,2026-04-01 12:00:00,2026-04-03 17:00:00,CAL,TR-03,Entregado
ORD-14129,2026-02-18 18:00:00,2026-02-19 20:00:00,2026-02-28 01:00:00,BGA,TR-04,Entregado
ORD-14130,2026-03-13 14:00:00,2026-03-16 23:00:00,2026-03-19 02:00:00,BAQ,TR-01,Entregado
ORD-14131,2026-05-13 17:00:00,2026-05-15 01:00:00,2026-05-16 00:00:00,BGA,TR-02,Entregado
ORD-14132,2026-05-15 17:00:00,2026-05-19 03:00:00,2026-05-22 02:00:00,CAL,TR-02,Entregado
ORD-14133,2026-06-13 16:00:00,2026-06-16 23:00:00,2026-06-17 23:00:00,BOG,TR-04,Entregado
ORD-14134,2026-01-27 17:00:00,2026-01-28 20:00:00,2026-01-30 19:00:00,CAL,TR-01,Entregado
ORD-14135,2026-02-15 09:00:00,2026-02-16 13:00:00,2026-02-18 18:00:00,MED,TR-04,Entregado
ORD-14136,2026-01-25 16:00:00,2026-01-26 19:00:00,2026-01-28 17:00:00,MED,TR-02,Entregado
ORD-14137,2026-04-27 18:00:00,2026-04-29 04:00:00,2026-05-01 06:00:00,MED,TR-03,Entregado
ORD-14138,2026-05-09 14:00:00,2026-05-13 20:00:00,2026-05-15 21:00:00,CAL,TR-01,Entregado
ORD-14139,2026-03-15 17:00:00,2026-03-17 01:00:00,2026-03-19 02:00:00,BOG,TR-04,Entregado
ORD-14140,2026-06-29 16:00:00,2026-07-01 02:00:00,2026-07-03 05:00:00,BGA,TR-02,Entregado
ORD-14141,2026-05-05 10:00:00,2026-05-06 16:00:00,2026-05-11 18:00:00,BGA,TR-04,Entregado
ORD-14142,2026-01-06 17:00:00,2026-01-08 00:00:00,2026-01-10 05:00:00,BOG,TR-02,Entregado
ORD-14143,2026-03-11 12:00:00,2026-03-12 16:00:00,2026-03-15 14:00:00,CAL,TR-02,Entregado
ORD-14144,2026-03-07 17:00:00,2026-03-12 04:00:00,2026-03-14 07:00:00,MED,TR-01,Entregado
ORD-14145,2026-03-23 14:00:00,2026-03-25 00:00:00,2026-03-26 02:00:00,MED,TR-01,Entregado
ORD-14146,2026-01-02 19:00:00,2026-01-06 01:00:00,2026-01-08 06:00:00,MED,TR-04,Entregado
ORD-14147,2026-05-30 12:00:00,2026-06-03 17:00:00,2026-06-04 21:00:00,BOG,TR-01,Entregado
ORD-14148,2026-05-28 14:00:00,2026-05-30 01:00:00,2026-06-02 01:00:00,CAL,TR-03,Entregado
ORD-14149,2026-01-24 11:00:00,2026-01-28 21:00:00,2026-02-01 02:00:00,BAQ,TR-04,Entregado
ORD-14150,2026-03-06 08:00:00,2026-03-10 15:00:00,,MED,TR-01,Perdido
ORD-14151,2026-05-09 12:00:00,2026-05-13 23:00:00,2026-05-15 22:00:00,BAQ,TR-02,Entregado
ORD-14152,2026-04-26 16:00:00,2026-04-27 22:00:00,2026-04-29 20:00:00,MED,TR-04,Entregado
ORD-14153,2026-01-03 14:00:00,2026-01-06 22:00:00,2026-01-09 00:00:00,CAL,TR-03,Entregado
ORD-14154,2026-03-16 15:00:00,2026-03-17 20:00:00,2026-03-20 00:00:00,CAL,TR-02,Entregado
ORD-14155,2026-02-14 17:00:00,2026-02-19 00:00:00,2026-02-24 22:00:00,BGA,TR-04,Entregado
ORD-14156,2026-03-18 08:00:00,2026-03-19 12:00:00,2026-03-20 11:00:00,BOG,TR-03,Entregado
ORD-14157,2026-01-24 17:00:00,2026-01-29 00:00:00,2026-01-29 23:00:00,BOG,TR-03,Entregado
ORD-14158,2026-02-04 15:00:00,2026-02-06 01:00:00,2026-02-10 02:00:00,BAQ,TR-04,Entregado
ORD-14159,2026-01-28 11:00:00,2026-01-29 16:00:00,2026-01-31 20:00:00,CAL,TR-02,Entregado
ORD-14160,2026-01-16 18:00:00,2026-01-20 21:00:00,2026-01-21 17:00:00,BOG,TR-01,Entregado
ORD-14161,2026-05-24 16:00:00,2026-05-25 19:00:00,2026-05-26 19:00:00,BGA,TR-03,Entregado
ORD-14162,2026-01-11 08:00:00,2026-01-12 14:00:00,2026-01-14 11:00:00,BGA,TR-02,Entregado
ORD-14163,2026-03-20 17:00:00,2026-03-23 21:00:00,2026-03-24 22:00:00,BOG,TR-03,Entregado
ORD-14164,2026-04-25 11:00:00,2026-04-28 14:00:00,2026-04-29 13:00:00,MED,TR-02,Entregado
ORD-14165,2026-02-12 12:00:00,2026-02-13 17:00:00,2026-02-14 15:00:00,BOG,TR-01,Entregado
ORD-14166,2026-05-21 17:00:00,2026-05-22 19:00:00,2026-05-25 23:00:00,MED,TR-03,Entregado
ORD-14167,2026-03-16 09:00:00,2026-03-17 13:00:00,2026-03-18 16:00:00,BOG,TR-01,Entregado
ORD-14168,2026-04-13 16:00:00,2026-04-14 18:00:00,2026-04-15 18:00:00,BOG,TR-01,Entregado
ORD-14169,2026-06-27 14:00:00,2026-06-30 18:00:00,2026-07-01 18:00:00,MED,TR-03,Entregado
ORD-14170,2026-02-28 14:00:00,2026-03-04 22:00:00,2026-03-11 23:00:00,BGA,TR-04,Entregado
ORD-14171,2026-01-03 19:00:00,2026-01-06 23:00:00,2026-01-09 21:00:00,BGA,TR-03,Entregado
ORD-14172,2026-01-07 08:00:00,2026-01-08 11:00:00,2026-01-09 11:00:00,BOG,TR-04,Entregado
ORD-14173,2026-01-26 08:00:00,2026-01-27 10:00:00,2026-01-28 09:00:00,BGA,TR-02,Entregado
ORD-14174,2026-04-11 09:00:00,2026-04-15 18:00:00,2026-04-22 22:00:00,BGA,TR-04,Entregado
ORD-14175,2026-05-07 14:00:00,2026-05-08 18:00:00,2026-05-10 19:00:00,BOG,TR-04,Entregado
ORD-14176,2026-06-09 11:00:00,2026-06-10 15:00:00,2026-06-13 16:00:00,CAL,TR-04,Entregado
ORD-14177,2026-01-20 09:00:00,2026-01-21 15:00:00,2026-01-23 14:00:00,BGA,TR-03,Entregado
ORD-14178,2026-04-27 11:00:00,2026-04-28 13:00:00,2026-04-30 09:00:00,CAL,TR-01,Entregado
ORD-14179,2026-02-01 19:00:00,2026-02-02 23:00:00,2026-02-03 22:00:00,BOG,TR-02,Entregado
ORD-14180,2026-03-18 08:00:00,2026-03-19 13:00:00,2026-03-21 14:00:00,BGA,TR-01,Entregado
ORD-14181,2026-02-25 10:00:00,2026-02-26 12:00:00,2026-03-01 12:00:00,BAQ,TR-01,Entregado
ORD-14182,2026-04-22 13:00:00,2026-04-23 16:00:00,2026-04-24 20:00:00,BGA,TR-01,Entregado
ORD-14183,2026-02-05 16:00:00,2026-02-07 03:00:00,2026-02-09 03:00:00,MED,TR-03,Entregado
ORD-14184,2026-03-21 17:00:00,2026-03-25 20:00:00,2026-03-28 00:00:00,BAQ,TR-03,Entregado
ORD-14185,2026-03-24 08:00:00,2026-03-25 19:00:00,2026-03-29 00:00:00,CAL,TR-01,Entregado
ORD-14186,2026-03-10 10:00:00,2026-03-11 20:00:00,2026-03-14 00:00:00,BAQ,TR-01,Entregado
ORD-14187,2026-01-22 15:00:00,2026-01-24 00:00:00,2026-01-24 21:00:00,BOG,TR-04,Entregado
ORD-14188,2026-04-17 11:00:00,2026-04-21 17:00:00,2026-04-23 14:00:00,CAL,TR-01,Entregado
ORD-14189,2026-04-11 12:00:00,2026-04-14 22:00:00,2026-04-17 00:00:00,BOG,TR-03,Entregado
ORD-14190,2026-04-10 11:00:00,2026-04-14 14:00:00,2026-04-15 10:00:00,MED,TR-01,Entregado
ORD-14191,2026-03-09 11:00:00,2026-03-10 21:00:00,2026-03-11 19:00:00,BOG,TR-01,Entregado
ORD-14192,2026-06-29 12:00:00,2026-06-30 22:00:00,2026-07-01 18:00:00,BOG,TR-01,Entregado
ORD-14193,2026-06-27 16:00:00,2026-07-01 22:00:00,2026-07-03 21:00:00,MED,TR-01,Entregado
ORD-14194,2026-05-26 13:00:00,2026-05-27 21:00:00,2026-05-30 02:00:00,BGA,TR-03,Entregado
ORD-14195,2026-03-07 12:00:00,2026-03-11 19:00:00,2026-03-12 18:00:00,BOG,TR-02,Entregado
ORD-14196,2026-04-10 19:00:00,2026-04-14 05:00:00,2026-04-15 01:00:00,BOG,TR-03,Entregado
ORD-14197,2026-04-13 14:00:00,2026-04-14 16:00:00,2026-04-15 16:00:00,BOG,TR-01,Entregado
ORD-14198,2026-01-29 13:00:00,2026-01-30 19:00:00,,BOG,TR-02,Perdido
ORD-14199,2026-03-31 12:00:00,2026-04-01 21:00:00,2026-04-05 01:00:00,MED,TR-02,Entregado
ORD-14200,2026-01-17 19:00:00,2026-01-21 00:00:00,2026-01-22 21:00:00,CAL,TR-02,Entregado
ORD-14201,2026-06-08 10:00:00,2026-06-09 15:00:00,2026-06-12 14:00:00,BGA,TR-02,Entregado
ORD-14202,2026-03-14 08:00:00,2026-03-17 15:00:00,2026-03-20 17:00:00,MED,TR-02,Entregado
ORD-14203,2026-04-11 09:00:00,2026-04-14 17:00:00,2026-04-15 19:00:00,BOG,TR-03,Entregado
ORD-14204,2026-06-25 18:00:00,2026-06-27 01:00:00,2026-06-28 01:00:00,BGA,TR-03,Entregado
ORD-14205,2026-04-07 10:00:00,2026-04-08 12:00:00,2026-04-11 11:00:00,CAL,TR-02,Entregado
ORD-14206,2026-04-13 17:00:00,2026-04-15 02:00:00,2026-04-17 04:00:00,MED,TR-04,Entregado
ORD-14207,2026-06-28 11:00:00,2026-06-29 16:00:00,2026-06-30 17:00:00,BOG,TR-03,Entregado
ORD-14208,2026-01-02 10:00:00,2026-01-06 18:00:00,2026-01-08 14:00:00,BOG,TR-02,Entregado
ORD-14209,2026-02-10 10:00:00,2026-02-11 18:00:00,2026-02-12 14:00:00,BOG,TR-01,Entregado
ORD-14210,2026-05-03 12:00:00,2026-05-04 15:00:00,2026-05-07 14:00:00,CAL,TR-01,Entregado
ORD-14211,2026-03-23 11:00:00,2026-03-24 22:00:00,2026-03-26 18:00:00,MED,TR-01,Entregado
ORD-14212,2026-05-20 14:00:00,2026-05-21 20:00:00,2026-05-23 21:00:00,MED,TR-03,Entregado
ORD-14213,2026-01-14 14:00:00,2026-01-15 19:00:00,2026-01-22 23:00:00,BGA,TR-04,Entregado
ORD-14214,2026-01-12 10:00:00,2026-01-13 20:00:00,2026-01-15 21:00:00,BOG,TR-04,Entregado
ORD-14215,2026-05-13 08:00:00,2026-05-14 14:00:00,2026-05-15 10:00:00,MED,TR-03,Entregado
ORD-14216,2026-04-16 17:00:00,2026-04-17 23:00:00,2026-04-19 01:00:00,BOG,TR-03,Entregado
ORD-14217,2026-06-20 08:00:00,2026-06-23 10:00:00,2026-06-25 12:00:00,MED,TR-01,Entregado
ORD-14218,2026-03-10 17:00:00,2026-03-12 02:00:00,2026-03-17 05:00:00,BGA,TR-04,Entregado
ORD-14219,2026-05-17 08:00:00,2026-05-18 14:00:00,2026-05-25 13:00:00,BGA,TR-04,Entregado
ORD-14220,2026-06-10 11:00:00,2026-06-11 21:00:00,2026-06-14 20:00:00,BAQ,TR-04,Entregado
ORD-14221,2026-04-10 09:00:00,2026-04-14 20:00:00,2026-04-19 22:00:00,BGA,TR-04,Entregado
ORD-14222,2026-01-09 16:00:00,2026-01-12 20:00:00,2026-01-13 19:00:00,MED,TR-03,Entregado
ORD-14223,2026-01-29 09:00:00,2026-01-30 20:00:00,2026-02-02 21:00:00,MED,TR-01,Entregado
ORD-14224,2026-06-02 13:00:00,2026-06-03 22:00:00,2026-06-06 01:00:00,CAL,TR-01,Entregado
ORD-14225,2026-04-30 17:00:00,2026-05-01 19:00:00,2026-05-04 19:00:00,BGA,TR-02,Entregado
ORD-14226,2026-06-06 11:00:00,2026-06-10 16:00:00,2026-06-11 12:00:00,BOG,TR-04,Entregado
ORD-14227,2026-03-23 09:00:00,2026-03-24 13:00:00,2026-03-28 17:00:00,BAQ,TR-03,Entregado
ORD-14228,2026-06-26 19:00:00,2026-06-30 22:00:00,2026-07-02 20:00:00,CAL,TR-02,Entregado
ORD-14229,2026-03-16 10:00:00,2026-03-17 18:00:00,2026-03-18 18:00:00,BOG,TR-03,Entregado
ORD-14230,2026-04-24 17:00:00,2026-04-28 04:00:00,2026-04-29 03:00:00,BOG,TR-02,Entregado
ORD-14231,2026-03-05 13:00:00,2026-03-06 19:00:00,2026-03-09 19:00:00,CAL,TR-03,Entregado
ORD-14232,2026-06-22 17:00:00,2026-06-23 21:00:00,2026-06-24 17:00:00,MED,TR-02,Entregado
ORD-14233,2026-01-20 17:00:00,2026-01-22 04:00:00,2026-01-23 07:00:00,MED,TR-01,Entregado
ORD-14234,2026-04-22 16:00:00,2026-04-23 21:00:00,2026-04-29 01:00:00,BGA,TR-04,Entregado
ORD-14235,2026-02-26 13:00:00,2026-02-27 21:00:00,2026-03-03 01:00:00,BAQ,TR-02,Entregado
ORD-14236,2026-04-29 08:00:00,2026-04-30 12:00:00,2026-05-03 12:00:00,CAL,TR-03,Entregado
ORD-14237,2026-04-02 11:00:00,2026-04-03 19:00:00,2026-04-06 23:00:00,MED,TR-03,Entregado
ORD-14238,2026-02-06 15:00:00,2026-02-11 00:00:00,2026-02-11 20:00:00,BOG,TR-03,Entregado
ORD-14239,2026-02-13 09:00:00,2026-02-16 13:00:00,2026-02-17 14:00:00,MED,TR-04,Entregado
ORD-14240,2026-05-13 13:00:00,2026-05-14 20:00:00,2026-05-16 00:00:00,BOG,TR-04,Entregado
ORD-14241,2026-03-10 16:00:00,2026-03-11 20:00:00,2026-03-12 19:00:00,MED,TR-03,Entregado
ORD-14242,2026-02-01 08:00:00,2026-02-02 18:00:00,2026-02-03 20:00:00,MED,TR-01,Entregado
ORD-14243,2026-05-06 10:00:00,2026-05-07 20:00:00,2026-05-10 16:00:00,BAQ,TR-03,Entregado
ORD-14244,2026-01-30 09:00:00,2026-02-03 11:00:00,2026-02-04 14:00:00,MED,TR-01,Entregado
ORD-14245,2026-01-29 10:00:00,2026-01-30 16:00:00,2026-02-01 20:00:00,CAL,TR-04,Entregado
ORD-14246,2026-01-30 16:00:00,2026-02-02 21:00:00,2026-02-03 18:00:00,BOG,TR-04,Entregado
ORD-14247,2026-06-03 09:00:00,2026-06-04 11:00:00,2026-06-05 09:00:00,MED,TR-01,Entregado
ORD-14248,2026-03-03 10:00:00,2026-03-04 20:00:00,2026-03-06 19:00:00,BOG,TR-04,Entregado
ORD-14249,2026-06-23 11:00:00,2026-06-24 19:00:00,2026-06-25 21:00:00,BOG,TR-04,Entregado
ORD-14250,2026-01-25 10:00:00,2026-01-26 17:00:00,2026-01-29 22:00:00,BAQ,TR-01,Entregado
ORD-14251,2026-05-21 14:00:00,2026-05-23 00:00:00,2026-05-23 21:00:00,MED,TR-03,Entregado
ORD-14252,2026-02-13 10:00:00,2026-02-17 14:00:00,2026-02-19 11:00:00,BGA,TR-03,Entregado
ORD-14253,2026-02-24 14:00:00,2026-02-25 21:00:00,2026-02-26 23:00:00,BOG,TR-04,Entregado
ORD-14254,2026-05-17 09:00:00,2026-05-18 17:00:00,2026-05-19 13:00:00,BOG,TR-04,Entregado
ORD-14255,2026-02-10 19:00:00,2026-02-11 22:00:00,2026-02-14 23:00:00,CAL,TR-04,Entregado
ORD-14256,2026-03-05 19:00:00,2026-03-07 05:00:00,,BGA,TR-02,Devuelto
ORD-14257,2026-02-16 09:00:00,2026-02-17 14:00:00,2026-02-19 18:00:00,BGA,TR-01,Entregado
ORD-14258,2026-04-06 09:00:00,2026-04-07 13:00:00,2026-04-08 16:00:00,BOG,TR-03,Entregado
ORD-14259,2026-03-18 12:00:00,2026-03-19 19:00:00,2026-03-22 15:00:00,MED,TR-02,Entregado
ORD-14260,2026-02-27 17:00:00,2026-03-04 03:00:00,2026-03-05 00:00:00,BOG,TR-02,Entregado
ORD-14261,2026-02-13 17:00:00,2026-02-17 01:00:00,2026-02-19 00:00:00,BOG,TR-01,Entregado
ORD-14262,2026-02-25 18:00:00,2026-02-26 22:00:00,2026-02-28 00:00:00,BGA,TR-03,Entregado
ORD-14263,2026-05-07 16:00:00,2026-05-09 03:00:00,2026-05-11 02:00:00,BOG,TR-02,Entregado
ORD-14264,2026-06-11 12:00:00,2026-06-12 17:00:00,2026-06-13 14:00:00,CAL,TR-04,Entregado
ORD-14265,2026-01-30 14:00:00,2026-02-02 23:00:00,,MED,TR-04,Perdido
ORD-14266,2026-04-28 14:00:00,2026-04-30 01:00:00,2026-05-02 23:00:00,MED,TR-02,Entregado
ORD-14267,2026-03-08 10:00:00,2026-03-09 19:00:00,2026-03-10 17:00:00,BOG,TR-02,Entregado
ORD-14268,2026-01-26 16:00:00,2026-01-27 22:00:00,2026-01-28 22:00:00,BOG,TR-02,Entregado
ORD-14269,2026-05-06 15:00:00,2026-05-07 21:00:00,2026-05-10 22:00:00,BAQ,TR-01,Entregado
ORD-14270,2026-02-22 13:00:00,2026-02-23 16:00:00,2026-02-25 15:00:00,MED,TR-02,Entregado
ORD-14271,2026-02-12 19:00:00,2026-02-14 03:00:00,2026-02-15 05:00:00,BOG,TR-02,Entregado
ORD-14272,2026-02-18 17:00:00,2026-02-19 22:00:00,2026-02-22 01:00:00,BGA,TR-02,Entregado
ORD-14273,2026-01-11 14:00:00,2026-01-12 22:00:00,2026-01-13 18:00:00,BOG,TR-04,Entregado
ORD-14274,2026-04-08 17:00:00,2026-04-10 01:00:00,2026-04-13 06:00:00,MED,TR-01,Entregado
ORD-14275,2026-05-26 12:00:00,2026-05-27 14:00:00,2026-05-28 18:00:00,BOG,TR-04,Entregado
ORD-14276,2026-04-10 15:00:00,2026-04-14 21:00:00,2026-04-16 17:00:00,CAL,TR-03,Entregado
ORD-14277,2026-06-29 19:00:00,2026-06-30 21:00:00,2026-07-02 00:00:00,BOG,TR-02,Entregado
ORD-14278,2026-01-22 12:00:00,2026-01-23 17:00:00,2026-01-25 19:00:00,CAL,TR-03,Entregado
ORD-14279,2026-04-24 18:00:00,2026-04-29 00:00:00,2026-05-01 01:00:00,CAL,TR-01,Entregado
ORD-14280,2026-05-05 19:00:00,2026-05-07 01:00:00,2026-05-08 00:00:00,CAL,TR-04,Entregado
ORD-14281,2026-01-30 15:00:00,2026-02-03 23:00:00,2026-02-06 22:00:00,MED,TR-03,Entregado
ORD-14282,2026-04-08 16:00:00,2026-04-09 22:00:00,2026-04-11 02:00:00,BOG,TR-03,Entregado
ORD-14283,2026-04-21 16:00:00,2026-04-22 20:00:00,2026-04-26 00:00:00,CAL,TR-03,Entregado
ORD-14284,2026-04-25 11:00:00,2026-04-29 13:00:00,2026-05-02 11:00:00,BAQ,TR-01,Entregado
ORD-14285,2026-01-25 10:00:00,2026-01-26 20:00:00,2026-01-28 21:00:00,BOG,TR-02,Entregado
ORD-14286,2026-01-05 18:00:00,2026-01-07 00:00:00,2026-01-08 02:00:00,BOG,TR-03,Entregado
ORD-14287,2026-05-08 15:00:00,2026-05-12 17:00:00,2026-05-14 14:00:00,BOG,TR-01,Entregado
ORD-14288,2026-06-04 15:00:00,2026-06-05 23:00:00,2026-06-07 19:00:00,MED,TR-01,Entregado
ORD-14289,2026-01-26 18:00:00,2026-01-28 01:00:00,2026-01-30 03:00:00,MED,TR-01,Entregado
ORD-14290,2026-03-24 09:00:00,2026-03-25 11:00:00,2026-03-26 14:00:00,BOG,TR-03,Entregado
ORD-14291,2026-06-19 14:00:00,2026-06-23 00:00:00,2026-06-25 22:00:00,MED,TR-04,Entregado
ORD-14292,2026-06-18 08:00:00,2026-06-19 19:00:00,2026-06-20 22:00:00,MED,TR-02,Entregado
ORD-14293,2026-04-07 14:00:00,2026-04-08 16:00:00,2026-04-09 17:00:00,CAL,TR-04,Entregado
ORD-14294,2026-05-15 17:00:00,2026-05-20 01:00:00,2026-05-20 21:00:00,MED,TR-02,Entregado
ORD-14295,2026-04-06 19:00:00,2026-04-08 00:00:00,2026-04-11 01:00:00,BAQ,TR-03,Entregado
ORD-14296,2026-03-13 12:00:00,2026-03-17 14:00:00,2026-03-19 13:00:00,MED,TR-03,Entregado
ORD-14297,2026-04-16 19:00:00,2026-04-18 04:00:00,2026-04-19 08:00:00,BOG,TR-03,Entregado
ORD-14298,2026-04-27 12:00:00,2026-04-28 15:00:00,2026-04-29 13:00:00,BOG,TR-02,Entregado
ORD-14299,2026-06-26 17:00:00,2026-06-30 00:00:00,2026-07-01 05:00:00,BOG,TR-02,Entregado
ORD-14300,2026-05-13 13:00:00,2026-05-14 17:00:00,2026-05-15 18:00:00,BOG,TR-03,Entregado
ORD-14301,2026-01-13 19:00:00,2026-01-14 22:00:00,2026-01-15 19:00:00,BOG,TR-04,Entregado
ORD-14302,2026-06-10 18:00:00,2026-06-11 20:00:00,2026-06-13 20:00:00,BOG,TR-02,Entregado
ORD-14303,2026-01-23 08:00:00,2026-01-27 17:00:00,2026-01-30 18:00:00,CAL,TR-03,Entregado
ORD-14304,2026-01-18 09:00:00,2026-01-19 17:00:00,2026-01-21 13:00:00,MED,TR-04,Entregado
ORD-14305,2026-04-27 17:00:00,2026-04-29 00:00:00,2026-05-01 01:00:00,BAQ,TR-04,Entregado
ORD-14306,2026-05-24 14:00:00,2026-05-25 22:00:00,2026-05-26 18:00:00,BOG,TR-03,Entregado
ORD-14307,2026-06-10 17:00:00,2026-06-11 23:00:00,2026-06-13 21:00:00,BOG,TR-04,Entregado
ORD-14308,2026-06-25 08:00:00,2026-06-26 11:00:00,2026-06-28 09:00:00,CAL,TR-04,Entregado
ORD-14309,2026-06-15 09:00:00,2026-06-16 17:00:00,2026-06-18 14:00:00,BAQ,TR-02,Entregado
ORD-14310,2026-04-23 13:00:00,2026-04-24 20:00:00,2026-04-26 23:00:00,MED,TR-04,Entregado
ORD-14311,2026-02-15 09:00:00,2026-02-16 11:00:00,2026-02-17 11:00:00,BOG,TR-04,Entregado
ORD-14312,2026-06-15 17:00:00,2026-06-16 21:00:00,2026-06-18 22:00:00,CAL,TR-02,Entregado
ORD-14313,2026-05-26 18:00:00,2026-05-28 00:00:00,2026-05-28 21:00:00,BOG,TR-03,Entregado
ORD-14314,2026-06-18 15:00:00,2026-06-19 17:00:00,2026-06-21 13:00:00,BGA,TR-01,Entregado
ORD-14315,2026-03-15 08:00:00,2026-03-16 13:00:00,2026-03-19 14:00:00,BGA,TR-02,Entregado
ORD-14316,2026-06-06 17:00:00,2026-06-10 01:00:00,2026-06-11 01:00:00,BOG,TR-01,Entregado
ORD-14317,2026-03-11 13:00:00,2026-03-12 16:00:00,2026-03-15 19:00:00,CAL,TR-03,Entregado
ORD-14318,2026-01-06 17:00:00,2026-01-07 21:00:00,2026-01-10 00:00:00,MED,TR-02,Entregado
ORD-14319,2026-06-16 19:00:00,2026-06-18 06:00:00,2026-06-19 11:00:00,BOG,TR-04,Entregado
ORD-14320,2026-04-09 13:00:00,2026-04-10 22:00:00,2026-04-13 03:00:00,BOG,TR-01,Entregado
ORD-14321,2026-02-20 14:00:00,2026-02-23 18:00:00,2026-02-24 19:00:00,BOG,TR-03,Entregado
ORD-14322,2026-06-25 14:00:00,2026-06-26 17:00:00,2026-06-28 15:00:00,MED,TR-01,Entregado
ORD-14323,2026-04-14 09:00:00,2026-04-15 14:00:00,2026-04-17 14:00:00,BGA,TR-03,Entregado
ORD-14324,2026-03-30 12:00:00,2026-03-31 15:00:00,2026-04-01 14:00:00,BOG,TR-04,Entregado
ORD-14325,2026-05-18 12:00:00,2026-05-19 21:00:00,2026-05-20 22:00:00,BOG,TR-01,Entregado
ORD-14326,2026-01-09 11:00:00,2026-01-13 16:00:00,2026-01-14 21:00:00,BOG,TR-04,Entregado
ORD-14327,2026-05-10 16:00:00,2026-05-11 19:00:00,2026-05-12 23:00:00,BOG,TR-03,Entregado
ORD-14328,2026-01-13 09:00:00,2026-01-14 19:00:00,2026-01-16 00:00:00,BOG,TR-03,Entregado
ORD-14329,2026-02-20 17:00:00,2026-02-23 19:00:00,2026-02-26 15:00:00,CAL,TR-01,Entregado
ORD-14330,2026-02-03 10:00:00,2026-02-04 21:00:00,2026-02-10 19:00:00,BGA,TR-04,Entregado
ORD-14331,2026-05-11 17:00:00,2026-05-13 04:00:00,2026-05-14 07:00:00,BGA,TR-02,Entregado
ORD-14332,2026-04-30 18:00:00,2026-05-01 23:00:00,2026-05-03 03:00:00,BOG,TR-01,Entregado
ORD-14333,2026-03-11 14:00:00,2026-03-13 01:00:00,2026-03-15 00:00:00,BGA,TR-01,Entregado
ORD-14334,2026-06-25 08:00:00,2026-06-26 18:00:00,2026-06-28 19:00:00,BOG,TR-03,Entregado
ORD-14335,2026-05-27 10:00:00,2026-05-28 14:00:00,2026-05-30 16:00:00,MED,TR-02,Entregado
ORD-14336,2026-04-13 16:00:00,2026-04-15 01:00:00,2026-04-17 02:00:00,BOG,TR-03,Entregado
ORD-14337,2026-04-26 19:00:00,2026-04-28 04:00:00,2026-04-30 05:00:00,BGA,TR-02,Entregado
ORD-14338,2026-05-13 10:00:00,2026-05-14 19:00:00,2026-05-16 18:00:00,MED,TR-01,Entregado
ORD-14339,2026-05-19 16:00:00,2026-05-20 18:00:00,2026-05-21 14:00:00,CAL,TR-04,Entregado
ORD-14340,2026-04-04 11:00:00,2026-04-08 20:00:00,2026-04-11 18:00:00,BAQ,TR-02,Entregado
ORD-14341,2026-05-09 18:00:00,2026-05-12 22:00:00,2026-05-13 23:00:00,BOG,TR-01,Entregado
ORD-14342,2026-04-02 09:00:00,2026-04-03 19:00:00,2026-04-05 21:00:00,MED,TR-03,Entregado
ORD-14343,2026-01-12 16:00:00,2026-01-14 03:00:00,2026-01-16 02:00:00,BGA,TR-01,Entregado
ORD-14344,2026-05-10 12:00:00,2026-05-11 14:00:00,2026-05-14 11:00:00,BAQ,TR-02,Entregado
ORD-14345,2026-06-22 15:00:00,2026-06-23 20:00:00,2026-06-25 20:00:00,BOG,TR-03,Entregado
ORD-14346,2026-04-09 13:00:00,2026-04-10 20:00:00,2026-04-11 17:00:00,BOG,TR-04,Entregado
ORD-14347,2026-04-10 18:00:00,2026-04-15 03:00:00,2026-04-17 05:00:00,BOG,TR-04,Entregado
ORD-14348,2026-02-27 10:00:00,2026-03-03 21:00:00,2026-03-05 21:00:00,MED,TR-04,Entregado
ORD-14349,2026-05-23 19:00:00,2026-05-28 04:00:00,2026-05-30 01:00:00,BGA,TR-02,Entregado
ORD-14350,2026-04-05 17:00:00,2026-04-06 20:00:00,,BOG,TR-01,Devuelto
ORD-14351,2026-02-12 17:00:00,2026-02-13 22:00:00,2026-02-15 22:00:00,BOG,TR-02,Entregado
ORD-14352,2026-06-26 10:00:00,2026-06-30 17:00:00,2026-07-02 17:00:00,BGA,TR-02,Entregado
ORD-14353,2026-01-02 15:00:00,2026-01-05 22:00:00,2026-01-08 22:00:00,CAL,TR-01,Entregado
ORD-14354,2026-03-07 13:00:00,2026-03-11 23:00:00,2026-03-13 22:00:00,BOG,TR-04,Entregado
ORD-14355,2026-01-31 10:00:00,2026-02-03 19:00:00,2026-02-04 20:00:00,BOG,TR-04,Entregado
ORD-14356,2026-01-26 10:00:00,2026-01-27 14:00:00,2026-01-28 13:00:00,BOG,TR-04,Entregado
ORD-14357,2026-03-19 16:00:00,2026-03-20 18:00:00,2026-03-22 14:00:00,BOG,TR-02,Entregado
ORD-14358,2026-02-17 08:00:00,2026-02-18 18:00:00,2026-02-20 18:00:00,BAQ,TR-04,Entregado
ORD-14359,2026-03-08 13:00:00,2026-03-09 23:00:00,2026-03-11 00:00:00,BOG,TR-03,Entregado
ORD-14360,2026-03-31 09:00:00,2026-04-01 19:00:00,2026-04-04 21:00:00,MED,TR-04,Entregado
ORD-14361,2026-05-17 13:00:00,2026-05-18 22:00:00,2026-05-20 18:00:00,MED,TR-01,Entregado
ORD-14362,2026-03-28 12:00:00,2026-04-01 19:00:00,2026-04-03 00:00:00,BOG,TR-03,Entregado
ORD-14363,2026-03-06 12:00:00,2026-03-09 22:00:00,2026-03-11 03:00:00,BOG,TR-01,Entregado
ORD-14364,2026-01-27 17:00:00,2026-01-28 23:00:00,2026-01-31 21:00:00,BAQ,TR-03,Entregado
ORD-14365,2026-05-03 13:00:00,2026-05-05 00:00:00,2026-05-07 02:00:00,CAL,TR-03,Entregado
ORD-14366,2026-02-13 11:00:00,2026-02-16 17:00:00,2026-02-17 13:00:00,MED,TR-03,Entregado
ORD-14367,2026-01-28 08:00:00,2026-01-29 13:00:00,2026-01-30 16:00:00,CAL,TR-01,Entregado
ORD-14368,2026-05-07 18:00:00,2026-05-09 01:00:00,2026-05-12 03:00:00,MED,TR-03,Entregado
ORD-14369,2026-06-17 17:00:00,2026-06-18 22:00:00,2026-06-19 19:00:00,BOG,TR-04,Entregado
ORD-14370,2026-05-11 19:00:00,2026-05-12 23:00:00,2026-05-19 01:00:00,BGA,TR-04,Entregado
ORD-14371,2026-02-15 13:00:00,2026-02-16 16:00:00,2026-02-17 18:00:00,BOG,TR-03,Entregado
ORD-14372,2026-06-07 12:00:00,2026-06-08 19:00:00,2026-06-11 18:00:00,BAQ,TR-02,Entregado
ORD-14373,2026-05-17 12:00:00,2026-05-18 21:00:00,2026-05-21 00:00:00,MED,TR-01,Entregado
ORD-14374,2026-01-11 12:00:00,2026-01-12 22:00:00,2026-01-13 18:00:00,BOG,TR-02,Entregado
ORD-14375,2026-04-09 18:00:00,2026-04-11 05:00:00,2026-04-14 07:00:00,BGA,TR-02,Entregado
ORD-14376,2026-06-08 08:00:00,2026-06-09 14:00:00,2026-06-12 11:00:00,CAL,TR-02,Entregado
ORD-14377,2026-06-16 12:00:00,2026-06-17 15:00:00,2026-06-19 17:00:00,BGA,TR-01,Entregado
ORD-14378,2026-04-25 19:00:00,2026-04-29 01:00:00,2026-05-01 00:00:00,CAL,TR-02,Entregado
ORD-14379,2026-01-31 18:00:00,2026-02-04 21:00:00,2026-02-06 02:00:00,BOG,TR-01,Entregado
ORD-14380,2026-03-28 16:00:00,2026-04-02 00:00:00,2026-04-03 23:00:00,BGA,TR-02,Entregado
ORD-14381,2026-05-10 15:00:00,2026-05-12 02:00:00,2026-05-13 03:00:00,BOG,TR-02,Entregado
ORD-14382,2026-04-15 18:00:00,2026-04-17 04:00:00,2026-04-18 06:00:00,BOG,TR-03,Entregado
ORD-14383,2026-01-02 14:00:00,2026-01-05 16:00:00,2026-01-06 15:00:00,BOG,TR-01,Entregado
ORD-14384,2026-04-11 12:00:00,2026-04-15 20:00:00,2026-04-16 23:00:00,BOG,TR-04,Entregado
ORD-14385,2026-02-27 12:00:00,2026-03-02 14:00:00,2026-03-03 18:00:00,BOG,TR-04,Entregado
ORD-14386,2026-06-29 12:00:00,2026-06-30 22:00:00,2026-07-04 00:00:00,BAQ,TR-01,Entregado
ORD-14387,2026-04-03 11:00:00,2026-04-06 18:00:00,2026-04-08 15:00:00,CAL,TR-04,Entregado
ORD-14388,2026-03-02 13:00:00,2026-03-03 19:00:00,2026-03-05 21:00:00,CAL,TR-02,Entregado
ORD-14389,2026-05-28 09:00:00,2026-05-29 18:00:00,2026-06-01 18:00:00,MED,TR-02,Entregado
ORD-14390,2026-01-25 09:00:00,2026-01-26 20:00:00,2026-01-29 20:00:00,CAL,TR-04,Entregado
ORD-14391,2026-05-01 17:00:00,2026-05-05 20:00:00,2026-05-09 00:00:00,BAQ,TR-01,Entregado
ORD-14392,2026-06-18 16:00:00,2026-06-19 23:00:00,2026-06-24 04:00:00,BAQ,TR-01,Entregado
ORD-14393,2026-03-08 08:00:00,2026-03-09 10:00:00,2026-03-11 15:00:00,MED,TR-04,Entregado
ORD-14394,2026-01-01 10:00:00,2026-01-02 16:00:00,2026-01-04 21:00:00,BOG,TR-03,Entregado
ORD-14395,2026-01-05 10:00:00,2026-01-06 13:00:00,2026-01-07 13:00:00,BOG,TR-01,Entregado
ORD-14396,2026-05-20 16:00:00,2026-05-21 23:00:00,2026-05-23 04:00:00,CAL,TR-02,Entregado
ORD-14397,2026-02-26 10:00:00,2026-02-27 21:00:00,2026-02-28 19:00:00,BOG,TR-03,Entregado
ORD-14398,2026-02-04 19:00:00,2026-02-06 05:00:00,2026-02-08 06:00:00,BGA,TR-02,Entregado
ORD-14399,2026-04-04 12:00:00,2026-04-07 15:00:00,2026-04-10 14:00:00,CAL,TR-04,Entregado
ORD-14400,2026-01-22 14:00:00,2026-01-23 20:00:00,2026-01-24 23:00:00,MED,TR-04,Entregado
ORD-14401,2026-06-24 13:00:00,2026-06-26 00:00:00,2026-06-29 04:00:00,MED,TR-03,Entregado
ORD-14402,2026-05-11 19:00:00,2026-05-13 04:00:00,2026-05-14 04:00:00,BOG,TR-04,Entregado
ORD-14403,2026-02-22 11:00:00,2026-02-23 16:00:00,2026-02-24 15:00:00,MED,TR-01,Entregado
ORD-14404,2026-06-08 12:00:00,2026-06-09 14:00:00,2026-06-10 18:00:00,BOG,TR-03,Entregado
ORD-14405,2026-04-14 13:00:00,2026-04-15 17:00:00,2026-04-17 17:00:00,BGA,TR-01,Entregado
ORD-14406,2026-06-10 15:00:00,2026-06-11 20:00:00,2026-06-13 19:00:00,BOG,TR-02,Entregado
ORD-14407,2026-06-27 11:00:00,2026-07-01 21:00:00,2026-07-02 20:00:00,BOG,TR-03,Entregado
ORD-14408,2026-01-16 09:00:00,2026-01-19 17:00:00,2026-01-21 20:00:00,MED,TR-03,Entregado
ORD-14409,2026-04-26 19:00:00,2026-04-27 22:00:00,2026-05-01 01:00:00,MED,TR-04,Entregado
ORD-14410,2026-04-19 17:00:00,2026-04-21 00:00:00,2026-04-24 00:00:00,BGA,TR-01,Entregado
ORD-14411,2026-02-08 16:00:00,2026-02-09 20:00:00,2026-02-10 22:00:00,BOG,TR-02,Entregado
ORD-14412,2026-06-23 15:00:00,2026-06-24 19:00:00,2026-06-25 20:00:00,BOG,TR-03,Entregado
ORD-14413,2026-04-22 19:00:00,2026-04-24 03:00:00,2026-04-27 07:00:00,BGA,TR-01,Entregado
ORD-14414,2026-05-17 15:00:00,2026-05-18 18:00:00,2026-05-20 23:00:00,CAL,TR-04,Entregado
ORD-14415,2026-05-08 09:00:00,2026-05-11 13:00:00,2026-05-15 13:00:00,BAQ,TR-01,Entregado
ORD-14416,2026-03-18 19:00:00,2026-03-20 02:00:00,2026-03-23 04:00:00,MED,TR-04,Entregado
ORD-14417,2026-01-15 11:00:00,2026-01-16 15:00:00,2026-01-17 17:00:00,BOG,TR-03,Entregado
ORD-14418,2026-03-04 12:00:00,2026-03-05 19:00:00,2026-03-08 16:00:00,CAL,TR-02,Entregado
ORD-14419,2026-06-18 17:00:00,2026-06-19 21:00:00,2026-06-20 23:00:00,BOG,TR-04,Entregado
ORD-14420,2026-01-24 09:00:00,2026-01-27 18:00:00,2026-01-28 23:00:00,MED,TR-01,Entregado
ORD-14421,2026-02-18 09:00:00,2026-02-19 15:00:00,2026-02-21 17:00:00,MED,TR-03,Entregado
ORD-14422,2026-01-07 11:00:00,2026-01-08 13:00:00,2026-01-10 09:00:00,CAL,TR-02,Entregado
ORD-14423,2026-03-31 12:00:00,2026-04-01 21:00:00,2026-04-03 17:00:00,BGA,TR-02,Entregado
ORD-14424,2026-03-01 14:00:00,2026-03-02 17:00:00,2026-03-04 20:00:00,CAL,TR-01,Entregado
ORD-14425,2026-01-16 10:00:00,2026-01-20 16:00:00,2026-01-26 21:00:00,BAQ,TR-02,Entregado
ORD-14426,2026-01-29 14:00:00,2026-01-30 20:00:00,2026-01-31 17:00:00,BGA,TR-02,Entregado
ORD-14427,2026-01-14 08:00:00,2026-01-15 18:00:00,2026-01-19 22:00:00,BGA,TR-04,Entregado
ORD-14428,2026-02-02 16:00:00,2026-02-04 02:00:00,2026-02-07 00:00:00,BGA,TR-01,Entregado
ORD-14429,2026-01-21 08:00:00,2026-01-22 14:00:00,2026-01-25 12:00:00,BAQ,TR-04,Entregado
ORD-14430,2026-01-23 16:00:00,2026-01-28 00:00:00,2026-01-30 03:00:00,CAL,TR-01,Entregado
ORD-14431,2026-05-22 11:00:00,2026-05-25 15:00:00,2026-05-27 13:00:00,BOG,TR-01,Entregado
ORD-14432,2026-06-07 10:00:00,2026-06-08 13:00:00,2026-06-09 13:00:00,BGA,TR-03,Entregado
ORD-14433,2026-04-13 15:00:00,2026-04-15 01:00:00,2026-04-18 05:00:00,BGA,TR-02,Entregado
ORD-14434,2026-03-18 09:00:00,2026-03-19 17:00:00,2026-03-21 22:00:00,CAL,TR-03,Entregado
ORD-14435,2026-05-31 08:00:00,2026-06-01 10:00:00,2026-06-05 06:00:00,BAQ,TR-04,Entregado
ORD-14436,2026-01-18 16:00:00,2026-01-20 01:00:00,2026-01-21 00:00:00,BGA,TR-02,Entregado
ORD-14437,2026-06-10 13:00:00,2026-06-11 20:00:00,2026-06-12 22:00:00,MED,TR-03,Entregado
ORD-14438,2026-01-17 10:00:00,2026-01-21 13:00:00,2026-01-23 15:00:00,CAL,TR-03,Entregado
ORD-14439,2026-03-11 10:00:00,2026-03-12 13:00:00,2026-03-15 14:00:00,MED,TR-04,Entregado
ORD-14440,2026-04-30 12:00:00,2026-05-01 20:00:00,2026-05-02 21:00:00,BGA,TR-01,Entregado
ORD-14441,2026-02-03 11:00:00,2026-02-04 16:00:00,2026-02-05 12:00:00,CAL,TR-04,Entregado
ORD-14442,2026-06-02 11:00:00,2026-06-03 22:00:00,2026-06-04 23:00:00,BGA,TR-01,Entregado
ORD-14443,2026-03-15 17:00:00,2026-03-17 02:00:00,2026-03-18 06:00:00,BOG,TR-01,Entregado
ORD-14444,2026-03-29 12:00:00,2026-03-30 21:00:00,2026-04-01 22:00:00,BGA,TR-01,Entregado
ORD-14445,2026-01-11 18:00:00,2026-01-12 21:00:00,2026-01-13 22:00:00,BOG,TR-04,Entregado
ORD-14446,2026-05-24 17:00:00,2026-05-25 19:00:00,2026-05-26 21:00:00,BOG,TR-04,Entregado
ORD-14447,2026-05-07 08:00:00,2026-05-08 10:00:00,2026-05-09 12:00:00,BOG,TR-03,Entregado
ORD-14448,2026-03-21 14:00:00,2026-03-25 01:00:00,2026-03-26 03:00:00,MED,TR-03,Entregado
ORD-14449,2026-01-16 10:00:00,2026-01-20 18:00:00,2026-01-21 15:00:00,BOG,TR-03,Entregado
ORD-14450,2026-01-16 15:00:00,2026-01-20 19:00:00,2026-01-23 18:00:00,BAQ,TR-01,Entregado
ORD-14451,2026-01-12 10:00:00,2026-01-13 18:00:00,2026-01-16 20:00:00,MED,TR-01,Entregado
ORD-14452,2026-01-21 09:00:00,2026-01-22 18:00:00,2026-01-25 22:00:00,BAQ,TR-04,Entregado
ORD-14453,2026-06-20 11:00:00,2026-06-23 15:00:00,2026-06-25 14:00:00,BGA,TR-02,Entregado
ORD-14454,2026-01-17 16:00:00,2026-01-21 22:00:00,2026-01-24 01:00:00,BOG,TR-03,Entregado
ORD-14455,2026-05-14 15:00:00,2026-05-16 01:00:00,2026-05-17 21:00:00,BGA,TR-03,Entregado
ORD-14456,2026-01-27 11:00:00,2026-01-28 16:00:00,2026-01-30 18:00:00,BAQ,TR-04,Entregado
ORD-14457,2026-06-02 09:00:00,2026-06-03 19:00:00,2026-06-04 16:00:00,BOG,TR-02,Entregado
ORD-14458,2026-05-17 19:00:00,2026-05-19 06:00:00,2026-05-20 08:00:00,BOG,TR-01,Entregado
ORD-14459,2026-03-02 13:00:00,2026-03-03 20:00:00,2026-03-04 19:00:00,CAL,TR-03,Entregado
ORD-14460,2026-01-03 11:00:00,2026-01-07 18:00:00,2026-01-09 14:00:00,BGA,TR-01,Entregado
ORD-14461,2026-04-13 08:00:00,2026-04-14 18:00:00,2026-04-15 17:00:00,BOG,TR-02,Entregado
ORD-14462,2026-02-24 08:00:00,2026-02-25 19:00:00,2026-02-27 16:00:00,BOG,TR-03,Entregado
ORD-14463,2026-04-11 13:00:00,2026-04-15 23:00:00,2026-04-17 03:00:00,BOG,TR-04,Entregado
ORD-14464,2026-02-14 09:00:00,2026-02-17 20:00:00,2026-02-19 18:00:00,BOG,TR-01,Entregado
ORD-14465,2026-06-24 17:00:00,2026-06-26 03:00:00,2026-06-30 00:00:00,BAQ,TR-04,Entregado
ORD-14466,2026-05-01 17:00:00,2026-05-05 19:00:00,2026-05-07 18:00:00,BOG,TR-04,Entregado
ORD-14467,2026-02-15 17:00:00,2026-02-16 22:00:00,2026-02-18 18:00:00,BGA,TR-02,Entregado
ORD-14468,2026-01-31 15:00:00,2026-02-03 19:00:00,2026-02-04 21:00:00,BOG,TR-03,Entregado
ORD-14469,2026-02-28 17:00:00,2026-03-05 03:00:00,2026-03-06 00:00:00,BOG,TR-02,Entregado
ORD-14470,2026-01-17 15:00:00,2026-01-21 00:00:00,2026-01-23 03:00:00,BGA,TR-03,Entregado
ORD-14471,2026-06-13 17:00:00,2026-06-17 01:00:00,2026-06-17 22:00:00,BOG,TR-01,Entregado
ORD-14472,2026-01-24 13:00:00,2026-01-27 20:00:00,2026-01-29 23:00:00,BGA,TR-02,Entregado
ORD-14473,2026-04-01 16:00:00,2026-04-02 23:00:00,2026-04-03 20:00:00,CAL,TR-03,Entregado
ORD-14474,2026-02-01 11:00:00,2026-02-02 15:00:00,2026-02-04 18:00:00,BOG,TR-03,Entregado
ORD-14475,2026-03-23 09:00:00,2026-03-24 17:00:00,2026-03-25 17:00:00,MED,TR-04,Entregado
ORD-14476,2026-02-06 17:00:00,2026-02-10 19:00:00,2026-02-17 20:00:00,BAQ,TR-02,Entregado
ORD-14477,2026-05-17 19:00:00,2026-05-19 00:00:00,2026-05-19 21:00:00,CAL,TR-01,Entregado
ORD-14478,2026-03-05 15:00:00,2026-03-06 18:00:00,2026-03-09 14:00:00,CAL,TR-03,Entregado
ORD-14479,2026-05-28 13:00:00,2026-05-29 16:00:00,2026-06-01 12:00:00,BAQ,TR-04,Entregado
ORD-14480,2026-04-16 13:00:00,2026-04-17 17:00:00,2026-04-19 17:00:00,MED,TR-02,Entregado
ORD-14481,2026-06-07 12:00:00,2026-06-08 19:00:00,2026-06-09 16:00:00,BOG,TR-03,Entregado
ORD-14482,2026-04-02 10:00:00,2026-04-03 18:00:00,2026-04-07 19:00:00,BAQ,TR-01,Entregado
ORD-14483,2026-01-11 08:00:00,2026-01-12 19:00:00,2026-01-15 20:00:00,CAL,TR-04,Entregado
ORD-14484,2026-04-10 14:00:00,2026-04-13 18:00:00,2026-04-14 17:00:00,BOG,TR-03,Entregado
ORD-14485,2026-05-27 19:00:00,2026-05-29 02:00:00,2026-05-30 22:00:00,BGA,TR-02,Entregado
ORD-14486,2026-01-15 18:00:00,2026-01-16 21:00:00,2026-01-18 00:00:00,BOG,TR-02,Entregado
ORD-14487,2026-04-11 12:00:00,2026-04-15 15:00:00,2026-04-16 13:00:00,BOG,TR-03,Entregado
ORD-14488,2026-01-29 09:00:00,2026-01-30 19:00:00,2026-01-31 15:00:00,BOG,TR-02,Entregado
ORD-14489,2026-04-17 17:00:00,2026-04-21 00:00:00,2026-04-22 05:00:00,BOG,TR-01,Entregado
ORD-14490,2026-04-18 09:00:00,2026-04-21 14:00:00,2026-04-22 14:00:00,MED,TR-02,Entregado
ORD-14491,2026-03-25 11:00:00,2026-03-26 13:00:00,2026-03-29 11:00:00,CAL,TR-04,Entregado
ORD-14492,2026-05-12 13:00:00,2026-05-13 18:00:00,2026-05-14 22:00:00,BGA,TR-03,Entregado
ORD-14493,2026-02-19 13:00:00,2026-02-20 23:00:00,2026-02-26 02:00:00,BGA,TR-04,Entregado
ORD-14494,2026-01-23 18:00:00,2026-01-27 00:00:00,2026-01-30 01:00:00,CAL,TR-02,Entregado
ORD-14495,2026-03-31 10:00:00,2026-04-01 12:00:00,2026-04-03 10:00:00,BGA,TR-03,Entregado
ORD-14496,2026-03-16 19:00:00,2026-03-18 06:00:00,2026-03-19 03:00:00,CAL,TR-03,Entregado
ORD-14497,2026-05-03 15:00:00,2026-05-04 18:00:00,2026-05-06 23:00:00,BAQ,TR-02,Entregado
ORD-14498,2026-06-06 18:00:00,2026-06-11 00:00:00,2026-06-13 01:00:00,BOG,TR-03,Entregado
ORD-14499,2026-01-18 14:00:00,2026-01-19 23:00:00,2026-01-26 01:00:00,BGA,TR-04,Entregado
ORD-14500,2026-02-19 13:00:00,2026-02-20 21:00:00,2026-02-24 00:00:00,BAQ,TR-01,Entregado
ORD-14501,2026-05-17 10:00:00,2026-05-18 19:00:00,2026-05-19 23:00:00,BOG,TR-02,Entregado
ORD-14502,2026-05-19 19:00:00,2026-05-21 02:00:00,2026-05-24 01:00:00,BAQ,TR-03,Entregado
ORD-14503,2026-03-08 12:00:00,2026-03-09 18:00:00,2026-03-10 17:00:00,BOG,TR-01,Entregado
ORD-14504,2026-06-16 15:00:00,2026-06-18 02:00:00,2026-06-20 00:00:00,MED,TR-03,Entregado
ORD-14505,2026-06-05 18:00:00,2026-06-09 23:00:00,2026-06-11 04:00:00,MED,TR-04,Entregado
ORD-14506,2026-02-08 16:00:00,2026-02-10 00:00:00,2026-02-13 22:00:00,BAQ,TR-02,Entregado
ORD-14507,2026-01-21 17:00:00,2026-01-23 03:00:00,2026-01-24 23:00:00,MED,TR-02,Entregado
ORD-14508,2026-06-20 10:00:00,2026-06-23 20:00:00,2026-06-25 20:00:00,MED,TR-03,Entregado
ORD-14509,2026-02-17 13:00:00,2026-02-18 20:00:00,2026-02-19 18:00:00,BOG,TR-04,Entregado
ORD-14510,2026-05-29 19:00:00,2026-06-02 04:00:00,2026-06-09 04:00:00,BAQ,TR-02,Entregado
ORD-14511,2026-04-26 19:00:00,2026-04-27 22:00:00,2026-04-28 22:00:00,BOG,TR-04,Entregado
ORD-14512,2026-02-19 14:00:00,2026-02-20 22:00:00,2026-02-22 01:00:00,BOG,TR-03,Entregado
ORD-14513,2026-05-21 12:00:00,2026-05-22 23:00:00,2026-05-24 04:00:00,BOG,TR-03,Entregado
ORD-14514,2026-01-04 19:00:00,2026-01-05 22:00:00,2026-01-08 21:00:00,BGA,TR-01,Entregado
ORD-14515,2026-03-19 15:00:00,2026-03-20 17:00:00,2026-03-22 18:00:00,BGA,TR-02,Entregado
ORD-14516,2026-01-09 16:00:00,2026-01-13 01:00:00,2026-01-16 05:00:00,BGA,TR-03,Entregado
ORD-14517,2026-04-25 10:00:00,2026-04-28 17:00:00,2026-04-30 18:00:00,BOG,TR-02,Entregado
ORD-14518,2026-04-11 12:00:00,2026-04-15 21:00:00,2026-04-18 02:00:00,BAQ,TR-02,Entregado
ORD-14519,2026-05-26 08:00:00,2026-05-27 13:00:00,2026-05-29 18:00:00,BAQ,TR-04,Entregado
ORD-14520,2026-03-22 18:00:00,2026-03-23 20:00:00,2026-03-24 19:00:00,BOG,TR-01,Entregado
ORD-14521,2026-04-05 09:00:00,2026-04-06 20:00:00,2026-04-12 21:00:00,BGA,TR-04,Entregado
ORD-14522,2026-01-06 13:00:00,2026-01-07 23:00:00,2026-01-11 04:00:00,BAQ,TR-03,Entregado
ORD-14523,2026-03-08 19:00:00,2026-03-09 22:00:00,2026-03-12 00:00:00,BAQ,TR-03,Entregado
ORD-14524,2026-04-10 19:00:00,2026-04-15 00:00:00,2026-04-16 23:00:00,MED,TR-01,Entregado
ORD-14525,2026-03-07 09:00:00,2026-03-11 20:00:00,2026-03-12 18:00:00,MED,TR-02,Entregado
ORD-14526,2026-05-23 14:00:00,2026-05-27 23:00:00,2026-05-29 04:00:00,MED,TR-01,Entregado
ORD-14527,2026-06-06 08:00:00,2026-06-10 18:00:00,2026-06-11 21:00:00,BOG,TR-02,Entregado
ORD-14528,2026-05-15 19:00:00,2026-05-19 23:00:00,2026-05-21 00:00:00,BOG,TR-03,Entregado
ORD-14529,2026-05-22 19:00:00,2026-05-26 02:00:00,2026-05-28 00:00:00,CAL,TR-03,Entregado
ORD-14530,2026-06-07 08:00:00,2026-06-08 11:00:00,2026-06-10 14:00:00,CAL,TR-02,Entregado
ORD-14531,2026-06-09 13:00:00,2026-06-11 00:00:00,2026-06-12 02:00:00,BOG,TR-04,Entregado
ORD-14532,2026-04-25 15:00:00,2026-04-30 00:00:00,,BOG,TR-04,Perdido
ORD-14533,2026-01-06 18:00:00,2026-01-07 23:00:00,2026-01-10 04:00:00,BOG,TR-04,Entregado
ORD-14534,2026-03-23 15:00:00,2026-03-25 02:00:00,2026-03-27 06:00:00,CAL,TR-03,Entregado
ORD-14535,2026-04-30 15:00:00,2026-05-02 01:00:00,2026-05-03 06:00:00,BOG,TR-03,Entregado
ORD-14536,2026-04-12 09:00:00,2026-04-13 12:00:00,2026-04-14 13:00:00,BOG,TR-02,Entregado
ORD-14537,2026-06-17 18:00:00,2026-06-18 23:00:00,2026-06-20 22:00:00,BOG,TR-04,Entregado
ORD-14538,2026-01-24 08:00:00,2026-01-27 12:00:00,2026-01-28 17:00:00,BOG,TR-01,Entregado
ORD-14539,2026-01-18 19:00:00,2026-01-19 22:00:00,2026-01-23 01:00:00,CAL,TR-04,Entregado
ORD-14540,2026-03-17 16:00:00,2026-03-19 00:00:00,2026-03-21 04:00:00,MED,TR-01,Entregado
ORD-14541,2026-04-17 19:00:00,2026-04-21 00:00:00,2026-04-21 20:00:00,BOG,TR-01,Entregado
ORD-14542,2026-05-04 14:00:00,2026-05-05 23:00:00,2026-05-08 03:00:00,CAL,TR-01,Entregado
ORD-14543,2026-05-31 12:00:00,2026-06-01 15:00:00,2026-06-02 12:00:00,BGA,TR-01,Entregado
ORD-14544,2026-06-11 18:00:00,2026-06-13 05:00:00,2026-06-16 05:00:00,CAL,TR-03,Entregado
ORD-14545,2026-06-12 11:00:00,2026-06-16 17:00:00,2026-06-18 18:00:00,BOG,TR-01,Entregado
ORD-14546,2026-04-03 17:00:00,2026-04-06 20:00:00,2026-04-09 20:00:00,CAL,TR-03,Entregado
ORD-14547,2026-01-28 18:00:00,2026-01-29 22:00:00,2026-02-01 03:00:00,MED,TR-02,Entregado
ORD-14548,2026-01-24 15:00:00,2026-01-28 01:00:00,2026-01-30 22:00:00,MED,TR-03,Entregado
ORD-14549,2026-04-16 13:00:00,2026-04-17 20:00:00,2026-04-18 23:00:00,BOG,TR-03,Entregado
ORD-14550,2026-02-22 15:00:00,2026-02-23 22:00:00,2026-02-24 21:00:00,MED,TR-02,Entregado
ORD-14551,2026-05-12 18:00:00,2026-05-13 20:00:00,2026-05-15 00:00:00,BOG,TR-02,Entregado
ORD-14552,2026-04-10 12:00:00,2026-04-14 18:00:00,2026-04-17 15:00:00,MED,TR-02,Entregado
ORD-14553,2026-02-18 09:00:00,2026-02-19 11:00:00,2026-02-20 10:00:00,BOG,TR-02,Entregado
ORD-14554,2026-01-30 15:00:00,2026-02-03 01:00:00,2026-02-03 21:00:00,BOG,TR-01,Entregado
ORD-14555,2026-04-13 17:00:00,2026-04-14 21:00:00,2026-04-17 00:00:00,CAL,TR-01,Entregado
ORD-14556,2026-02-06 09:00:00,2026-02-10 13:00:00,2026-02-11 17:00:00,CAL,TR-03,Entregado
ORD-14557,2026-01-07 15:00:00,2026-01-09 01:00:00,2026-01-10 06:00:00,BOG,TR-01,Entregado
ORD-14558,2026-04-02 14:00:00,2026-04-03 23:00:00,2026-04-05 19:00:00,BOG,TR-01,Entregado
ORD-14559,2026-04-13 19:00:00,2026-04-15 03:00:00,2026-04-16 05:00:00,MED,TR-03,Entregado
ORD-14560,2026-02-22 09:00:00,2026-02-23 11:00:00,2026-02-26 15:00:00,BAQ,TR-01,Entregado
ORD-14561,2026-05-12 17:00:00,2026-05-14 03:00:00,2026-05-16 00:00:00,BOG,TR-02,Entregado
ORD-14562,2026-04-18 16:00:00,2026-04-23 00:00:00,2026-04-23 22:00:00,BOG,TR-01,Entregado
ORD-14563,2026-01-07 13:00:00,2026-01-08 19:00:00,2026-01-10 23:00:00,BGA,TR-03,Entregado
ORD-14564,2026-06-05 12:00:00,2026-06-09 21:00:00,,MED,TR-03,Perdido
ORD-14565,2026-03-08 19:00:00,2026-03-10 02:00:00,2026-03-12 01:00:00,BGA,TR-01,Entregado
ORD-14566,2026-04-21 17:00:00,2026-04-23 01:00:00,2026-04-25 06:00:00,BGA,TR-03,Entregado
ORD-14567,2026-05-28 10:00:00,2026-05-29 13:00:00,2026-05-30 18:00:00,BGA,TR-01,Entregado
ORD-14568,2026-05-04 18:00:00,2026-05-06 05:00:00,2026-05-09 09:00:00,BAQ,TR-04,Entregado
ORD-14569,2026-04-14 10:00:00,2026-04-15 19:00:00,2026-04-16 20:00:00,MED,TR-03,Entregado
ORD-14570,2026-01-07 14:00:00,2026-01-09 00:00:00,2026-01-11 22:00:00,MED,TR-02,Entregado
ORD-14571,2026-04-20 09:00:00,2026-04-21 20:00:00,2026-04-23 00:00:00,BOG,TR-02,Entregado
ORD-14572,2026-04-16 10:00:00,2026-04-17 21:00:00,,BGA,TR-02,Perdido
ORD-14573,2026-02-27 16:00:00,2026-03-04 00:00:00,2026-03-06 23:00:00,BAQ,TR-03,Entregado
ORD-14574,2026-02-17 10:00:00,2026-02-18 21:00:00,2026-02-19 23:00:00,BOG,TR-04,Entregado
ORD-14575,2026-02-10 17:00:00,2026-02-11 21:00:00,2026-02-14 00:00:00,BOG,TR-04,Entregado
ORD-14576,2026-01-25 11:00:00,2026-01-26 15:00:00,2026-01-29 14:00:00,MED,TR-01,Entregado
ORD-14577,2026-03-19 19:00:00,2026-03-21 04:00:00,2026-03-22 08:00:00,BOG,TR-03,Entregado
ORD-14578,2026-01-25 10:00:00,2026-01-26 14:00:00,2026-01-27 16:00:00,BGA,TR-01,Entregado
ORD-14579,2026-02-08 14:00:00,2026-02-09 21:00:00,2026-02-10 21:00:00,BOG,TR-03,Entregado
ORD-14580,2026-03-20 18:00:00,2026-03-23 23:00:00,2026-03-24 23:00:00,BGA,TR-01,Entregado
ORD-14581,2026-04-14 17:00:00,2026-04-16 04:00:00,2026-04-18 05:00:00,BGA,TR-03,Entregado
ORD-14582,2026-03-09 10:00:00,2026-03-10 18:00:00,2026-03-13 23:00:00,MED,TR-01,Entregado
ORD-14583,2026-05-27 19:00:00,2026-05-29 00:00:00,2026-05-30 23:00:00,BOG,TR-03,Entregado
ORD-14584,2026-05-03 08:00:00,2026-05-04 19:00:00,2026-05-06 23:00:00,BAQ,TR-02,Entregado
ORD-14585,2026-05-18 10:00:00,2026-05-19 14:00:00,2026-05-20 19:00:00,BOG,TR-01,Entregado
ORD-14586,2026-01-30 13:00:00,2026-02-02 23:00:00,2026-02-04 19:00:00,MED,TR-02,Entregado
ORD-14587,2026-01-03 12:00:00,2026-01-07 20:00:00,2026-01-08 18:00:00,BOG,TR-04,Entregado
ORD-14588,2026-04-15 09:00:00,2026-04-16 15:00:00,2026-04-17 18:00:00,BOG,TR-02,Entregado
ORD-14589,2026-06-25 09:00:00,2026-06-26 14:00:00,2026-06-27 13:00:00,MED,TR-02,Entregado
ORD-14590,2026-02-23 13:00:00,2026-02-24 19:00:00,2026-02-25 18:00:00,CAL,TR-02,Entregado
ORD-14591,2026-04-17 18:00:00,2026-04-21 05:00:00,2026-04-24 02:00:00,CAL,TR-03,Entregado
ORD-14592,2026-06-17 19:00:00,2026-06-19 03:00:00,2026-06-20 02:00:00,BOG,TR-01,Entregado
ORD-14593,2026-05-03 09:00:00,2026-05-04 14:00:00,2026-05-05 11:00:00,MED,TR-02,Entregado
ORD-14594,2026-04-21 09:00:00,2026-04-22 18:00:00,2026-04-23 21:00:00,BOG,TR-03,Entregado
ORD-14595,2026-04-03 08:00:00,2026-04-07 18:00:00,2026-04-08 14:00:00,MED,TR-02,Entregado
ORD-14596,2026-04-11 13:00:00,2026-04-14 21:00:00,,BOG,TR-03,Perdido
ORD-14597,2026-04-07 13:00:00,2026-04-08 17:00:00,2026-04-09 15:00:00,BOG,TR-04,Entregado
ORD-14598,2026-05-07 15:00:00,2026-05-08 18:00:00,2026-05-10 22:00:00,CAL,TR-02,Entregado
ORD-14599,2026-05-27 18:00:00,2026-05-28 22:00:00,2026-05-31 00:00:00,CAL,TR-02,Entregado
ORD-14600,2026-01-01 18:00:00,2026-01-03 01:00:00,2026-01-07 03:00:00,BAQ,TR-02,Entregado
ORD-14601,2026-02-02 15:00:00,2026-02-04 00:00:00,2026-02-06 00:00:00,MED,TR-04,Entregado
ORD-14602,2026-02-01 12:00:00,2026-02-02 23:00:00,2026-02-04 21:00:00,MED,TR-04,Entregado
ORD-14603,2026-01-17 15:00:00,2026-01-21 22:00:00,2026-01-23 02:00:00,MED,TR-03,Entregado
ORD-14604,2026-02-26 17:00:00,2026-02-28 02:00:00,2026-03-03 00:00:00,BGA,TR-02,Entregado
ORD-14605,2026-04-08 16:00:00,2026-04-09 20:00:00,2026-04-11 22:00:00,MED,TR-01,Entregado
ORD-14606,2026-04-30 14:00:00,2026-05-01 21:00:00,2026-05-03 22:00:00,MED,TR-01,Entregado
ORD-14607,2026-06-12 09:00:00,2026-06-15 16:00:00,2026-06-17 15:00:00,CAL,TR-03,Entregado
ORD-14608,2026-02-23 11:00:00,2026-02-24 18:00:00,2026-02-25 20:00:00,BOG,TR-01,Entregado
ORD-14609,2026-01-25 10:00:00,2026-01-26 17:00:00,2026-01-29 20:00:00,MED,TR-03,Entregado
ORD-14610,2026-06-23 15:00:00,2026-06-25 01:00:00,2026-06-26 05:00:00,BOG,TR-03,Entregado
ORD-14611,2026-02-15 13:00:00,2026-02-16 20:00:00,2026-02-18 17:00:00,BOG,TR-02,Entregado
ORD-14612,2026-05-19 15:00:00,2026-05-21 01:00:00,2026-05-22 22:00:00,MED,TR-02,Entregado
ORD-14613,2026-02-08 18:00:00,2026-02-10 00:00:00,2026-02-14 03:00:00,BAQ,TR-03,Entregado
ORD-14614,2026-06-12 08:00:00,2026-06-16 15:00:00,2026-06-23 17:00:00,BGA,TR-04,Entregado
ORD-14615,2026-02-15 13:00:00,2026-02-16 22:00:00,2026-02-19 19:00:00,MED,TR-04,Entregado
ORD-14616,2026-05-16 13:00:00,2026-05-20 18:00:00,2026-05-21 18:00:00,BOG,TR-01,Entregado
ORD-14617,2026-06-14 18:00:00,2026-06-16 01:00:00,2026-06-17 04:00:00,BOG,TR-03,Entregado
ORD-14618,2026-04-02 15:00:00,2026-04-03 20:00:00,2026-04-04 17:00:00,BGA,TR-01,Entregado
ORD-14619,2026-02-03 19:00:00,2026-02-05 04:00:00,2026-02-07 01:00:00,MED,TR-02,Entregado
ORD-14620,2026-05-07 08:00:00,2026-05-08 14:00:00,2026-05-10 19:00:00,MED,TR-01,Entregado
ORD-14621,2026-06-10 11:00:00,2026-06-11 21:00:00,2026-06-13 18:00:00,BOG,TR-01,Entregado
ORD-14622,2026-04-28 16:00:00,2026-04-30 00:00:00,2026-04-30 22:00:00,CAL,TR-04,Entregado
ORD-14623,2026-02-02 19:00:00,2026-02-03 23:00:00,2026-02-04 20:00:00,BOG,TR-04,Entregado
ORD-14624,2026-04-23 12:00:00,2026-04-24 23:00:00,2026-04-26 23:00:00,CAL,TR-03,Entregado
ORD-14625,2026-03-26 12:00:00,2026-03-27 21:00:00,2026-03-30 19:00:00,MED,TR-04,Entregado
ORD-14626,2026-01-10 13:00:00,2026-01-13 19:00:00,2026-01-17 17:00:00,BAQ,TR-01,Entregado
ORD-14627,2026-04-25 16:00:00,2026-04-29 18:00:00,2026-05-01 20:00:00,BGA,TR-01,Entregado
ORD-14628,2026-05-21 08:00:00,2026-05-22 19:00:00,2026-05-24 18:00:00,MED,TR-01,Entregado
ORD-14629,2026-01-20 16:00:00,2026-01-22 00:00:00,2026-01-24 22:00:00,CAL,TR-01,Entregado
ORD-14630,2026-02-15 15:00:00,2026-02-16 18:00:00,2026-02-18 16:00:00,MED,TR-02,Entregado
ORD-14631,2026-01-10 16:00:00,2026-01-15 02:00:00,2026-01-16 02:00:00,BOG,TR-02,Entregado
ORD-14632,2026-04-23 16:00:00,2026-04-24 20:00:00,2026-04-26 21:00:00,MED,TR-01,Entregado
ORD-14633,2026-05-19 19:00:00,2026-05-20 21:00:00,2026-05-22 21:00:00,MED,TR-03,Entregado
ORD-14634,2026-05-18 16:00:00,2026-05-19 20:00:00,2026-05-20 18:00:00,BOG,TR-04,Entregado
ORD-14635,2026-06-26 08:00:00,2026-06-29 15:00:00,2026-07-01 14:00:00,BOG,TR-03,Entregado
ORD-14636,2026-01-11 13:00:00,2026-01-12 16:00:00,2026-01-13 16:00:00,BOG,TR-01,Entregado
ORD-14637,2026-06-13 14:00:00,2026-06-17 17:00:00,2026-06-18 20:00:00,BGA,TR-03,Entregado
ORD-14638,2026-02-22 17:00:00,2026-02-24 04:00:00,2026-02-26 06:00:00,BOG,TR-02,Entregado
ORD-14639,2026-02-25 15:00:00,2026-02-26 22:00:00,2026-03-01 22:00:00,MED,TR-02,Entregado
ORD-14640,2026-05-09 15:00:00,2026-05-13 02:00:00,2026-05-14 01:00:00,BOG,TR-04,Entregado
ORD-14641,2026-04-28 11:00:00,2026-04-29 13:00:00,2026-05-01 13:00:00,CAL,TR-03,Entregado
ORD-14642,2026-01-30 19:00:00,2026-02-02 21:00:00,2026-02-05 01:00:00,MED,TR-04,Entregado
ORD-14643,2026-02-04 11:00:00,2026-02-05 16:00:00,2026-02-06 18:00:00,BOG,TR-02,Entregado
ORD-14644,2026-06-08 13:00:00,2026-06-09 23:00:00,2026-06-10 23:00:00,BOG,TR-01,Entregado
ORD-14645,2026-03-28 11:00:00,2026-04-01 16:00:00,2026-04-04 15:00:00,BAQ,TR-03,Entregado
ORD-14646,2026-02-21 14:00:00,2026-02-26 00:00:00,2026-03-04 20:00:00,BGA,TR-04,Entregado
ORD-14647,2026-01-22 18:00:00,2026-01-24 03:00:00,2026-01-25 08:00:00,BOG,TR-01,Entregado
ORD-14648,2026-02-27 18:00:00,2026-03-04 04:00:00,2026-03-06 02:00:00,MED,TR-01,Entregado
ORD-14649,2026-04-13 19:00:00,2026-04-15 04:00:00,2026-04-16 04:00:00,BOG,TR-03,Entregado
ORD-14650,2026-01-07 18:00:00,2026-01-09 01:00:00,,BOG,TR-04,Perdido
ORD-14651,2026-02-24 14:00:00,2026-02-26 01:00:00,2026-02-27 23:00:00,CAL,TR-03,Entregado
ORD-14652,2026-04-16 17:00:00,2026-04-17 21:00:00,2026-04-19 19:00:00,BOG,TR-01,Entregado
ORD-14653,2026-04-08 14:00:00,2026-04-09 18:00:00,2026-04-10 20:00:00,BOG,TR-01,Entregado
ORD-14654,2026-04-29 11:00:00,2026-04-30 20:00:00,2026-05-02 18:00:00,BGA,TR-01,Entregado
ORD-14655,2026-03-30 15:00:00,2026-03-31 23:00:00,2026-04-02 23:00:00,BAQ,TR-02,Entregado
ORD-14656,2026-06-21 08:00:00,2026-06-22 11:00:00,2026-06-26 13:00:00,BAQ,TR-03,Entregado
ORD-14657,2026-05-10 09:00:00,2026-05-11 12:00:00,2026-05-17 14:00:00,BGA,TR-04,Entregado
ORD-14658,2026-01-28 19:00:00,2026-01-29 21:00:00,2026-02-01 01:00:00,BGA,TR-01,Entregado
ORD-14659,2026-06-04 15:00:00,2026-06-05 21:00:00,2026-06-06 17:00:00,BOG,TR-01,Entregado
ORD-14660,2026-02-02 11:00:00,2026-02-03 22:00:00,2026-02-07 20:00:00,BGA,TR-04,Entregado
ORD-14661,2026-06-19 19:00:00,2026-06-24 00:00:00,2026-06-25 05:00:00,BOG,TR-01,Entregado
ORD-14662,2026-04-11 16:00:00,2026-04-16 03:00:00,2026-04-18 04:00:00,MED,TR-03,Entregado
ORD-14663,2026-01-23 15:00:00,2026-01-27 18:00:00,2026-01-28 16:00:00,MED,TR-04,Entregado
ORD-14664,2026-04-22 18:00:00,2026-04-24 01:00:00,2026-04-25 06:00:00,BOG,TR-02,Entregado
ORD-14665,2026-06-02 14:00:00,2026-06-03 19:00:00,2026-06-07 00:00:00,MED,TR-03,Entregado
ORD-14666,2026-03-26 12:00:00,2026-03-27 23:00:00,2026-04-01 20:00:00,BGA,TR-04,Entregado
ORD-14667,2026-05-02 18:00:00,2026-05-06 23:00:00,2026-05-08 00:00:00,BOG,TR-01,Entregado
ORD-14668,2026-02-23 12:00:00,2026-02-24 16:00:00,2026-02-25 16:00:00,BOG,TR-02,Entregado
ORD-14669,2026-05-21 19:00:00,2026-05-23 00:00:00,2026-05-25 05:00:00,MED,TR-01,Entregado
ORD-14670,2026-02-12 16:00:00,2026-02-13 22:00:00,2026-02-16 01:00:00,CAL,TR-03,Entregado
ORD-14671,2026-04-25 10:00:00,2026-04-28 13:00:00,2026-05-03 16:00:00,BAQ,TR-02,Entregado
ORD-14672,2026-02-16 14:00:00,2026-02-18 00:00:00,2026-02-19 01:00:00,BOG,TR-03,Entregado
ORD-14673,2026-03-12 13:00:00,2026-03-14 00:00:00,2026-03-15 23:00:00,MED,TR-02,Entregado
ORD-14674,2026-03-08 14:00:00,2026-03-10 00:00:00,2026-03-12 04:00:00,MED,TR-02,Entregado
ORD-14675,2026-02-06 14:00:00,2026-02-10 17:00:00,2026-02-12 13:00:00,BOG,TR-02,Entregado
ORD-14676,2026-03-27 15:00:00,2026-03-30 20:00:00,2026-04-02 17:00:00,MED,TR-04,Entregado
ORD-14677,2026-02-21 18:00:00,2026-02-25 23:00:00,2026-02-28 04:00:00,MED,TR-04,Entregado
ORD-14678,2026-02-02 08:00:00,2026-02-03 10:00:00,2026-02-05 09:00:00,MED,TR-03,Entregado
ORD-14679,2026-02-11 19:00:00,2026-02-13 02:00:00,2026-02-15 00:00:00,MED,TR-02,Entregado
ORD-14680,2026-04-22 18:00:00,2026-04-23 22:00:00,2026-04-24 19:00:00,BOG,TR-02,Entregado
ORD-14681,2026-05-16 14:00:00,2026-05-21 01:00:00,2026-05-22 02:00:00,BOG,TR-04,Entregado
ORD-14682,2026-04-16 08:00:00,2026-04-17 18:00:00,2026-04-20 20:00:00,BAQ,TR-04,Entregado
ORD-14683,2026-03-05 18:00:00,2026-03-07 03:00:00,2026-03-08 01:00:00,CAL,TR-01,Entregado
ORD-14684,2026-04-24 11:00:00,2026-04-27 15:00:00,2026-05-02 13:00:00,BGA,TR-04,Entregado
ORD-14685,2026-01-16 08:00:00,2026-01-20 11:00:00,2026-01-22 11:00:00,BOG,TR-04,Entregado
ORD-14686,2026-01-19 15:00:00,2026-01-20 20:00:00,2026-01-22 01:00:00,BOG,TR-04,Entregado
ORD-14687,2026-05-16 13:00:00,2026-05-19 18:00:00,2026-05-20 22:00:00,BOG,TR-03,Entregado
ORD-14688,2026-02-07 12:00:00,2026-02-11 14:00:00,2026-02-12 14:00:00,BOG,TR-01,Entregado
ORD-14689,2026-04-03 16:00:00,2026-04-07 20:00:00,,BOG,TR-01,Perdido
ORD-14690,2026-04-10 17:00:00,2026-04-14 22:00:00,2026-04-15 22:00:00,BOG,TR-04,Entregado
ORD-14691,2026-06-08 19:00:00,2026-06-09 23:00:00,2026-06-11 22:00:00,BGA,TR-01,Entregado
ORD-14692,2026-03-17 14:00:00,2026-03-19 01:00:00,2026-03-19 21:00:00,BOG,TR-03,Entregado
ORD-14693,2026-05-25 16:00:00,2026-05-26 21:00:00,2026-05-27 21:00:00,BOG,TR-04,Entregado
ORD-14694,2026-06-16 17:00:00,2026-06-18 02:00:00,2026-06-19 23:00:00,BOG,TR-02,Entregado
ORD-14695,2026-06-25 19:00:00,2026-06-27 04:00:00,2026-06-29 01:00:00,MED,TR-01,Entregado
ORD-14696,2026-04-06 16:00:00,2026-04-07 21:00:00,2026-04-08 21:00:00,BOG,TR-03,Entregado
ORD-14697,2026-04-13 09:00:00,2026-04-14 15:00:00,2026-04-15 17:00:00,BOG,TR-04,Entregado
ORD-14698,2026-01-06 17:00:00,2026-01-08 03:00:00,2026-01-09 03:00:00,BGA,TR-02,Entregado
ORD-14699,2026-06-20 11:00:00,2026-06-24 18:00:00,2026-06-26 18:00:00,BOG,TR-01,Entregado
ORD-14700,2026-06-12 09:00:00,2026-06-15 20:00:00,2026-06-16 22:00:00,BOG,TR-02,Entregado
ORD-14701,2026-03-03 12:00:00,2026-03-04 14:00:00,2026-03-05 14:00:00,BOG,TR-01,Entregado
ORD-14702,2026-05-24 15:00:00,2026-05-26 02:00:00,2026-05-27 04:00:00,BOG,TR-01,Entregado
ORD-14703,2026-03-30 17:00:00,2026-03-31 20:00:00,2026-04-03 01:00:00,MED,TR-02,Entregado
ORD-14704,2026-03-27 18:00:00,2026-03-30 20:00:00,2026-04-01 01:00:00,BOG,TR-02,Entregado
ORD-14705,2026-05-18 15:00:00,2026-05-19 21:00:00,2026-05-25 19:00:00,BGA,TR-04,Entregado
ORD-14706,2026-05-01 19:00:00,2026-05-05 23:00:00,2026-05-07 00:00:00,CAL,TR-02,Entregado
ORD-14707,2026-04-02 13:00:00,2026-04-03 18:00:00,,MED,TR-02,Devuelto
ORD-14708,2026-05-28 12:00:00,2026-05-29 23:00:00,2026-06-01 00:00:00,BGA,TR-02,Entregado
ORD-14709,2026-01-23 16:00:00,2026-01-28 00:00:00,2026-01-30 05:00:00,MED,TR-04,Entregado
ORD-14710,2026-02-27 18:00:00,2026-03-04 02:00:00,2026-03-05 02:00:00,CAL,TR-01,Entregado
ORD-14711,2026-02-15 13:00:00,2026-02-16 15:00:00,2026-02-18 14:00:00,BOG,TR-01,Entregado
ORD-14712,2026-01-08 18:00:00,2026-01-10 04:00:00,2026-01-11 09:00:00,CAL,TR-04,Entregado
ORD-14713,2026-01-20 10:00:00,2026-01-21 21:00:00,2026-01-28 00:00:00,BGA,TR-04,Entregado
ORD-14714,2026-03-19 14:00:00,2026-03-20 17:00:00,2026-03-22 13:00:00,MED,TR-03,Entregado
ORD-14715,2026-02-06 09:00:00,2026-02-09 15:00:00,2026-02-15 17:00:00,BGA,TR-04,Entregado
ORD-14716,2026-06-11 18:00:00,2026-06-12 21:00:00,2026-06-15 17:00:00,MED,TR-01,Entregado
ORD-14717,2026-04-28 15:00:00,2026-04-29 19:00:00,2026-04-30 23:00:00,BOG,TR-02,Entregado
ORD-14718,2026-06-10 18:00:00,2026-06-12 03:00:00,,MED,TR-03,Perdido
ORD-14719,2026-02-23 19:00:00,2026-02-25 01:00:00,2026-03-03 00:00:00,BGA,TR-04,Entregado
ORD-14720,2026-02-03 09:00:00,2026-02-04 17:00:00,2026-02-05 21:00:00,BOG,TR-03,Entregado
ORD-14721,2026-05-02 08:00:00,2026-05-05 15:00:00,2026-05-07 12:00:00,MED,TR-01,Entregado
ORD-14722,2026-03-03 14:00:00,2026-03-04 23:00:00,2026-03-06 19:00:00,MED,TR-03,Entregado
ORD-14723,2026-02-15 15:00:00,2026-02-17 02:00:00,2026-02-19 00:00:00,MED,TR-03,Entregado
ORD-14724,2026-05-15 13:00:00,2026-05-19 15:00:00,2026-05-20 17:00:00,BOG,TR-03,Entregado
ORD-14725,2026-05-11 18:00:00,2026-05-13 05:00:00,2026-05-15 06:00:00,BAQ,TR-01,Entregado
ORD-14726,2026-06-15 11:00:00,2026-06-16 17:00:00,2026-06-17 15:00:00,CAL,TR-03,Entregado
ORD-14727,2026-06-11 08:00:00,2026-06-12 18:00:00,2026-06-13 20:00:00,CAL,TR-01,Entregado
ORD-14728,2026-02-13 19:00:00,2026-02-18 04:00:00,2026-02-20 06:00:00,BAQ,TR-03,Entregado
ORD-14729,2026-06-07 08:00:00,2026-06-08 12:00:00,2026-06-10 17:00:00,MED,TR-02,Entregado
ORD-14730,2026-02-28 17:00:00,2026-03-05 02:00:00,2026-03-06 03:00:00,MED,TR-02,Entregado
ORD-14731,2026-04-09 11:00:00,2026-04-10 14:00:00,2026-04-13 16:00:00,CAL,TR-04,Entregado
ORD-14732,2026-05-26 19:00:00,2026-05-27 23:00:00,2026-05-29 22:00:00,MED,TR-01,Entregado
ORD-14733,2026-03-03 18:00:00,2026-03-05 02:00:00,2026-03-05 23:00:00,BOG,TR-04,Entregado
ORD-14734,2026-06-26 11:00:00,2026-06-30 16:00:00,2026-07-01 20:00:00,BOG,TR-04,Entregado
ORD-14735,2026-06-09 17:00:00,2026-06-10 23:00:00,2026-06-11 20:00:00,BOG,TR-03,Entregado
ORD-14736,2026-01-11 13:00:00,2026-01-12 16:00:00,2026-01-15 20:00:00,MED,TR-02,Entregado
ORD-14737,2026-03-11 18:00:00,2026-03-12 22:00:00,2026-03-13 23:00:00,CAL,TR-02,Entregado
ORD-14738,2026-06-24 09:00:00,2026-06-25 17:00:00,2026-06-28 22:00:00,CAL,TR-04,Entregado
ORD-14739,2026-04-11 08:00:00,2026-04-15 13:00:00,2026-04-16 13:00:00,BGA,TR-02,Entregado
ORD-14740,2026-04-14 13:00:00,2026-04-15 19:00:00,2026-04-16 23:00:00,BOG,TR-04,Entregado
ORD-14741,2026-02-09 10:00:00,2026-02-10 21:00:00,2026-02-13 00:00:00,CAL,TR-01,Entregado
ORD-14742,2026-03-08 09:00:00,2026-03-09 14:00:00,2026-03-13 11:00:00,BAQ,TR-04,Entregado
ORD-14743,2026-03-05 10:00:00,2026-03-06 18:00:00,2026-03-09 18:00:00,CAL,TR-04,Entregado
ORD-14744,2026-02-16 13:00:00,2026-02-17 21:00:00,2026-02-18 20:00:00,BOG,TR-01,Entregado
ORD-14745,2026-01-16 15:00:00,2026-01-20 02:00:00,2026-01-22 07:00:00,MED,TR-04,Entregado
ORD-14746,2026-05-26 11:00:00,2026-05-27 14:00:00,2026-05-28 11:00:00,BOG,TR-04,Entregado
ORD-14747,2026-06-25 18:00:00,2026-06-26 22:00:00,2026-06-28 19:00:00,BGA,TR-02,Entregado
ORD-14748,2026-02-08 08:00:00,2026-02-09 13:00:00,2026-02-11 10:00:00,BOG,TR-03,Entregado
ORD-14749,2026-04-23 19:00:00,2026-04-25 03:00:00,2026-04-27 08:00:00,MED,TR-01,Entregado
ORD-14750,2026-05-18 14:00:00,2026-05-19 18:00:00,2026-05-21 19:00:00,CAL,TR-02,Entregado
ORD-14751,2026-04-20 14:00:00,2026-04-22 00:00:00,2026-04-24 03:00:00,MED,TR-02,Entregado
ORD-14752,2026-05-09 08:00:00,2026-05-12 19:00:00,2026-05-19 18:00:00,BAQ,TR-02,Entregado
ORD-14753,2026-06-13 12:00:00,2026-06-17 23:00:00,2026-06-18 20:00:00,BOG,TR-03,Entregado
ORD-14754,2026-02-06 11:00:00,2026-02-10 20:00:00,2026-02-11 22:00:00,MED,TR-04,Entregado
ORD-14755,2026-01-24 14:00:00,2026-01-28 20:00:00,2026-01-29 17:00:00,CAL,TR-03,Entregado
ORD-14756,2026-01-25 14:00:00,2026-01-27 00:00:00,2026-01-29 20:00:00,CAL,TR-01,Entregado
ORD-14757,2026-05-07 17:00:00,2026-05-08 20:00:00,2026-05-12 19:00:00,BAQ,TR-03,Entregado
ORD-14758,2026-04-03 14:00:00,2026-04-07 01:00:00,2026-04-07 23:00:00,BOG,TR-04,Entregado
ORD-14759,2026-05-02 15:00:00,2026-05-05 19:00:00,2026-05-07 23:00:00,MED,TR-02,Entregado
ORD-14760,2026-01-11 16:00:00,2026-01-13 00:00:00,2026-01-13 21:00:00,MED,TR-01,Entregado
ORD-14761,2026-01-12 10:00:00,2026-01-13 21:00:00,2026-01-15 21:00:00,MED,TR-02,Entregado
ORD-14762,2026-05-21 14:00:00,2026-05-22 18:00:00,2026-05-23 14:00:00,BOG,TR-02,Entregado
ORD-14763,2026-03-24 17:00:00,2026-03-26 00:00:00,2026-03-26 23:00:00,BOG,TR-04,Entregado
ORD-14764,2026-06-16 15:00:00,2026-06-18 01:00:00,2026-06-21 23:00:00,BAQ,TR-02,Entregado
ORD-14765,2026-03-21 08:00:00,2026-03-24 15:00:00,2026-03-26 16:00:00,BOG,TR-03,Entregado
ORD-14766,2026-05-20 09:00:00,2026-05-21 11:00:00,2026-05-22 09:00:00,CAL,TR-01,Entregado
ORD-14767,2026-03-16 09:00:00,2026-03-17 18:00:00,2026-03-19 21:00:00,BOG,TR-02,Entregado
ORD-14768,2026-04-13 16:00:00,2026-04-14 19:00:00,2026-04-17 16:00:00,BGA,TR-01,Entregado
ORD-14769,2026-03-16 09:00:00,2026-03-17 14:00:00,2026-03-18 19:00:00,BOG,TR-03,Entregado
ORD-14770,2026-04-13 11:00:00,2026-04-14 17:00:00,2026-04-17 21:00:00,BGA,TR-01,Entregado
ORD-14771,2026-03-16 09:00:00,2026-03-17 12:00:00,2026-03-24 15:00:00,BGA,TR-04,Entregado
ORD-14772,2026-01-16 14:00:00,2026-01-19 21:00:00,2026-01-26 02:00:00,BAQ,TR-02,Entregado
ORD-14773,2026-03-18 12:00:00,2026-03-19 20:00:00,2026-03-20 20:00:00,CAL,TR-02,Entregado
ORD-14774,2026-03-22 12:00:00,2026-03-23 15:00:00,2026-03-25 14:00:00,BGA,TR-01,Entregado
ORD-14775,2026-06-21 19:00:00,2026-06-23 03:00:00,2026-06-24 02:00:00,MED,TR-01,Entregado
ORD-14776,2026-01-19 14:00:00,2026-01-20 21:00:00,2026-01-22 23:00:00,MED,TR-03,Entregado
ORD-14777,2026-04-12 15:00:00,2026-04-13 20:00:00,2026-04-15 00:00:00,BOG,TR-01,Entregado
ORD-14778,2026-03-18 12:00:00,2026-03-19 14:00:00,2026-03-21 14:00:00,MED,TR-01,Entregado
ORD-14779,2026-02-10 18:00:00,2026-02-11 23:00:00,2026-02-15 04:00:00,BAQ,TR-03,Entregado
ORD-14780,2026-03-02 17:00:00,2026-03-04 02:00:00,,BOG,TR-03,Perdido
ORD-14781,2026-03-12 16:00:00,2026-03-14 01:00:00,2026-03-16 01:00:00,BGA,TR-02,Entregado
ORD-14782,2026-04-13 10:00:00,2026-04-14 21:00:00,2026-04-17 02:00:00,MED,TR-02,Entregado
ORD-14783,2026-03-11 18:00:00,2026-03-13 02:00:00,2026-03-14 03:00:00,BOG,TR-03,Entregado
ORD-14784,2026-06-06 18:00:00,2026-06-11 02:00:00,2026-06-13 05:00:00,MED,TR-01,Entregado
ORD-14785,2026-04-13 09:00:00,2026-04-14 13:00:00,2026-04-15 12:00:00,BOG,TR-01,Entregado
ORD-14786,2026-01-19 11:00:00,2026-01-20 19:00:00,2026-01-22 19:00:00,MED,TR-03,Entregado
ORD-14787,2026-03-11 08:00:00,2026-03-12 18:00:00,2026-03-13 22:00:00,CAL,TR-03,Entregado
ORD-14788,2026-02-26 12:00:00,2026-02-27 20:00:00,2026-03-01 01:00:00,BOG,TR-01,Entregado
ORD-14789,2026-03-02 19:00:00,2026-03-03 21:00:00,2026-03-05 21:00:00,MED,TR-03,Entregado
ORD-14790,2026-01-30 14:00:00,2026-02-03 23:00:00,2026-02-05 20:00:00,MED,TR-03,Entregado
ORD-14791,2026-06-02 08:00:00,2026-06-03 19:00:00,2026-06-06 17:00:00,BGA,TR-02,Entregado
ORD-14792,2026-05-07 08:00:00,2026-05-08 16:00:00,2026-05-09 20:00:00,BOG,TR-02,Entregado
ORD-14793,2026-04-25 13:00:00,2026-04-29 18:00:00,2026-04-30 21:00:00,BOG,TR-04,Entregado
ORD-14794,2026-01-18 17:00:00,2026-01-20 02:00:00,2026-01-20 23:00:00,BOG,TR-03,Entregado
ORD-14795,2026-04-02 18:00:00,2026-04-04 03:00:00,2026-04-05 04:00:00,BOG,TR-01,Entregado
ORD-14796,2026-03-18 12:00:00,2026-03-19 17:00:00,2026-03-22 13:00:00,CAL,TR-04,Entregado
ORD-14797,2026-03-25 08:00:00,2026-03-26 18:00:00,2026-03-28 17:00:00,CAL,TR-03,Entregado
ORD-14798,2026-02-21 10:00:00,2026-02-25 16:00:00,2026-02-27 20:00:00,MED,TR-01,Entregado
ORD-14799,2026-01-31 18:00:00,2026-02-05 02:00:00,2026-02-13 07:00:00,BGA,TR-04,Entregado
ORD-14800,2026-05-25 14:00:00,2026-05-26 18:00:00,2026-05-28 20:00:00,BOG,TR-02,Entregado
ORD-14801,2026-04-20 11:00:00,2026-04-21 20:00:00,2026-04-22 21:00:00,BOG,TR-03,Entregado
ORD-14802,2026-06-03 12:00:00,2026-06-04 20:00:00,2026-06-07 17:00:00,BAQ,TR-04,Entregado
ORD-14803,2026-05-25 13:00:00,2026-05-26 22:00:00,2026-05-28 03:00:00,BOG,TR-04,Entregado
ORD-14804,2026-06-02 09:00:00,2026-06-03 12:00:00,2026-06-06 15:00:00,BAQ,TR-01,Entregado
ORD-14805,2026-03-27 12:00:00,2026-03-30 17:00:00,2026-03-31 18:00:00,BOG,TR-01,Entregado
ORD-14806,2026-01-04 11:00:00,2026-01-05 15:00:00,2026-01-06 14:00:00,BOG,TR-02,Entregado
ORD-14807,2026-01-06 11:00:00,2026-01-07 14:00:00,2026-01-08 19:00:00,BOG,TR-04,Entregado
ORD-14808,2026-05-29 13:00:00,2026-06-02 00:00:00,2026-06-02 23:00:00,MED,TR-04,Entregado
ORD-14809,2026-03-30 17:00:00,2026-03-31 23:00:00,2026-04-02 01:00:00,BOG,TR-03,Entregado
ORD-14810,2026-06-16 11:00:00,2026-06-17 19:00:00,2026-06-20 22:00:00,BAQ,TR-04,Entregado
ORD-14811,2026-06-10 15:00:00,2026-06-11 19:00:00,2026-06-19 00:00:00,BGA,TR-04,Entregado
ORD-14812,2026-03-22 12:00:00,2026-03-23 23:00:00,2026-03-25 22:00:00,MED,TR-04,Entregado
ORD-14813,2026-02-15 15:00:00,2026-02-16 21:00:00,2026-02-19 18:00:00,MED,TR-04,Entregado
ORD-14814,2026-03-25 19:00:00,2026-03-26 23:00:00,2026-03-29 00:00:00,MED,TR-04,Entregado
ORD-14815,2026-01-08 15:00:00,2026-01-09 20:00:00,2026-01-11 18:00:00,MED,TR-04,Entregado
ORD-14816,2026-05-11 16:00:00,2026-05-13 00:00:00,2026-05-16 22:00:00,BAQ,TR-04,Entregado
ORD-14817,2026-01-19 08:00:00,2026-01-20 17:00:00,2026-01-22 15:00:00,BOG,TR-04,Entregado
ORD-14818,2026-03-07 13:00:00,2026-03-10 16:00:00,2026-03-12 18:00:00,MED,TR-04,Entregado
ORD-14819,2026-05-04 17:00:00,2026-05-06 04:00:00,2026-05-08 03:00:00,BOG,TR-02,Entregado
ORD-14820,2026-05-30 08:00:00,2026-06-02 13:00:00,2026-06-03 13:00:00,BOG,TR-01,Entregado
ORD-14821,2026-04-01 08:00:00,2026-04-02 19:00:00,2026-04-06 18:00:00,BAQ,TR-02,Entregado
ORD-14822,2026-05-13 17:00:00,2026-05-14 19:00:00,2026-05-16 00:00:00,BOG,TR-01,Entregado
ORD-14823,2026-03-18 18:00:00,2026-03-20 03:00:00,2026-03-21 23:00:00,MED,TR-01,Entregado
ORD-14824,2026-05-01 15:00:00,2026-05-04 22:00:00,2026-05-05 20:00:00,BOG,TR-03,Entregado
ORD-14825,2026-03-08 10:00:00,2026-03-09 15:00:00,2026-03-11 15:00:00,BOG,TR-03,Entregado
ORD-14826,2026-03-04 08:00:00,2026-03-05 10:00:00,2026-03-06 07:00:00,BOG,TR-03,Entregado
ORD-14827,2026-04-04 10:00:00,2026-04-07 14:00:00,2026-04-10 16:00:00,MED,TR-02,Entregado
ORD-14828,2026-02-17 19:00:00,2026-02-18 23:00:00,2026-02-22 01:00:00,BAQ,TR-04,Entregado
ORD-14829,2026-06-05 19:00:00,2026-06-10 03:00:00,2026-06-12 01:00:00,BOG,TR-02,Entregado
ORD-14830,2026-06-20 08:00:00,2026-06-24 11:00:00,2026-06-26 15:00:00,BGA,TR-01,Entregado
ORD-14831,2026-02-09 08:00:00,2026-02-10 13:00:00,2026-02-11 17:00:00,MED,TR-04,Entregado
ORD-14832,2026-03-26 16:00:00,2026-03-27 18:00:00,2026-04-02 18:00:00,BAQ,TR-02,Entregado
ORD-14833,2026-03-28 11:00:00,2026-03-31 13:00:00,2026-04-01 13:00:00,MED,TR-03,Entregado
ORD-14834,2026-05-01 09:00:00,2026-05-05 19:00:00,2026-05-08 00:00:00,BGA,TR-01,Entregado
ORD-14835,2026-03-15 18:00:00,2026-03-17 04:00:00,,MED,TR-01,Devuelto
ORD-14836,2026-05-04 13:00:00,2026-05-05 16:00:00,2026-05-07 12:00:00,CAL,TR-01,Entregado
ORD-14837,2026-04-10 15:00:00,2026-04-14 19:00:00,2026-04-15 20:00:00,BOG,TR-02,Entregado
ORD-14838,2026-02-12 14:00:00,2026-02-13 18:00:00,2026-02-15 23:00:00,MED,TR-01,Entregado
ORD-14839,2026-01-23 18:00:00,2026-01-26 22:00:00,2026-01-29 01:00:00,BGA,TR-01,Entregado
ORD-14840,2026-02-06 13:00:00,2026-02-09 20:00:00,2026-02-12 01:00:00,MED,TR-04,Entregado
ORD-14841,2026-03-06 13:00:00,2026-03-09 20:00:00,2026-03-10 23:00:00,BOG,TR-03,Entregado
ORD-14842,2026-06-27 13:00:00,2026-07-01 15:00:00,2026-07-03 18:00:00,BGA,TR-03,Entregado
ORD-14843,2026-04-15 15:00:00,2026-04-17 01:00:00,2026-04-21 01:00:00,BAQ,TR-01,Entregado
ORD-14844,2026-06-02 17:00:00,2026-06-03 20:00:00,2026-06-04 23:00:00,CAL,TR-01,Entregado
ORD-14845,2026-02-20 15:00:00,2026-02-24 23:00:00,2026-02-26 02:00:00,MED,TR-01,Entregado
ORD-14846,2026-06-25 13:00:00,2026-06-26 18:00:00,2026-06-28 16:00:00,BGA,TR-02,Entregado
ORD-14847,2026-04-16 08:00:00,2026-04-17 19:00:00,2026-04-19 18:00:00,CAL,TR-02,Entregado
ORD-14848,2026-03-01 11:00:00,2026-03-02 20:00:00,2026-03-06 01:00:00,BGA,TR-03,Entregado
ORD-14849,2026-06-15 18:00:00,2026-06-16 23:00:00,2026-06-20 03:00:00,BAQ,TR-03,Entregado
ORD-14850,2026-01-12 17:00:00,2026-01-13 19:00:00,2026-01-15 20:00:00,BAQ,TR-03,Entregado
ORD-14851,2026-02-08 14:00:00,2026-02-09 17:00:00,2026-02-12 20:00:00,CAL,TR-02,Entregado
ORD-14852,2026-05-19 11:00:00,2026-05-20 14:00:00,2026-05-24 10:00:00,BAQ,TR-03,Entregado
ORD-14853,2026-02-21 08:00:00,2026-02-25 19:00:00,2026-02-26 17:00:00,BOG,TR-02,Entregado
ORD-14854,2026-05-21 09:00:00,2026-05-22 15:00:00,2026-05-24 17:00:00,MED,TR-01,Entregado
ORD-14855,2026-06-18 17:00:00,2026-06-19 20:00:00,2026-06-21 16:00:00,BGA,TR-03,Entregado
ORD-14856,2026-06-01 16:00:00,2026-06-02 19:00:00,2026-06-04 15:00:00,MED,TR-04,Entregado
ORD-14857,2026-05-08 14:00:00,2026-05-12 00:00:00,2026-05-13 23:00:00,BOG,TR-04,Entregado
ORD-14858,2026-01-10 19:00:00,2026-01-14 01:00:00,2026-01-16 01:00:00,MED,TR-02,Entregado
ORD-14859,2026-05-10 13:00:00,2026-05-11 17:00:00,2026-05-14 13:00:00,MED,TR-04,Entregado
ORD-14860,2026-01-15 10:00:00,2026-01-16 21:00:00,2026-01-18 22:00:00,MED,TR-02,Entregado
ORD-14861,2026-02-12 13:00:00,2026-02-13 20:00:00,2026-02-15 17:00:00,BOG,TR-03,Entregado
ORD-14862,2026-03-08 15:00:00,2026-03-09 20:00:00,2026-03-12 23:00:00,MED,TR-03,Entregado
ORD-14863,2026-03-04 18:00:00,2026-03-06 03:00:00,2026-03-08 03:00:00,BGA,TR-03,Entregado
ORD-14864,2026-01-15 11:00:00,2026-01-16 19:00:00,2026-01-17 15:00:00,MED,TR-02,Entregado
ORD-14865,2026-04-02 17:00:00,2026-04-04 02:00:00,2026-04-04 22:00:00,BOG,TR-02,Entregado
ORD-14866,2026-06-15 16:00:00,2026-06-16 23:00:00,2026-06-19 03:00:00,MED,TR-01,Entregado
ORD-14867,2026-02-19 09:00:00,2026-02-20 19:00:00,2026-02-21 16:00:00,BOG,TR-02,Entregado
ORD-14868,2026-03-12 09:00:00,2026-03-13 17:00:00,2026-03-16 19:00:00,BAQ,TR-04,Entregado
ORD-14869,2026-03-23 11:00:00,2026-03-24 22:00:00,,CAL,TR-01,Devuelto
ORD-14870,2026-04-15 15:00:00,2026-04-16 18:00:00,2026-04-18 20:00:00,BOG,TR-04,Entregado
ORD-14871,2026-01-02 15:00:00,2026-01-07 00:00:00,2026-01-09 03:00:00,BOG,TR-03,Entregado
ORD-14872,2026-03-25 09:00:00,2026-03-26 18:00:00,2026-03-29 14:00:00,BAQ,TR-02,Entregado
ORD-14873,2026-02-12 17:00:00,2026-02-14 00:00:00,2026-02-14 20:00:00,MED,TR-01,Entregado
ORD-14874,2026-03-12 13:00:00,2026-03-13 22:00:00,2026-03-14 19:00:00,BGA,TR-02,Entregado
ORD-14875,2026-04-04 17:00:00,2026-04-08 00:00:00,2026-04-10 05:00:00,BAQ,TR-03,Entregado
ORD-14876,2026-05-13 18:00:00,2026-05-15 01:00:00,2026-05-18 06:00:00,MED,TR-01,Entregado
ORD-14877,2026-03-06 09:00:00,2026-03-09 16:00:00,2026-03-10 13:00:00,BOG,TR-01,Entregado
ORD-14878,2026-04-30 08:00:00,2026-05-01 11:00:00,2026-05-04 14:00:00,MED,TR-03,Entregado
ORD-14879,2026-05-10 12:00:00,2026-05-11 20:00:00,2026-05-13 19:00:00,CAL,TR-03,Entregado
ORD-14880,2026-05-28 14:00:00,2026-05-29 23:00:00,2026-06-01 19:00:00,MED,TR-02,Entregado
ORD-14881,2026-05-29 15:00:00,2026-06-02 21:00:00,2026-06-05 02:00:00,BOG,TR-01,Entregado
ORD-14882,2026-03-09 19:00:00,2026-03-11 03:00:00,2026-03-13 06:00:00,MED,TR-01,Entregado
ORD-14883,2026-01-22 11:00:00,2026-01-23 21:00:00,2026-01-25 02:00:00,MED,TR-03,Entregado
ORD-14884,2026-03-23 08:00:00,2026-03-24 12:00:00,2026-03-25 10:00:00,MED,TR-04,Entregado
ORD-14885,2026-01-30 08:00:00,2026-02-03 15:00:00,2026-02-06 14:00:00,BAQ,TR-03,Entregado
ORD-14886,2026-01-24 11:00:00,2026-01-28 21:00:00,2026-01-30 19:00:00,BOG,TR-04,Entregado
ORD-14887,2026-01-24 19:00:00,2026-01-28 03:00:00,2026-01-30 04:00:00,MED,TR-02,Entregado
ORD-14888,2026-04-05 14:00:00,2026-04-06 22:00:00,2026-04-08 23:00:00,BGA,TR-03,Entregado
ORD-14889,2026-01-24 15:00:00,2026-01-27 19:00:00,2026-01-30 00:00:00,CAL,TR-02,Entregado
ORD-14890,2026-01-26 09:00:00,2026-01-27 16:00:00,2026-01-28 20:00:00,CAL,TR-03,Entregado
ORD-14891,2026-03-21 13:00:00,2026-03-25 19:00:00,,BOG,TR-03,Devuelto
ORD-14892,2026-03-06 08:00:00,2026-03-09 12:00:00,,BOG,TR-01,Devuelto
ORD-14893,2026-03-16 10:00:00,2026-03-17 17:00:00,2026-03-20 13:00:00,CAL,TR-02,Entregado
ORD-14894,2026-06-12 18:00:00,2026-06-17 03:00:00,2026-06-19 00:00:00,BOG,TR-01,Entregado
ORD-14895,2026-01-29 12:00:00,2026-01-30 21:00:00,2026-01-31 23:00:00,BOG,TR-04,Entregado
ORD-14896,2026-03-22 17:00:00,2026-03-23 19:00:00,2026-03-26 00:00:00,BOG,TR-03,Entregado
ORD-14897,2026-02-23 14:00:00,2026-02-24 16:00:00,2026-02-25 21:00:00,BOG,TR-03,Entregado
ORD-14898,2026-02-11 19:00:00,2026-02-13 05:00:00,2026-02-14 09:00:00,CAL,TR-03,Entregado
ORD-14899,2026-01-29 18:00:00,2026-01-31 01:00:00,2026-02-02 01:00:00,MED,TR-01,Entregado
ORD-14900,2026-05-11 11:00:00,2026-05-12 18:00:00,2026-05-14 21:00:00,MED,TR-03,Entregado
ORD-14901,2026-05-18 18:00:00,2026-05-20 02:00:00,2026-05-21 01:00:00,BOG,TR-01,Entregado
ORD-14902,2026-05-22 19:00:00,2026-05-26 04:00:00,2026-05-29 02:00:00,BAQ,TR-03,Entregado
ORD-14903,2026-06-24 17:00:00,2026-06-25 20:00:00,2026-06-28 18:00:00,BAQ,TR-01,Entregado
ORD-14904,2026-04-04 17:00:00,2026-04-08 19:00:00,2026-04-11 19:00:00,BAQ,TR-03,Entregado
ORD-14905,2026-06-09 17:00:00,2026-06-11 00:00:00,2026-06-12 03:00:00,BOG,TR-02,Entregado
ORD-14906,2026-04-25 08:00:00,2026-04-29 18:00:00,2026-04-30 17:00:00,BOG,TR-02,Entregado
ORD-14907,2026-02-25 17:00:00,2026-02-26 19:00:00,2026-03-01 19:00:00,MED,TR-01,Entregado
ORD-14908,2026-04-16 09:00:00,2026-04-17 14:00:00,2026-04-19 19:00:00,BGA,TR-03,Entregado
ORD-14909,2026-03-22 15:00:00,2026-03-23 21:00:00,2026-03-24 17:00:00,BOG,TR-03,Entregado
ORD-14910,2026-02-21 18:00:00,2026-02-25 02:00:00,2026-02-27 03:00:00,CAL,TR-01,Entregado
ORD-14911,2026-05-17 13:00:00,2026-05-18 16:00:00,2026-05-19 13:00:00,CAL,TR-01,Entregado
ORD-14912,2026-02-03 08:00:00,2026-02-04 12:00:00,2026-02-05 16:00:00,BOG,TR-02,Entregado
ORD-14913,2026-05-09 16:00:00,2026-05-13 00:00:00,2026-05-16 05:00:00,MED,TR-01,Entregado
ORD-14914,2026-03-25 12:00:00,2026-03-26 14:00:00,2026-03-28 10:00:00,MED,TR-03,Entregado
ORD-14915,2026-04-10 19:00:00,2026-04-15 05:00:00,2026-04-18 04:00:00,BAQ,TR-01,Entregado
ORD-14916,2026-06-17 11:00:00,2026-06-18 18:00:00,2026-06-20 20:00:00,BGA,TR-03,Entregado
ORD-14917,2026-05-17 16:00:00,2026-05-18 20:00:00,2026-05-20 00:00:00,BOG,TR-04,Entregado
ORD-14918,2026-05-30 09:00:00,2026-06-02 17:00:00,2026-06-03 22:00:00,BOG,TR-03,Entregado
ORD-14919,2026-04-16 18:00:00,2026-04-17 20:00:00,2026-04-18 16:00:00,BOG,TR-03,Entregado
ORD-14920,2026-06-16 16:00:00,2026-06-17 22:00:00,2026-06-19 21:00:00,BGA,TR-02,Entregado
ORD-14921,2026-05-14 10:00:00,2026-05-15 16:00:00,2026-05-17 15:00:00,MED,TR-02,Entregado
ORD-14922,2026-02-17 14:00:00,2026-02-18 20:00:00,2026-02-19 19:00:00,BOG,TR-04,Entregado
ORD-14923,2026-01-16 08:00:00,2026-01-20 11:00:00,2026-01-22 08:00:00,BAQ,TR-02,Entregado
ORD-14924,2026-04-25 12:00:00,2026-04-29 14:00:00,2026-05-01 14:00:00,MED,TR-04,Entregado
ORD-14925,2026-06-14 08:00:00,2026-06-15 16:00:00,2026-06-16 13:00:00,BOG,TR-04,Entregado
ORD-14926,2026-03-03 15:00:00,2026-03-04 20:00:00,2026-03-06 22:00:00,BAQ,TR-04,Entregado
ORD-14927,2026-05-05 08:00:00,2026-05-06 16:00:00,2026-05-07 16:00:00,BOG,TR-02,Entregado
ORD-14928,2026-03-07 11:00:00,2026-03-10 21:00:00,2026-03-11 18:00:00,BGA,TR-02,Entregado
ORD-14929,2026-03-23 18:00:00,2026-03-25 04:00:00,2026-03-26 02:00:00,BGA,TR-01,Entregado
ORD-14930,2026-06-01 15:00:00,2026-06-03 00:00:00,2026-06-04 05:00:00,CAL,TR-04,Entregado
ORD-14931,2026-05-12 12:00:00,2026-05-13 23:00:00,2026-05-16 02:00:00,BGA,TR-03,Entregado
ORD-14932,2026-05-12 16:00:00,2026-05-13 23:00:00,2026-05-15 00:00:00,BOG,TR-04,Entregado
ORD-14933,2026-05-26 18:00:00,2026-05-28 01:00:00,2026-05-30 06:00:00,BGA,TR-03,Entregado
ORD-14934,2026-03-29 09:00:00,2026-03-30 14:00:00,2026-04-01 11:00:00,MED,TR-04,Entregado
ORD-14935,2026-06-25 08:00:00,2026-06-26 18:00:00,2026-06-27 19:00:00,MED,TR-03,Entregado
ORD-14936,2026-02-27 10:00:00,2026-03-03 17:00:00,2026-03-07 13:00:00,BAQ,TR-03,Entregado
ORD-14937,2026-01-28 10:00:00,2026-01-29 12:00:00,2026-01-30 14:00:00,BOG,TR-01,Entregado
ORD-14938,2026-05-05 17:00:00,2026-05-07 02:00:00,2026-05-09 01:00:00,MED,TR-02,Entregado
ORD-14939,2026-03-06 17:00:00,2026-03-11 00:00:00,2026-03-13 05:00:00,CAL,TR-04,Entregado
ORD-14940,2026-03-26 16:00:00,2026-03-27 19:00:00,2026-03-28 19:00:00,BOG,TR-03,Entregado
ORD-14941,2026-04-21 10:00:00,2026-04-22 12:00:00,2026-04-24 12:00:00,BOG,TR-04,Entregado
ORD-14942,2026-03-10 16:00:00,2026-03-11 23:00:00,2026-03-15 02:00:00,MED,TR-02,Entregado
ORD-14943,2026-05-30 16:00:00,2026-06-03 21:00:00,2026-06-04 21:00:00,BOG,TR-04,Entregado
ORD-14944,2026-03-12 15:00:00,2026-03-14 01:00:00,2026-03-15 00:00:00,MED,TR-04,Entregado
ORD-14945,2026-05-31 19:00:00,2026-06-02 03:00:00,2026-06-05 04:00:00,CAL,TR-01,Entregado
ORD-14946,2026-01-25 18:00:00,2026-01-26 22:00:00,2026-01-28 19:00:00,MED,TR-01,Entregado
ORD-14947,2026-04-15 13:00:00,2026-04-16 23:00:00,2026-04-18 21:00:00,BOG,TR-02,Entregado
ORD-14948,2026-04-29 09:00:00,2026-04-30 18:00:00,2026-05-01 22:00:00,CAL,TR-03,Entregado
ORD-14949,2026-01-09 19:00:00,2026-01-12 22:00:00,2026-01-13 21:00:00,BOG,TR-04,Entregado
ORD-14950,2026-05-05 08:00:00,2026-05-06 18:00:00,2026-05-08 16:00:00,MED,TR-01,Entregado
ORD-14951,2026-02-20 19:00:00,2026-02-24 03:00:00,2026-02-25 02:00:00,BOG,TR-02,Entregado
ORD-14952,2026-03-11 12:00:00,2026-03-12 20:00:00,2026-03-14 00:00:00,BOG,TR-01,Entregado
ORD-14953,2026-01-31 09:00:00,2026-02-03 13:00:00,2026-02-04 17:00:00,BOG,TR-04,Entregado
ORD-14954,2026-06-18 17:00:00,2026-06-20 03:00:00,2026-06-22 03:00:00,CAL,TR-02,Entregado
ORD-14955,2026-01-14 11:00:00,2026-01-15 17:00:00,2026-01-18 16:00:00,CAL,TR-02,Entregado
ORD-14956,2026-06-13 12:00:00,2026-06-16 21:00:00,2026-06-18 23:00:00,BAQ,TR-02,Entregado
ORD-14957,2026-03-20 15:00:00,2026-03-24 00:00:00,2026-03-26 03:00:00,BAQ,TR-03,Entregado
ORD-14958,2026-06-03 11:00:00,2026-06-04 18:00:00,2026-06-05 14:00:00,BOG,TR-04,Entregado
ORD-14959,2026-02-17 12:00:00,2026-02-18 18:00:00,2026-02-19 15:00:00,BOG,TR-02,Entregado
ORD-14960,2026-01-28 11:00:00,2026-01-29 18:00:00,2026-02-01 19:00:00,BGA,TR-02,Entregado
ORD-14961,2026-02-20 15:00:00,2026-02-24 18:00:00,2026-02-27 14:00:00,BAQ,TR-03,Entregado
ORD-14962,2026-06-19 12:00:00,2026-06-22 19:00:00,2026-06-24 18:00:00,BOG,TR-01,Entregado
ORD-14963,2026-01-29 09:00:00,2026-01-30 15:00:00,2026-02-02 18:00:00,BGA,TR-02,Entregado
ORD-14964,2026-01-10 17:00:00,2026-01-14 00:00:00,2026-01-15 02:00:00,BOG,TR-03,Entregado
ORD-14965,2026-06-16 09:00:00,2026-06-17 19:00:00,2026-06-18 23:00:00,BOG,TR-04,Entregado
ORD-14966,2026-01-01 14:00:00,2026-01-03 00:00:00,2026-01-04 04:00:00,BOG,TR-03,Entregado
ORD-14967,2026-01-21 08:00:00,2026-01-22 10:00:00,2026-01-23 06:00:00,MED,TR-01,Entregado
ORD-14968,2026-01-15 11:00:00,2026-01-16 13:00:00,2026-01-17 15:00:00,BGA,TR-03,Entregado
ORD-14969,2026-03-02 11:00:00,2026-03-03 13:00:00,2026-03-05 13:00:00,CAL,TR-04,Entregado
ORD-14970,2026-05-18 14:00:00,2026-05-20 00:00:00,2026-05-21 22:00:00,BOG,TR-04,Entregado
ORD-14971,2026-04-15 09:00:00,2026-04-16 13:00:00,2026-04-17 10:00:00,MED,TR-03,Entregado
ORD-14972,2026-05-04 08:00:00,2026-05-05 11:00:00,2026-05-06 11:00:00,MED,TR-03,Entregado
ORD-14973,2026-04-08 14:00:00,2026-04-10 01:00:00,2026-04-13 06:00:00,BAQ,TR-02,Entregado
ORD-14974,2026-03-02 17:00:00,2026-03-04 00:00:00,2026-03-05 01:00:00,BOG,TR-04,Entregado
ORD-14975,2026-03-25 08:00:00,2026-03-26 12:00:00,2026-03-27 17:00:00,BOG,TR-02,Entregado
ORD-14976,2026-03-18 08:00:00,2026-03-19 14:00:00,2026-03-22 13:00:00,BAQ,TR-01,Entregado
ORD-14977,2026-05-13 08:00:00,2026-05-14 16:00:00,2026-05-16 14:00:00,BOG,TR-01,Entregado
ORD-14978,2026-01-28 14:00:00,2026-01-29 19:00:00,2026-01-31 17:00:00,MED,TR-03,Entregado
ORD-14979,2026-04-19 18:00:00,2026-04-20 20:00:00,2026-04-25 21:00:00,BGA,TR-04,Entregado
ORD-14980,2026-05-25 08:00:00,2026-05-26 19:00:00,2026-05-28 21:00:00,MED,TR-03,Entregado
ORD-14981,2026-04-08 18:00:00,2026-04-10 01:00:00,2026-04-11 06:00:00,BOG,TR-03,Entregado
ORD-14982,2026-01-28 17:00:00,2026-01-29 20:00:00,2026-02-01 20:00:00,MED,TR-02,Entregado
ORD-14983,2026-04-09 18:00:00,2026-04-11 05:00:00,2026-04-13 05:00:00,BGA,TR-03,Entregado
ORD-14984,2026-03-05 08:00:00,2026-03-06 17:00:00,2026-03-07 14:00:00,BOG,TR-04,Entregado
ORD-14985,2026-01-10 15:00:00,2026-01-13 17:00:00,2026-01-14 13:00:00,BOG,TR-01,Entregado
ORD-14986,2026-05-29 18:00:00,2026-06-02 01:00:00,,BOG,TR-03,Perdido
ORD-14987,2026-06-27 12:00:00,2026-07-01 20:00:00,2026-07-02 21:00:00,BOG,TR-02,Entregado
ORD-14988,2026-01-30 08:00:00,2026-02-02 10:00:00,2026-02-05 07:00:00,BAQ,TR-04,Entregado
ORD-14989,2026-01-20 16:00:00,2026-01-21 19:00:00,2026-01-23 15:00:00,MED,TR-01,Entregado
ORD-14990,2026-05-10 12:00:00,2026-05-11 21:00:00,2026-05-14 00:00:00,CAL,TR-02,Entregado
ORD-14991,2026-05-09 11:00:00,2026-05-12 16:00:00,2026-05-14 20:00:00,CAL,TR-03,Entregado
ORD-14992,2026-04-10 13:00:00,2026-04-13 22:00:00,2026-04-15 21:00:00,CAL,TR-02,Entregado
ORD-14993,2026-05-02 16:00:00,2026-05-06 03:00:00,2026-05-08 04:00:00,MED,TR-01,Entregado
ORD-14994,2026-05-11 16:00:00,2026-05-12 22:00:00,2026-05-15 00:00:00,MED,TR-04,Entregado
ORD-14995,2026-02-03 18:00:00,2026-02-04 20:00:00,2026-02-07 01:00:00,BGA,TR-02,Entregado
ORD-14996,2026-03-15 13:00:00,2026-03-16 18:00:00,2026-03-19 20:00:00,BAQ,TR-01,Entregado
ORD-14997,2026-03-11 09:00:00,2026-03-12 15:00:00,2026-03-15 17:00:00,BAQ,TR-02,Entregado
ORD-14998,2026-05-10 09:00:00,2026-05-11 17:00:00,,BOG,TR-04,Devuelto
ORD-14999,2026-02-01 17:00:00,2026-02-03 02:00:00,2026-02-04 23:00:00,MED,TR-04,Entregado
ORD-15000,2026-05-24 19:00:00,2026-05-25 22:00:00,2026-05-27 19:00:00,BOG,TR-01,Entregado
ORD-15001,2026-01-01 12:00:00,2026-01-02 21:00:00,2026-01-04 00:00:00,MED,TR-02,Entregado
ORD-15002,2026-03-13 09:00:00,2026-03-17 13:00:00,2026-03-19 13:00:00,CAL,TR-01,Entregado
ORD-15003,2026-05-21 12:00:00,2026-05-22 19:00:00,2026-05-24 22:00:00,BGA,TR-02,Entregado
ORD-15004,2026-06-21 15:00:00,2026-06-23 02:00:00,2026-06-25 02:00:00,BOG,TR-01,Entregado
ORD-15005,2026-03-15 12:00:00,2026-03-16 23:00:00,2026-03-17 23:00:00,BOG,TR-03,Entregado
ORD-15006,2026-04-24 10:00:00,2026-04-27 19:00:00,2026-04-29 20:00:00,MED,TR-03,Entregado
ORD-15007,2026-06-15 18:00:00,2026-06-16 22:00:00,2026-06-17 20:00:00,BOG,TR-02,Entregado
ORD-15008,2026-05-19 12:00:00,2026-05-20 16:00:00,2026-05-21 21:00:00,BOG,TR-03,Entregado
ORD-15009,2026-02-12 11:00:00,2026-02-13 17:00:00,2026-02-14 13:00:00,BOG,TR-03,Entregado
ORD-15010,2026-05-28 12:00:00,2026-05-29 14:00:00,2026-06-01 11:00:00,MED,TR-01,Entregado
ORD-15011,2026-03-23 16:00:00,2026-03-24 23:00:00,2026-03-28 02:00:00,MED,TR-01,Entregado
ORD-15012,2026-06-27 17:00:00,2026-07-01 00:00:00,2026-07-01 22:00:00,BOG,TR-02,Entregado
ORD-15013,2026-04-08 17:00:00,2026-04-10 02:00:00,2026-04-11 05:00:00,BOG,TR-02,Entregado
ORD-15014,2026-06-07 16:00:00,2026-06-09 01:00:00,2026-06-12 01:00:00,CAL,TR-02,Entregado
ORD-15015,2026-04-20 10:00:00,2026-04-21 17:00:00,2026-04-24 16:00:00,MED,TR-04,Entregado
ORD-15016,2026-06-08 17:00:00,2026-06-09 21:00:00,2026-06-10 19:00:00,MED,TR-03,Entregado
ORD-15017,2026-03-09 13:00:00,2026-03-10 20:00:00,2026-03-14 17:00:00,BAQ,TR-01,Entregado
ORD-15018,2026-03-19 11:00:00,2026-03-20 18:00:00,2026-03-22 23:00:00,CAL,TR-03,Entregado
ORD-15019,2026-03-31 14:00:00,2026-04-02 00:00:00,2026-04-03 22:00:00,CAL,TR-04,Entregado
ORD-15020,2026-05-25 10:00:00,2026-05-26 21:00:00,2026-05-29 00:00:00,BGA,TR-02,Entregado
ORD-15021,2026-06-28 08:00:00,2026-06-29 17:00:00,2026-07-01 15:00:00,BAQ,TR-01,Entregado
ORD-15022,2026-03-11 18:00:00,2026-03-13 02:00:00,2026-03-15 03:00:00,BGA,TR-01,Entregado
ORD-15023,2026-06-07 16:00:00,2026-06-08 19:00:00,2026-06-11 00:00:00,MED,TR-02,Entregado
ORD-15024,2026-04-14 18:00:00,2026-04-15 20:00:00,2026-04-17 23:00:00,CAL,TR-03,Entregado
ORD-15025,2026-05-08 14:00:00,2026-05-12 00:00:00,2026-05-14 03:00:00,BOG,TR-03,Entregado
ORD-15026,2026-06-03 15:00:00,2026-06-05 02:00:00,2026-06-07 07:00:00,BOG,TR-02,Entregado
ORD-15027,2026-01-22 16:00:00,2026-01-23 21:00:00,2026-01-24 21:00:00,MED,TR-04,Entregado
ORD-15028,2026-01-19 17:00:00,2026-01-20 22:00:00,2026-01-22 22:00:00,BAQ,TR-01,Entregado
ORD-15029,2026-06-19 16:00:00,2026-06-22 22:00:00,2026-06-23 18:00:00,BOG,TR-04,Entregado
ORD-15030,2026-01-23 16:00:00,2026-01-26 18:00:00,2026-01-28 17:00:00,MED,TR-04,Entregado
ORD-15031,2026-03-07 09:00:00,2026-03-10 11:00:00,2026-03-11 08:00:00,CAL,TR-04,Entregado
ORD-15032,2026-05-24 16:00:00,2026-05-26 02:00:00,2026-05-27 07:00:00,BOG,TR-04,Entregado
ORD-15033,2026-06-05 10:00:00,2026-06-09 20:00:00,2026-06-10 17:00:00,MED,TR-03,Entregado
ORD-15034,2026-06-18 12:00:00,2026-06-19 20:00:00,2026-06-20 22:00:00,BOG,TR-01,Entregado
ORD-15035,2026-06-09 13:00:00,2026-06-10 15:00:00,2026-06-11 20:00:00,CAL,TR-01,Entregado
ORD-15036,2026-02-28 16:00:00,2026-03-04 01:00:00,2026-03-06 06:00:00,CAL,TR-01,Entregado
ORD-15037,2026-04-22 09:00:00,2026-04-23 12:00:00,2026-04-24 16:00:00,BOG,TR-03,Entregado
ORD-15038,2026-04-06 13:00:00,2026-04-07 16:00:00,2026-04-08 13:00:00,BOG,TR-04,Entregado
ORD-15039,2026-06-17 17:00:00,2026-06-19 01:00:00,2026-06-21 22:00:00,BGA,TR-03,Entregado
ORD-15040,2026-06-05 12:00:00,2026-06-08 22:00:00,2026-06-11 18:00:00,MED,TR-03,Entregado
ORD-15041,2026-04-15 08:00:00,2026-04-16 14:00:00,2026-04-19 11:00:00,BAQ,TR-02,Entregado
ORD-15042,2026-03-15 14:00:00,2026-03-16 20:00:00,2026-03-17 16:00:00,CAL,TR-04,Entregado
ORD-15043,2026-05-12 10:00:00,2026-05-13 14:00:00,2026-05-14 19:00:00,BOG,TR-02,Entregado
ORD-15044,2026-05-06 17:00:00,2026-05-08 02:00:00,2026-05-09 03:00:00,BOG,TR-01,Entregado
ORD-15045,2026-06-24 18:00:00,2026-06-25 21:00:00,2026-06-27 23:00:00,MED,TR-01,Entregado
ORD-15046,2026-01-14 13:00:00,2026-01-15 19:00:00,2026-01-17 18:00:00,BOG,TR-01,Entregado
ORD-15047,2026-05-20 08:00:00,2026-05-21 12:00:00,2026-05-26 10:00:00,BGA,TR-04,Entregado
ORD-15048,2026-06-12 09:00:00,2026-06-16 11:00:00,2026-06-19 09:00:00,CAL,TR-03,Entregado
ORD-15049,2026-03-16 16:00:00,2026-03-17 18:00:00,2026-03-18 22:00:00,BOG,TR-01,Entregado
ORD-15050,2026-01-29 09:00:00,2026-01-30 18:00:00,2026-02-01 20:00:00,BOG,TR-02,Entregado
ORD-15051,2026-01-20 09:00:00,2026-01-21 14:00:00,2026-01-25 15:00:00,BAQ,TR-04,Entregado
ORD-15052,2026-06-26 13:00:00,2026-06-30 21:00:00,2026-07-01 18:00:00,BOG,TR-04,Entregado
ORD-15053,2026-01-31 17:00:00,2026-02-05 04:00:00,2026-02-08 08:00:00,BGA,TR-03,Entregado
ORD-15054,2026-04-14 17:00:00,2026-04-15 23:00:00,2026-04-17 01:00:00,BGA,TR-03,Entregado
ORD-15055,2026-05-08 09:00:00,2026-05-12 12:00:00,2026-05-13 08:00:00,BOG,TR-03,Entregado
ORD-15056,2026-06-07 16:00:00,2026-06-09 03:00:00,2026-06-10 01:00:00,BOG,TR-04,Entregado
ORD-15057,2026-01-19 15:00:00,2026-01-21 00:00:00,2026-01-23 22:00:00,MED,TR-04,Entregado
ORD-15058,2026-05-16 10:00:00,2026-05-20 15:00:00,2026-05-22 15:00:00,CAL,TR-02,Entregado
ORD-15059,2026-03-27 08:00:00,2026-03-30 16:00:00,2026-04-01 12:00:00,CAL,TR-03,Entregado
ORD-15060,2026-05-25 10:00:00,2026-05-26 18:00:00,2026-05-27 22:00:00,BGA,TR-01,Entregado
ORD-15061,2026-01-09 12:00:00,2026-01-13 20:00:00,2026-01-16 00:00:00,MED,TR-01,Entregado
ORD-15062,2026-06-14 18:00:00,2026-06-16 01:00:00,2026-06-16 21:00:00,BOG,TR-02,Entregado
ORD-15063,2026-01-20 10:00:00,2026-01-21 15:00:00,2026-01-22 11:00:00,CAL,TR-01,Entregado
ORD-15064,2026-02-22 18:00:00,2026-02-24 04:00:00,2026-02-27 08:00:00,BAQ,TR-01,Entregado
ORD-15065,2026-06-29 15:00:00,2026-06-30 17:00:00,2026-07-03 20:00:00,BAQ,TR-01,Entregado
ORD-15066,2026-01-04 18:00:00,2026-01-06 02:00:00,2026-01-07 03:00:00,BOG,TR-04,Entregado
ORD-15067,2026-06-21 15:00:00,2026-06-22 21:00:00,2026-06-23 21:00:00,BOG,TR-04,Entregado
ORD-15068,2026-04-12 19:00:00,2026-04-14 00:00:00,2026-04-15 03:00:00,BGA,TR-03,Entregado
ORD-15069,2026-02-17 18:00:00,2026-02-19 03:00:00,2026-02-20 08:00:00,MED,TR-01,Entregado
ORD-15070,2026-06-29 11:00:00,2026-06-30 14:00:00,2026-07-02 15:00:00,MED,TR-03,Entregado
ORD-15071,2026-03-09 18:00:00,2026-03-11 00:00:00,2026-03-17 23:00:00,BGA,TR-04,Entregado
ORD-15072,2026-05-05 16:00:00,2026-05-06 21:00:00,2026-05-07 19:00:00,BOG,TR-04,Entregado
ORD-15073,2026-01-04 19:00:00,2026-01-06 05:00:00,2026-01-07 10:00:00,MED,TR-02,Entregado
ORD-15074,2026-03-14 17:00:00,2026-03-18 00:00:00,2026-03-20 01:00:00,BGA,TR-02,Entregado
ORD-15075,2026-04-12 17:00:00,2026-04-14 01:00:00,2026-04-14 22:00:00,BOG,TR-02,Entregado
ORD-15076,2026-03-18 14:00:00,2026-03-20 01:00:00,2026-03-23 06:00:00,MED,TR-02,Entregado
ORD-15077,2026-02-27 10:00:00,2026-03-02 18:00:00,2026-03-03 15:00:00,BOG,TR-02,Entregado
ORD-15078,2026-03-29 10:00:00,2026-03-30 18:00:00,2026-04-01 17:00:00,MED,TR-03,Entregado
ORD-15079,2026-04-23 17:00:00,2026-04-24 20:00:00,2026-04-29 01:00:00,BAQ,TR-01,Entregado
ORD-15080,2026-01-28 12:00:00,2026-01-29 15:00:00,2026-01-31 16:00:00,CAL,TR-04,Entregado
ORD-15081,2026-03-07 17:00:00,2026-03-10 21:00:00,2026-03-11 23:00:00,MED,TR-02,Entregado
ORD-15082,2026-05-06 13:00:00,2026-05-08 00:00:00,,BOG,TR-01,Devuelto
ORD-15083,2026-02-27 16:00:00,2026-03-03 21:00:00,2026-03-05 19:00:00,MED,TR-04,Entregado
ORD-15084,2026-05-22 11:00:00,2026-05-26 19:00:00,2026-05-28 17:00:00,MED,TR-02,Entregado
ORD-15085,2026-05-23 08:00:00,2026-05-26 18:00:00,,BOG,TR-04,Devuelto
ORD-15086,2026-05-25 15:00:00,2026-05-26 18:00:00,2026-05-27 23:00:00,BOG,TR-01,Entregado
ORD-15087,2026-06-07 18:00:00,2026-06-08 21:00:00,2026-06-11 18:00:00,BAQ,TR-04,Entregado
ORD-15088,2026-02-16 09:00:00,2026-02-17 14:00:00,2026-02-19 11:00:00,MED,TR-02,Entregado
ORD-15089,2026-02-12 15:00:00,2026-02-13 22:00:00,2026-02-14 22:00:00,MED,TR-03,Entregado
ORD-15090,2026-01-03 19:00:00,2026-01-07 04:00:00,2026-01-12 05:00:00,BGA,TR-04,Entregado
ORD-15091,2026-03-25 18:00:00,2026-03-27 01:00:00,2026-03-29 01:00:00,CAL,TR-03,Entregado
ORD-15092,2026-06-26 18:00:00,2026-07-01 02:00:00,2026-07-02 05:00:00,CAL,TR-03,Entregado
ORD-15093,2026-02-18 10:00:00,2026-02-19 19:00:00,2026-02-21 17:00:00,BOG,TR-02,Entregado
ORD-15094,2026-02-02 18:00:00,2026-02-03 23:00:00,2026-02-06 20:00:00,BAQ,TR-01,Entregado
ORD-15095,2026-03-17 09:00:00,2026-03-18 11:00:00,2026-03-19 12:00:00,BOG,TR-04,Entregado
ORD-15096,2026-04-02 14:00:00,2026-04-03 20:00:00,2026-04-04 19:00:00,BOG,TR-04,Entregado
ORD-15097,2026-04-04 08:00:00,2026-04-08 11:00:00,2026-04-10 07:00:00,MED,TR-04,Entregado
ORD-15098,2026-02-14 14:00:00,2026-02-17 20:00:00,2026-02-19 20:00:00,CAL,TR-04,Entregado
ORD-15099,2026-01-15 11:00:00,2026-01-16 18:00:00,2026-01-20 21:00:00,BAQ,TR-02,Entregado
ORD-15100,2026-02-15 13:00:00,2026-02-16 22:00:00,2026-02-18 19:00:00,MED,TR-04,Entregado
ORD-15101,2026-06-23 15:00:00,2026-06-24 22:00:00,,MED,TR-03,Perdido
ORD-15102,2026-06-21 18:00:00,2026-06-22 23:00:00,2026-06-26 04:00:00,CAL,TR-02,Entregado
ORD-15103,2026-06-06 16:00:00,2026-06-09 19:00:00,2026-06-16 16:00:00,BGA,TR-04,Entregado
ORD-15104,2026-02-21 13:00:00,2026-02-25 20:00:00,2026-02-26 18:00:00,CAL,TR-02,Entregado
ORD-15105,2026-03-29 16:00:00,2026-03-30 21:00:00,2026-04-02 00:00:00,MED,TR-01,Entregado
ORD-15106,2026-03-24 09:00:00,2026-03-25 16:00:00,2026-03-27 15:00:00,BGA,TR-03,Entregado
ORD-15107,2026-05-30 11:00:00,2026-06-02 17:00:00,2026-06-04 15:00:00,MED,TR-04,Entregado
ORD-15108,2026-02-02 15:00:00,2026-02-03 23:00:00,2026-02-05 23:00:00,BOG,TR-03,Entregado
ORD-15109,2026-01-25 16:00:00,2026-01-27 03:00:00,2026-01-29 04:00:00,BOG,TR-04,Entregado
ORD-15110,2026-04-08 16:00:00,2026-04-10 03:00:00,2026-04-12 01:00:00,BGA,TR-02,Entregado
ORD-15111,2026-03-28 12:00:00,2026-03-31 14:00:00,2026-04-02 15:00:00,BGA,TR-01,Entregado
ORD-15112,2026-02-24 16:00:00,2026-02-25 18:00:00,2026-02-26 17:00:00,BGA,TR-02,Entregado
ORD-15113,2026-01-08 13:00:00,2026-01-09 20:00:00,2026-01-10 17:00:00,MED,TR-04,Entregado
ORD-15114,2026-06-25 11:00:00,2026-06-26 16:00:00,2026-06-29 16:00:00,CAL,TR-03,Entregado
ORD-15115,2026-03-02 08:00:00,2026-03-03 15:00:00,2026-03-04 20:00:00,CAL,TR-04,Entregado
ORD-15116,2026-05-30 10:00:00,2026-06-02 15:00:00,2026-06-06 12:00:00,BAQ,TR-01,Entregado
ORD-15117,2026-04-12 13:00:00,2026-04-13 22:00:00,2026-04-18 03:00:00,BAQ,TR-03,Entregado
ORD-15118,2026-01-14 11:00:00,2026-01-15 18:00:00,2026-01-18 21:00:00,CAL,TR-02,Entregado
ORD-15119,2026-04-15 09:00:00,2026-04-16 19:00:00,2026-04-19 20:00:00,BGA,TR-03,Entregado
ORD-15120,2026-03-08 17:00:00,2026-03-10 02:00:00,2026-03-11 04:00:00,BOG,TR-01,Entregado
ORD-15121,2026-02-18 14:00:00,2026-02-20 00:00:00,2026-02-21 05:00:00,BOG,TR-04,Entregado
ORD-15122,2026-04-21 08:00:00,2026-04-22 12:00:00,2026-04-23 09:00:00,BOG,TR-01,Entregado
ORD-15123,2026-02-26 18:00:00,2026-02-28 01:00:00,2026-02-28 21:00:00,BOG,TR-01,Entregado
ORD-15124,2026-04-23 12:00:00,2026-04-24 18:00:00,2026-04-26 23:00:00,MED,TR-04,Entregado
ORD-15125,2026-03-12 10:00:00,2026-03-13 19:00:00,2026-03-15 18:00:00,BAQ,TR-03,Entregado
ORD-15126,2026-02-26 15:00:00,2026-02-27 19:00:00,2026-03-01 20:00:00,BOG,TR-02,Entregado
ORD-15127,2026-04-03 10:00:00,2026-04-06 16:00:00,2026-04-08 14:00:00,BOG,TR-01,Entregado
ORD-15128,2026-04-21 12:00:00,2026-04-22 23:00:00,2026-04-24 23:00:00,MED,TR-01,Entregado
ORD-15129,2026-04-29 19:00:00,2026-05-01 04:00:00,2026-05-04 02:00:00,CAL,TR-04,Entregado
ORD-15130,2026-06-07 11:00:00,2026-06-08 15:00:00,2026-06-11 14:00:00,BGA,TR-01,Entregado
ORD-15131,2026-06-14 10:00:00,2026-06-15 12:00:00,2026-06-17 08:00:00,CAL,TR-01,Entregado
ORD-15132,2026-03-14 17:00:00,2026-03-18 02:00:00,2026-03-19 02:00:00,BGA,TR-01,Entregado
ORD-15133,2026-02-10 14:00:00,2026-02-12 00:00:00,2026-02-13 20:00:00,MED,TR-04,Entregado
ORD-15134,2026-06-03 09:00:00,2026-06-04 20:00:00,2026-06-06 23:00:00,BOG,TR-01,Entregado
ORD-15135,2026-01-23 14:00:00,2026-01-28 01:00:00,2026-01-30 05:00:00,CAL,TR-01,Entregado
ORD-15136,2026-05-24 16:00:00,2026-05-25 20:00:00,2026-05-26 18:00:00,MED,TR-02,Entregado
ORD-15137,2026-01-13 19:00:00,2026-01-15 04:00:00,2026-01-19 05:00:00,BGA,TR-04,Entregado
ORD-15138,2026-06-04 10:00:00,2026-06-05 12:00:00,2026-06-07 16:00:00,CAL,TR-01,Entregado
ORD-15139,2026-03-05 11:00:00,2026-03-06 21:00:00,2026-03-07 20:00:00,MED,TR-02,Entregado
ORD-15140,2026-02-07 11:00:00,2026-02-10 16:00:00,2026-02-12 14:00:00,CAL,TR-02,Entregado
ORD-15141,2026-05-26 10:00:00,2026-05-27 19:00:00,2026-05-29 22:00:00,BOG,TR-01,Entregado
ORD-15142,2026-05-17 15:00:00,2026-05-18 17:00:00,2026-05-21 15:00:00,BGA,TR-01,Entregado
ORD-15143,2026-02-24 18:00:00,2026-02-25 23:00:00,2026-02-28 01:00:00,BOG,TR-03,Entregado
ORD-15144,2026-02-13 11:00:00,2026-02-17 18:00:00,2026-02-18 19:00:00,BOG,TR-04,Entregado
ORD-15145,2026-06-10 15:00:00,2026-06-11 17:00:00,2026-06-12 17:00:00,BOG,TR-02,Entregado
ORD-15146,2026-06-13 10:00:00,2026-06-16 20:00:00,2026-06-18 01:00:00,BOG,TR-02,Entregado
ORD-15147,2026-05-08 16:00:00,2026-05-11 21:00:00,2026-05-15 18:00:00,BAQ,TR-03,Entregado
ORD-15148,2026-01-10 11:00:00,2026-01-14 20:00:00,2026-01-16 00:00:00,MED,TR-03,Entregado
ORD-15149,2026-05-28 16:00:00,2026-05-29 23:00:00,2026-06-01 23:00:00,BGA,TR-03,Entregado
ORD-15150,2026-04-19 19:00:00,2026-04-21 00:00:00,2026-04-21 22:00:00,BOG,TR-03,Entregado
ORD-15151,2026-05-20 09:00:00,2026-05-21 20:00:00,2026-05-25 17:00:00,BAQ,TR-03,Entregado
ORD-15152,2026-04-04 19:00:00,2026-04-07 23:00:00,2026-04-10 20:00:00,MED,TR-03,Entregado
ORD-15153,2026-03-04 11:00:00,2026-03-05 19:00:00,2026-03-06 17:00:00,BGA,TR-03,Entregado
ORD-15154,2026-01-25 19:00:00,2026-01-27 03:00:00,2026-01-30 02:00:00,BAQ,TR-01,Entregado
ORD-15155,2026-05-29 16:00:00,2026-06-02 03:00:00,2026-06-04 01:00:00,MED,TR-03,Entregado
ORD-15156,2026-01-11 16:00:00,2026-01-13 00:00:00,2026-01-14 04:00:00,BOG,TR-01,Entregado
ORD-15157,2026-05-06 09:00:00,2026-05-07 14:00:00,2026-05-10 18:00:00,BAQ,TR-04,Entregado
ORD-15158,2026-03-30 10:00:00,2026-03-31 16:00:00,2026-04-03 17:00:00,BAQ,TR-03,Entregado
ORD-15159,2026-04-26 08:00:00,2026-04-27 19:00:00,2026-04-28 15:00:00,BOG,TR-04,Entregado
ORD-15160,2026-01-14 08:00:00,2026-01-15 19:00:00,2026-01-17 16:00:00,MED,TR-01,Entregado
ORD-15161,2026-01-25 18:00:00,2026-01-27 02:00:00,2026-01-28 07:00:00,BGA,TR-03,Entregado
ORD-15162,2026-03-13 12:00:00,2026-03-16 16:00:00,2026-03-18 19:00:00,BGA,TR-01,Entregado
ORD-15163,2026-05-13 16:00:00,2026-05-14 23:00:00,2026-05-16 02:00:00,CAL,TR-04,Entregado
ORD-15164,2026-05-27 14:00:00,2026-05-28 22:00:00,2026-05-31 19:00:00,BGA,TR-03,Entregado
ORD-15165,2026-01-09 13:00:00,2026-01-12 16:00:00,2026-01-13 18:00:00,BOG,TR-03,Entregado
ORD-15166,2026-04-04 09:00:00,2026-04-07 18:00:00,2026-04-08 15:00:00,BOG,TR-02,Entregado
ORD-15167,2026-05-24 08:00:00,2026-05-25 13:00:00,2026-05-26 13:00:00,BOG,TR-02,Entregado
ORD-15168,2026-05-10 08:00:00,2026-05-11 17:00:00,2026-05-12 13:00:00,BOG,TR-02,Entregado
ORD-15169,2026-03-31 17:00:00,2026-04-01 22:00:00,2026-04-02 21:00:00,BOG,TR-01,Entregado
ORD-15170,2026-03-30 17:00:00,2026-03-31 22:00:00,2026-04-03 00:00:00,BGA,TR-02,Entregado
ORD-15171,2026-06-24 19:00:00,2026-06-26 03:00:00,2026-06-29 04:00:00,MED,TR-01,Entregado
ORD-15172,2026-01-14 15:00:00,2026-01-16 01:00:00,2026-01-16 21:00:00,BOG,TR-01,Entregado
ORD-15173,2026-04-21 14:00:00,2026-04-22 16:00:00,2026-04-29 12:00:00,BGA,TR-04,Entregado
ORD-15174,2026-05-23 10:00:00,2026-05-27 19:00:00,2026-05-30 21:00:00,MED,TR-02,Entregado
ORD-15175,2026-03-13 09:00:00,2026-03-16 20:00:00,2026-03-18 19:00:00,MED,TR-03,Entregado
ORD-15176,2026-05-10 18:00:00,2026-05-12 03:00:00,2026-05-12 23:00:00,BOG,TR-01,Entregado
ORD-15177,2026-03-15 10:00:00,2026-03-16 19:00:00,2026-03-18 00:00:00,MED,TR-03,Entregado
ORD-15178,2026-03-13 19:00:00,2026-03-18 04:00:00,2026-03-21 03:00:00,BAQ,TR-01,Entregado
ORD-15179,2026-01-23 11:00:00,2026-01-27 18:00:00,2026-01-30 17:00:00,BAQ,TR-02,Entregado
ORD-15180,2026-05-22 12:00:00,2026-05-26 20:00:00,2026-05-29 22:00:00,BAQ,TR-01,Entregado
ORD-15181,2026-04-16 08:00:00,2026-04-17 17:00:00,2026-04-21 18:00:00,BAQ,TR-03,Entregado
ORD-15182,2026-03-09 08:00:00,2026-03-10 16:00:00,2026-03-11 14:00:00,BOG,TR-04,Entregado
ORD-15183,2026-04-23 17:00:00,2026-04-24 23:00:00,2026-04-28 04:00:00,BGA,TR-03,Entregado
ORD-15184,2026-03-22 14:00:00,2026-03-24 00:00:00,2026-03-28 00:00:00,BAQ,TR-04,Entregado
ORD-15185,2026-06-09 11:00:00,2026-06-10 18:00:00,2026-06-12 20:00:00,BOG,TR-04,Entregado
ORD-15186,2026-01-13 19:00:00,2026-01-14 22:00:00,2026-01-17 03:00:00,CAL,TR-03,Entregado
ORD-15187,2026-05-04 10:00:00,2026-05-05 17:00:00,2026-05-07 15:00:00,CAL,TR-04,Entregado
ORD-15188,2026-06-01 15:00:00,2026-06-03 00:00:00,2026-06-07 04:00:00,BAQ,TR-02,Entregado
ORD-15189,2026-01-11 18:00:00,2026-01-13 02:00:00,2026-01-16 23:00:00,BAQ,TR-02,Entregado
ORD-15190,2026-01-15 17:00:00,2026-01-17 02:00:00,2026-01-19 23:00:00,BGA,TR-01,Entregado
ORD-15191,2026-02-10 18:00:00,2026-02-11 21:00:00,2026-02-14 21:00:00,BAQ,TR-04,Entregado
ORD-15192,2026-03-14 11:00:00,2026-03-17 14:00:00,2026-03-18 10:00:00,BOG,TR-04,Entregado
ORD-15193,2026-05-08 19:00:00,2026-05-12 00:00:00,2026-05-12 22:00:00,BGA,TR-01,Entregado
ORD-15194,2026-03-06 08:00:00,2026-03-09 11:00:00,2026-03-10 13:00:00,BOG,TR-01,Entregado
ORD-15195,2026-04-05 19:00:00,2026-04-07 05:00:00,2026-04-09 08:00:00,CAL,TR-03,Entregado
ORD-15196,2026-05-18 12:00:00,2026-05-19 19:00:00,2026-05-20 22:00:00,MED,TR-02,Entregado
ORD-15197,2026-06-24 13:00:00,2026-06-25 19:00:00,2026-06-27 18:00:00,MED,TR-01,Entregado
ORD-15198,2026-03-11 15:00:00,2026-03-12 22:00:00,2026-03-14 20:00:00,BGA,TR-03,Entregado
ORD-15199,2026-02-22 19:00:00,2026-02-23 22:00:00,2026-02-26 01:00:00,BOG,TR-04,Entregado
ORD-15200,2026-04-29 17:00:00,2026-05-01 02:00:00,2026-05-02 02:00:00,BOG,TR-02,Entregado
ORD-15201,2026-02-23 11:00:00,2026-02-24 14:00:00,2026-02-27 16:00:00,MED,TR-01,Entregado
ORD-15202,2026-03-20 14:00:00,2026-03-23 20:00:00,2026-03-25 20:00:00,BGA,TR-02,Entregado
ORD-15203,2026-02-27 16:00:00,2026-03-02 23:00:00,2026-03-03 22:00:00,BOG,TR-01,Entregado
ORD-15204,2026-01-10 17:00:00,2026-01-13 23:00:00,2026-01-14 19:00:00,BOG,TR-01,Entregado
ORD-15205,2026-02-08 19:00:00,2026-02-09 21:00:00,2026-02-12 00:00:00,MED,TR-02,Entregado
ORD-15206,2026-06-07 12:00:00,2026-06-08 18:00:00,2026-06-10 17:00:00,MED,TR-04,Entregado
ORD-15207,2026-04-29 10:00:00,2026-04-30 17:00:00,2026-05-01 19:00:00,MED,TR-04,Entregado
ORD-15208,2026-02-12 12:00:00,2026-02-13 21:00:00,2026-02-14 22:00:00,BGA,TR-03,Entregado
ORD-15209,2026-02-21 12:00:00,2026-02-25 22:00:00,,BOG,TR-01,Devuelto
ORD-15210,2026-02-25 19:00:00,2026-02-26 22:00:00,2026-02-28 22:00:00,MED,TR-02,Entregado
ORD-15211,2026-03-09 16:00:00,2026-03-10 22:00:00,2026-03-11 23:00:00,MED,TR-03,Entregado
ORD-15212,2026-04-16 19:00:00,2026-04-18 05:00:00,2026-04-19 08:00:00,BOG,TR-04,Entregado
ORD-15213,2026-01-23 15:00:00,2026-01-27 17:00:00,2026-01-28 13:00:00,BOG,TR-03,Entregado
ORD-15214,2026-02-13 13:00:00,2026-02-17 19:00:00,2026-02-18 20:00:00,BOG,TR-04,Entregado
ORD-15215,2026-06-01 10:00:00,2026-06-02 14:00:00,2026-06-05 17:00:00,BGA,TR-01,Entregado
ORD-15216,2026-06-10 13:00:00,2026-06-11 18:00:00,2026-06-13 18:00:00,MED,TR-01,Entregado
ORD-15217,2026-02-26 09:00:00,2026-02-27 18:00:00,2026-03-01 21:00:00,BGA,TR-02,Entregado
ORD-15218,2026-04-17 09:00:00,2026-04-21 18:00:00,2026-04-22 22:00:00,BOG,TR-03,Entregado
ORD-15219,2026-03-12 09:00:00,2026-03-13 14:00:00,2026-03-15 13:00:00,BAQ,TR-03,Entregado
ORD-15220,2026-03-31 15:00:00,2026-04-01 17:00:00,2026-04-02 13:00:00,BGA,TR-01,Entregado
ORD-15221,2026-03-11 14:00:00,2026-03-12 22:00:00,2026-03-13 18:00:00,BOG,TR-01,Entregado
ORD-15222,2026-05-31 13:00:00,2026-06-01 23:00:00,2026-06-03 20:00:00,MED,TR-04,Entregado
ORD-15223,2026-02-26 16:00:00,2026-02-28 02:00:00,2026-02-28 22:00:00,BOG,TR-03,Entregado
ORD-15224,2026-01-31 14:00:00,2026-02-04 23:00:00,2026-02-06 01:00:00,BGA,TR-03,Entregado
ORD-15225,2026-05-17 17:00:00,2026-05-18 20:00:00,2026-05-20 16:00:00,BGA,TR-01,Entregado
ORD-15226,2026-05-11 10:00:00,2026-05-12 15:00:00,2026-05-14 13:00:00,BAQ,TR-03,Entregado
ORD-15227,2026-01-21 11:00:00,2026-01-22 18:00:00,2026-01-28 15:00:00,BGA,TR-04,Entregado
ORD-15228,2026-02-03 16:00:00,2026-02-04 21:00:00,2026-02-06 00:00:00,MED,TR-02,Entregado
ORD-15229,2026-06-12 15:00:00,2026-06-16 18:00:00,2026-06-22 16:00:00,BGA,TR-04,Entregado
ORD-15230,2026-04-06 13:00:00,2026-04-07 21:00:00,2026-04-09 18:00:00,BGA,TR-01,Entregado
ORD-15231,2026-04-19 12:00:00,2026-04-20 17:00:00,2026-04-21 17:00:00,CAL,TR-02,Entregado
ORD-15232,2026-04-07 11:00:00,2026-04-08 16:00:00,2026-04-11 18:00:00,CAL,TR-04,Entregado
ORD-15233,2026-03-24 08:00:00,2026-03-25 15:00:00,2026-03-27 14:00:00,MED,TR-01,Entregado
ORD-15234,2026-06-05 12:00:00,2026-06-09 16:00:00,2026-06-10 17:00:00,BOG,TR-04,Entregado
ORD-15235,2026-04-28 09:00:00,2026-04-29 13:00:00,2026-04-30 14:00:00,BGA,TR-01,Entregado
ORD-15236,2026-03-20 10:00:00,2026-03-24 18:00:00,2026-03-25 17:00:00,BOG,TR-02,Entregado
ORD-15237,2026-04-17 13:00:00,2026-04-21 15:00:00,2026-04-23 20:00:00,CAL,TR-03,Entregado
ORD-15238,2026-03-14 12:00:00,2026-03-18 19:00:00,2026-03-26 00:00:00,BGA,TR-04,Entregado
ORD-15239,2026-04-08 13:00:00,2026-04-09 17:00:00,2026-04-10 22:00:00,BOG,TR-03,Entregado
ORD-15240,2026-01-26 09:00:00,2026-01-27 14:00:00,2026-01-29 13:00:00,CAL,TR-03,Entregado
ORD-15241,2026-04-02 14:00:00,2026-04-03 20:00:00,2026-04-04 17:00:00,MED,TR-01,Entregado
ORD-15242,2026-06-28 16:00:00,2026-06-29 23:00:00,2026-07-01 19:00:00,BOG,TR-01,Entregado
ORD-15243,2026-05-03 12:00:00,2026-05-04 22:00:00,2026-05-05 19:00:00,BOG,TR-04,Entregado
ORD-15244,2026-03-19 19:00:00,2026-03-21 01:00:00,2026-03-22 00:00:00,BOG,TR-02,Entregado
ORD-15245,2026-03-29 18:00:00,2026-03-31 00:00:00,2026-04-03 03:00:00,CAL,TR-04,Entregado
ORD-15246,2026-03-17 10:00:00,2026-03-18 13:00:00,2026-03-20 18:00:00,MED,TR-04,Entregado
ORD-15247,2026-01-19 12:00:00,2026-01-20 19:00:00,2026-01-21 23:00:00,BOG,TR-02,Entregado
ORD-15248,2026-05-02 10:00:00,2026-05-06 15:00:00,2026-05-08 11:00:00,BOG,TR-03,Entregado
ORD-15249,2026-01-24 17:00:00,2026-01-28 02:00:00,2026-01-28 23:00:00,MED,TR-03,Entregado
ORD-15250,2026-06-22 19:00:00,2026-06-23 21:00:00,2026-06-24 20:00:00,BOG,TR-03,Entregado
ORD-15251,2026-04-30 09:00:00,2026-05-01 16:00:00,2026-05-02 17:00:00,BOG,TR-04,Entregado
ORD-15252,2026-04-10 17:00:00,2026-04-14 03:00:00,2026-04-16 23:00:00,MED,TR-04,Entregado
ORD-15253,2026-06-06 08:00:00,2026-06-09 15:00:00,2026-06-12 18:00:00,BGA,TR-01,Entregado
ORD-15254,2026-03-09 19:00:00,2026-03-10 22:00:00,2026-03-12 22:00:00,BGA,TR-02,Entregado
ORD-15255,2026-03-02 18:00:00,2026-03-03 21:00:00,2026-03-04 20:00:00,BOG,TR-02,Entregado
ORD-15256,2026-04-03 11:00:00,2026-04-07 18:00:00,2026-04-09 20:00:00,CAL,TR-02,Entregado
ORD-15257,2026-03-15 16:00:00,2026-03-16 22:00:00,2026-03-19 01:00:00,MED,TR-03,Entregado
ORD-15258,2026-03-08 09:00:00,2026-03-09 15:00:00,2026-03-10 13:00:00,BOG,TR-01,Entregado
ORD-15259,2026-03-30 08:00:00,2026-03-31 12:00:00,2026-04-03 09:00:00,BGA,TR-02,Entregado
ORD-15260,2026-01-26 15:00:00,2026-01-27 21:00:00,2026-02-02 19:00:00,BAQ,TR-02,Entregado
ORD-15261,2026-04-09 18:00:00,2026-04-10 23:00:00,2026-04-11 23:00:00,BOG,TR-03,Entregado
ORD-15262,2026-03-30 09:00:00,2026-03-31 15:00:00,2026-04-03 15:00:00,MED,TR-01,Entregado
ORD-15263,2026-01-01 14:00:00,2026-01-02 20:00:00,2026-01-04 20:00:00,BOG,TR-01,Entregado
ORD-15264,2026-05-11 14:00:00,2026-05-12 17:00:00,2026-05-14 13:00:00,BOG,TR-04,Entregado
ORD-15265,2026-02-10 12:00:00,2026-02-11 19:00:00,2026-02-13 15:00:00,CAL,TR-03,Entregado
ORD-15266,2026-02-20 15:00:00,2026-02-23 23:00:00,2026-02-24 21:00:00,BOG,TR-02,Entregado
ORD-15267,2026-02-07 09:00:00,2026-02-10 15:00:00,2026-02-11 15:00:00,BOG,TR-04,Entregado
ORD-15268,2026-03-24 15:00:00,2026-03-25 17:00:00,2026-03-26 14:00:00,MED,TR-01,Entregado
ORD-15269,2026-06-24 17:00:00,2026-06-26 02:00:00,2026-06-27 05:00:00,BOG,TR-04,Entregado
ORD-15270,2026-04-13 17:00:00,2026-04-14 23:00:00,2026-04-17 03:00:00,CAL,TR-01,Entregado
ORD-15271,2026-04-12 08:00:00,2026-04-13 10:00:00,2026-04-15 13:00:00,MED,TR-02,Entregado
ORD-15272,2026-06-18 10:00:00,2026-06-19 16:00:00,2026-06-22 13:00:00,MED,TR-02,Entregado
ORD-15273,2026-01-30 12:00:00,2026-02-02 23:00:00,2026-02-03 21:00:00,BOG,TR-03,Entregado
ORD-15274,2026-04-29 14:00:00,2026-05-01 00:00:00,2026-05-03 21:00:00,BAQ,TR-03,Entregado
ORD-15275,2026-01-31 11:00:00,2026-02-04 13:00:00,2026-02-08 17:00:00,BAQ,TR-02,Entregado
ORD-15276,2026-01-23 15:00:00,2026-01-28 02:00:00,2026-01-29 00:00:00,BOG,TR-04,Entregado
ORD-15277,2026-01-06 13:00:00,2026-01-07 23:00:00,2026-01-08 22:00:00,BGA,TR-02,Entregado
ORD-15278,2026-06-18 11:00:00,2026-06-19 19:00:00,2026-06-21 20:00:00,CAL,TR-01,Entregado
ORD-15279,2026-01-27 18:00:00,2026-01-29 05:00:00,2026-01-30 05:00:00,CAL,TR-04,Entregado
ORD-15280,2026-03-10 16:00:00,2026-03-12 01:00:00,2026-03-13 06:00:00,BOG,TR-02,Entregado
ORD-15281,2026-01-17 11:00:00,2026-01-21 22:00:00,2026-01-22 20:00:00,MED,TR-01,Entregado
ORD-15282,2026-03-12 18:00:00,2026-03-14 02:00:00,2026-03-16 06:00:00,CAL,TR-03,Entregado
ORD-15283,2026-02-16 16:00:00,2026-02-17 19:00:00,2026-02-19 16:00:00,BAQ,TR-01,Entregado
ORD-15284,2026-03-20 18:00:00,2026-03-24 04:00:00,2026-03-26 02:00:00,CAL,TR-03,Entregado
ORD-15285,2026-05-04 17:00:00,2026-05-05 23:00:00,2026-05-06 19:00:00,BOG,TR-01,Entregado
ORD-15286,2026-03-27 19:00:00,2026-04-01 05:00:00,2026-04-02 03:00:00,BGA,TR-01,Entregado
ORD-15287,2026-01-24 16:00:00,2026-01-27 21:00:00,2026-01-28 17:00:00,BOG,TR-02,Entregado
ORD-15288,2026-01-04 08:00:00,2026-01-05 12:00:00,2026-01-06 14:00:00,BOG,TR-02,Entregado
ORD-15289,2026-02-15 15:00:00,2026-02-16 19:00:00,2026-02-23 00:00:00,BGA,TR-04,Entregado
ORD-15290,2026-01-18 18:00:00,2026-01-20 02:00:00,2026-01-20 22:00:00,BOG,TR-04,Entregado
ORD-15291,2026-06-10 14:00:00,2026-06-11 22:00:00,2026-06-14 23:00:00,MED,TR-04,Entregado
ORD-15292,2026-05-04 17:00:00,2026-05-05 22:00:00,2026-05-08 02:00:00,CAL,TR-04,Entregado
ORD-15293,2026-03-14 18:00:00,2026-03-18 03:00:00,2026-03-24 04:00:00,BGA,TR-04,Entregado
ORD-15294,2026-01-31 19:00:00,2026-02-04 02:00:00,2026-02-06 02:00:00,BOG,TR-04,Entregado
ORD-15295,2026-03-01 16:00:00,2026-03-03 01:00:00,2026-03-05 03:00:00,BOG,TR-03,Entregado
ORD-15296,2026-05-11 13:00:00,2026-05-13 00:00:00,2026-05-14 21:00:00,MED,TR-03,Entregado
ORD-15297,2026-01-14 17:00:00,2026-01-15 22:00:00,2026-01-17 21:00:00,CAL,TR-02,Entregado
ORD-15298,2026-05-23 09:00:00,2026-05-26 17:00:00,2026-05-29 16:00:00,BAQ,TR-04,Entregado
ORD-15299,2026-01-24 14:00:00,2026-01-28 22:00:00,2026-01-31 02:00:00,CAL,TR-03,Entregado
ORD-15300,2026-04-10 09:00:00,2026-04-14 19:00:00,2026-04-15 17:00:00,BOG,TR-01,Entregado
ORD-15301,2026-01-24 18:00:00,2026-01-27 22:00:00,2026-01-28 22:00:00,BOG,TR-01,Entregado
ORD-15302,2026-06-14 13:00:00,2026-06-15 17:00:00,2026-06-17 19:00:00,MED,TR-03,Entregado
ORD-15303,2026-04-01 14:00:00,2026-04-02 23:00:00,2026-04-06 04:00:00,MED,TR-02,Entregado
ORD-15304,2026-01-26 08:00:00,2026-01-27 11:00:00,2026-01-30 14:00:00,BAQ,TR-01,Entregado
ORD-15305,2026-04-30 11:00:00,2026-05-01 17:00:00,2026-05-03 17:00:00,BOG,TR-04,Entregado
ORD-15306,2026-06-06 16:00:00,2026-06-10 22:00:00,2026-06-12 22:00:00,CAL,TR-04,Entregado
ORD-15307,2026-01-01 18:00:00,2026-01-03 02:00:00,2026-01-03 23:00:00,BGA,TR-03,Entregado
ORD-15308,2026-02-19 13:00:00,2026-02-21 00:00:00,2026-02-23 03:00:00,BGA,TR-03,Entregado
ORD-15309,2026-05-19 17:00:00,2026-05-20 22:00:00,2026-05-22 03:00:00,BGA,TR-02,Entregado
ORD-15310,2026-03-03 08:00:00,2026-03-04 10:00:00,2026-03-09 12:00:00,BGA,TR-04,Entregado
ORD-15311,2026-06-13 15:00:00,2026-06-18 00:00:00,2026-06-20 01:00:00,MED,TR-02,Entregado
ORD-15312,2026-04-21 17:00:00,2026-04-22 20:00:00,2026-04-24 21:00:00,BAQ,TR-03,Entregado
ORD-15313,2026-01-21 16:00:00,2026-01-22 23:00:00,2026-01-24 02:00:00,BOG,TR-01,Entregado
ORD-15314,2026-05-19 18:00:00,2026-05-20 20:00:00,2026-05-22 16:00:00,CAL,TR-01,Entregado
ORD-15315,2026-03-11 08:00:00,2026-03-12 15:00:00,,BOG,TR-01,Perdido
ORD-15316,2026-04-28 13:00:00,2026-04-29 15:00:00,2026-04-30 18:00:00,BOG,TR-03,Entregado
ORD-15317,2026-02-25 13:00:00,2026-02-26 23:00:00,2026-03-02 23:00:00,BAQ,TR-04,Entregado
ORD-15318,2026-02-06 18:00:00,2026-02-11 01:00:00,2026-02-12 01:00:00,BOG,TR-04,Entregado
ORD-15319,2026-04-24 11:00:00,2026-04-27 22:00:00,2026-04-30 00:00:00,BOG,TR-01,Entregado
ORD-15320,2026-05-08 17:00:00,2026-05-11 22:00:00,2026-05-13 02:00:00,BOG,TR-02,Entregado
ORD-15321,2026-03-10 17:00:00,2026-03-12 03:00:00,2026-03-13 08:00:00,MED,TR-02,Entregado
ORD-15322,2026-02-05 09:00:00,2026-02-06 12:00:00,2026-02-08 14:00:00,BOG,TR-03,Entregado
ORD-15323,2026-03-05 14:00:00,2026-03-06 19:00:00,2026-03-07 19:00:00,BOG,TR-01,Entregado
ORD-15324,2026-06-19 17:00:00,2026-06-24 04:00:00,2026-06-25 02:00:00,BOG,TR-04,Entregado
ORD-15325,2026-03-22 12:00:00,2026-03-23 21:00:00,2026-03-26 02:00:00,MED,TR-01,Entregado
ORD-15326,2026-03-01 08:00:00,2026-03-02 15:00:00,2026-03-05 20:00:00,MED,TR-04,Entregado
ORD-15327,2026-03-06 08:00:00,2026-03-09 15:00:00,2026-03-10 20:00:00,BOG,TR-03,Entregado
ORD-15328,2026-02-07 16:00:00,2026-02-12 03:00:00,2026-02-15 00:00:00,CAL,TR-03,Entregado
ORD-15329,2026-06-03 18:00:00,2026-06-04 21:00:00,2026-06-07 00:00:00,MED,TR-01,Entregado
ORD-15330,2026-06-10 12:00:00,2026-06-11 22:00:00,2026-06-12 22:00:00,MED,TR-02,Entregado
ORD-15331,2026-05-07 16:00:00,2026-05-08 18:00:00,2026-05-09 21:00:00,BOG,TR-04,Entregado
ORD-15332,2026-06-07 16:00:00,2026-06-09 01:00:00,2026-06-10 05:00:00,BOG,TR-03,Entregado
ORD-15333,2026-06-26 15:00:00,2026-06-29 17:00:00,2026-07-05 19:00:00,BAQ,TR-02,Entregado
ORD-15334,2026-06-26 15:00:00,2026-07-01 00:00:00,2026-07-02 02:00:00,BOG,TR-01,Entregado
ORD-15335,2026-03-06 19:00:00,2026-03-10 02:00:00,2026-03-13 03:00:00,CAL,TR-03,Entregado
ORD-15336,2026-03-10 15:00:00,2026-03-11 17:00:00,2026-03-12 15:00:00,BOG,TR-03,Entregado
ORD-15337,2026-05-14 16:00:00,2026-05-16 00:00:00,2026-05-17 23:00:00,CAL,TR-02,Entregado
ORD-15338,2026-01-25 08:00:00,2026-01-26 10:00:00,2026-01-29 10:00:00,BAQ,TR-01,Entregado
ORD-15339,2026-06-09 17:00:00,2026-06-11 04:00:00,2026-06-13 07:00:00,MED,TR-04,Entregado
ORD-15340,2026-05-11 08:00:00,2026-05-12 17:00:00,,MED,TR-03,Perdido
ORD-15341,2026-05-27 19:00:00,2026-05-29 06:00:00,2026-05-31 02:00:00,CAL,TR-04,Entregado
ORD-15342,2026-06-06 09:00:00,2026-06-10 11:00:00,2026-06-12 13:00:00,BOG,TR-02,Entregado
ORD-15343,2026-01-02 16:00:00,2026-01-06 19:00:00,2026-01-09 15:00:00,BGA,TR-02,Entregado
ORD-15344,2026-05-25 19:00:00,2026-05-26 21:00:00,2026-05-27 19:00:00,CAL,TR-03,Entregado
ORD-15345,2026-04-20 11:00:00,2026-04-21 18:00:00,2026-04-22 14:00:00,BOG,TR-04,Entregado
ORD-15346,2026-03-02 08:00:00,2026-03-03 16:00:00,2026-03-05 20:00:00,CAL,TR-01,Entregado
ORD-15347,2026-02-18 19:00:00,2026-02-20 02:00:00,2026-02-27 04:00:00,BAQ,TR-02,Entregado
ORD-15348,2026-05-28 09:00:00,2026-05-29 19:00:00,2026-05-31 18:00:00,BOG,TR-04,Entregado
ORD-15349,2026-05-11 18:00:00,2026-05-13 02:00:00,2026-05-15 03:00:00,BGA,TR-03,Entregado
ORD-15350,2026-02-26 09:00:00,2026-02-27 13:00:00,2026-03-01 09:00:00,MED,TR-04,Entregado
ORD-15351,2026-06-27 12:00:00,2026-06-30 19:00:00,2026-07-01 17:00:00,MED,TR-03,Entregado
ORD-15352,2026-02-15 17:00:00,2026-02-17 02:00:00,2026-02-20 02:00:00,BGA,TR-01,Entregado
ORD-15353,2026-01-15 08:00:00,2026-01-16 17:00:00,2026-01-18 22:00:00,BOG,TR-03,Entregado
ORD-15354,2026-03-21 18:00:00,2026-03-25 20:00:00,2026-03-28 00:00:00,BGA,TR-02,Entregado
ORD-15355,2026-05-28 13:00:00,2026-05-29 18:00:00,2026-05-31 14:00:00,BGA,TR-03,Entregado
ORD-15356,2026-01-24 13:00:00,2026-01-27 15:00:00,2026-01-29 16:00:00,MED,TR-03,Entregado
ORD-15357,2026-03-21 09:00:00,2026-03-24 19:00:00,2026-03-25 16:00:00,BOG,TR-01,Entregado
ORD-15358,2026-03-06 15:00:00,2026-03-10 02:00:00,2026-03-11 01:00:00,CAL,TR-01,Entregado
ORD-15359,2026-03-29 16:00:00,2026-03-30 21:00:00,2026-03-31 23:00:00,BOG,TR-04,Entregado
ORD-15360,2026-05-25 16:00:00,2026-05-27 03:00:00,2026-05-28 04:00:00,BOG,TR-04,Entregado
ORD-15361,2026-03-02 10:00:00,2026-03-03 14:00:00,2026-03-05 11:00:00,MED,TR-02,Entregado
ORD-15362,2026-01-27 13:00:00,2026-01-28 17:00:00,2026-01-29 22:00:00,MED,TR-04,Entregado
ORD-15363,2026-03-15 17:00:00,2026-03-17 01:00:00,2026-03-20 01:00:00,MED,TR-01,Entregado
ORD-15364,2026-01-31 18:00:00,2026-02-04 20:00:00,2026-02-06 18:00:00,MED,TR-03,Entregado
ORD-15365,2026-01-12 16:00:00,2026-01-13 21:00:00,2026-01-15 23:00:00,BOG,TR-02,Entregado
ORD-15366,2026-03-02 12:00:00,2026-03-03 20:00:00,2026-03-05 19:00:00,BOG,TR-04,Entregado
ORD-15367,2026-03-21 14:00:00,2026-03-26 01:00:00,,BOG,TR-03,Devuelto
ORD-15368,2026-01-04 18:00:00,2026-01-06 02:00:00,2026-01-08 01:00:00,MED,TR-04,Entregado
ORD-15369,2026-02-21 14:00:00,2026-02-25 22:00:00,2026-02-28 02:00:00,CAL,TR-03,Entregado
ORD-15370,2026-06-08 18:00:00,2026-06-10 00:00:00,2026-06-10 23:00:00,MED,TR-02,Entregado
ORD-15371,2026-04-22 11:00:00,2026-04-23 17:00:00,2026-04-25 19:00:00,BGA,TR-02,Entregado
ORD-15372,2026-02-05 13:00:00,2026-02-06 18:00:00,2026-02-10 17:00:00,BAQ,TR-02,Entregado
ORD-15373,2026-02-23 14:00:00,2026-02-24 20:00:00,2026-02-25 19:00:00,MED,TR-02,Entregado
ORD-15374,2026-05-07 08:00:00,2026-05-08 15:00:00,2026-05-11 20:00:00,MED,TR-01,Entregado
ORD-15375,2026-03-16 10:00:00,2026-03-17 16:00:00,2026-03-18 20:00:00,MED,TR-01,Entregado
ORD-15376,2026-04-15 13:00:00,2026-04-16 15:00:00,2026-04-17 12:00:00,BOG,TR-04,Entregado
ORD-15377,2026-05-30 12:00:00,2026-06-03 16:00:00,2026-06-05 17:00:00,BOG,TR-02,Entregado
ORD-15378,2026-02-12 10:00:00,2026-02-13 20:00:00,2026-02-15 21:00:00,MED,TR-03,Entregado
ORD-15379,2026-01-27 12:00:00,2026-01-28 20:00:00,2026-01-30 22:00:00,BGA,TR-03,Entregado
ORD-15380,2026-02-15 08:00:00,2026-02-16 17:00:00,2026-02-17 13:00:00,BOG,TR-04,Entregado
ORD-15381,2026-02-04 11:00:00,2026-02-05 15:00:00,2026-02-07 18:00:00,MED,TR-03,Entregado
ORD-15382,2026-03-21 12:00:00,2026-03-24 15:00:00,2026-03-26 15:00:00,MED,TR-04,Entregado
ORD-15383,2026-06-03 16:00:00,2026-06-04 22:00:00,2026-06-05 22:00:00,BOG,TR-02,Entregado
ORD-15384,2026-05-27 17:00:00,2026-05-29 01:00:00,2026-05-31 05:00:00,MED,TR-01,Entregado
ORD-15385,2026-03-22 17:00:00,2026-03-23 22:00:00,2026-03-27 03:00:00,BAQ,TR-03,Entregado
ORD-15386,2026-05-30 14:00:00,2026-06-02 22:00:00,2026-06-05 20:00:00,BGA,TR-02,Entregado
ORD-15387,2026-02-27 15:00:00,2026-03-04 02:00:00,2026-03-05 06:00:00,BOG,TR-01,Entregado
ORD-15388,2026-06-05 08:00:00,2026-06-09 17:00:00,2026-06-10 20:00:00,BGA,TR-02,Entregado
ORD-15389,2026-06-21 11:00:00,2026-06-22 13:00:00,2026-06-24 13:00:00,BOG,TR-03,Entregado
ORD-15390,2026-06-20 12:00:00,2026-06-23 14:00:00,2026-06-24 18:00:00,BOG,TR-01,Entregado
ORD-15391,2026-03-07 08:00:00,2026-03-10 13:00:00,2026-03-13 14:00:00,BAQ,TR-03,Entregado
ORD-15392,2026-06-17 13:00:00,2026-06-18 23:00:00,2026-06-21 03:00:00,BGA,TR-03,Entregado
ORD-15393,2026-03-26 16:00:00,2026-03-27 19:00:00,2026-03-30 16:00:00,MED,TR-01,Entregado
ORD-15394,2026-05-24 18:00:00,2026-05-26 02:00:00,2026-05-29 05:00:00,CAL,TR-01,Entregado
ORD-15395,2026-01-02 17:00:00,2026-01-05 22:00:00,2026-01-07 22:00:00,BAQ,TR-03,Entregado
ORD-15396,2026-04-18 15:00:00,2026-04-21 22:00:00,2026-04-29 23:00:00,BGA,TR-04,Entregado
ORD-15397,2026-06-20 17:00:00,2026-06-24 23:00:00,2026-06-26 21:00:00,MED,TR-04,Entregado
ORD-15398,2026-02-26 08:00:00,2026-02-27 16:00:00,2026-03-01 21:00:00,BAQ,TR-01,Entregado
ORD-15399,2026-06-07 11:00:00,2026-06-08 17:00:00,2026-06-10 15:00:00,CAL,TR-01,Entregado
ORD-15400,2026-05-21 10:00:00,2026-05-22 21:00:00,2026-05-24 21:00:00,MED,TR-04,Entregado
ORD-15401,2026-01-07 16:00:00,2026-01-08 19:00:00,2026-01-10 00:00:00,BOG,TR-02,Entregado
ORD-15402,2026-02-23 15:00:00,2026-02-24 18:00:00,2026-02-27 17:00:00,BAQ,TR-01,Entregado
ORD-15403,2026-03-27 09:00:00,2026-03-30 18:00:00,2026-03-31 14:00:00,MED,TR-02,Entregado
ORD-15404,2026-03-02 14:00:00,2026-03-04 01:00:00,2026-03-04 21:00:00,BOG,TR-01,Entregado
ORD-15405,2026-01-02 09:00:00,2026-01-06 12:00:00,2026-01-07 10:00:00,BOG,TR-03,Entregado
ORD-15406,2026-01-31 08:00:00,2026-02-04 16:00:00,2026-02-06 21:00:00,BGA,TR-03,Entregado
ORD-15407,2026-03-21 18:00:00,2026-03-25 23:00:00,2026-03-29 04:00:00,CAL,TR-03,Entregado
ORD-15408,2026-06-10 14:00:00,2026-06-11 22:00:00,2026-06-12 18:00:00,CAL,TR-02,Entregado
ORD-15409,2026-05-08 19:00:00,2026-05-13 03:00:00,2026-05-14 01:00:00,BOG,TR-03,Entregado
ORD-15410,2026-04-17 10:00:00,2026-04-20 15:00:00,2026-04-21 18:00:00,BOG,TR-03,Entregado
ORD-15411,2026-03-22 18:00:00,2026-03-23 22:00:00,2026-03-25 20:00:00,BOG,TR-01,Entregado
ORD-15412,2026-05-14 18:00:00,2026-05-15 22:00:00,2026-05-16 19:00:00,MED,TR-01,Entregado
ORD-15413,2026-02-18 16:00:00,2026-02-19 18:00:00,2026-02-21 20:00:00,BOG,TR-04,Entregado
ORD-15414,2026-02-19 08:00:00,2026-02-20 15:00:00,2026-02-21 11:00:00,CAL,TR-03,Entregado
ORD-15415,2026-04-05 19:00:00,2026-04-07 02:00:00,2026-04-09 23:00:00,BAQ,TR-03,Entregado
ORD-15416,2026-01-23 13:00:00,2026-01-27 22:00:00,2026-01-30 21:00:00,MED,TR-04,Entregado
ORD-15417,2026-04-28 12:00:00,2026-04-29 20:00:00,2026-05-01 16:00:00,MED,TR-04,Entregado
ORD-15418,2026-02-28 11:00:00,2026-03-04 18:00:00,2026-03-07 18:00:00,MED,TR-03,Entregado
ORD-15419,2026-01-03 17:00:00,2026-01-08 02:00:00,2026-01-10 00:00:00,MED,TR-04,Entregado
ORD-15420,2026-02-26 08:00:00,2026-02-27 19:00:00,2026-02-28 17:00:00,CAL,TR-02,Entregado
ORD-15421,2026-06-16 17:00:00,2026-06-18 04:00:00,2026-06-21 07:00:00,BGA,TR-02,Entregado
ORD-15422,2026-02-24 19:00:00,2026-02-25 22:00:00,2026-02-27 21:00:00,MED,TR-04,Entregado
ORD-15423,2026-01-01 12:00:00,2026-01-02 21:00:00,2026-01-03 18:00:00,MED,TR-03,Entregado
ORD-15424,2026-01-21 11:00:00,2026-01-22 18:00:00,2026-01-23 22:00:00,MED,TR-02,Entregado
ORD-15425,2026-03-23 18:00:00,2026-03-25 02:00:00,2026-03-26 00:00:00,BOG,TR-03,Entregado
ORD-15426,2026-06-29 10:00:00,2026-06-30 14:00:00,2026-07-02 12:00:00,CAL,TR-01,Entregado
ORD-15427,2026-04-23 19:00:00,2026-04-25 06:00:00,2026-04-28 10:00:00,BAQ,TR-01,Entregado
ORD-15428,2026-06-09 17:00:00,2026-06-11 00:00:00,2026-06-12 23:00:00,MED,TR-01,Entregado
ORD-15429,2026-03-05 15:00:00,2026-03-06 20:00:00,2026-03-08 17:00:00,MED,TR-04,Entregado
ORD-15430,2026-03-10 11:00:00,2026-03-11 22:00:00,2026-03-12 18:00:00,BOG,TR-04,Entregado
ORD-15431,2026-01-28 12:00:00,2026-01-29 17:00:00,2026-01-31 21:00:00,MED,TR-04,Entregado
ORD-15432,2026-04-26 10:00:00,2026-04-27 18:00:00,2026-04-29 14:00:00,MED,TR-04,Entregado
ORD-15433,2026-01-04 08:00:00,2026-01-05 19:00:00,2026-01-09 16:00:00,BAQ,TR-04,Entregado
ORD-15434,2026-04-18 10:00:00,2026-04-22 18:00:00,2026-04-23 23:00:00,BOG,TR-01,Entregado
ORD-15435,2026-03-15 17:00:00,2026-03-17 01:00:00,2026-03-20 03:00:00,CAL,TR-04,Entregado
ORD-15436,2026-01-23 09:00:00,2026-01-27 11:00:00,2026-02-01 13:00:00,BGA,TR-04,Entregado
ORD-15437,2026-05-09 10:00:00,2026-05-13 20:00:00,2026-05-17 23:00:00,BAQ,TR-04,Entregado
ORD-15438,2026-03-05 12:00:00,2026-03-06 17:00:00,2026-03-09 18:00:00,BAQ,TR-02,Entregado
ORD-15439,2026-02-28 19:00:00,2026-03-04 22:00:00,2026-03-12 00:00:00,BGA,TR-04,Entregado
ORD-15440,2026-01-01 10:00:00,2026-01-02 16:00:00,2026-01-05 12:00:00,MED,TR-04,Entregado
ORD-15441,2026-03-08 12:00:00,2026-03-09 14:00:00,2026-03-12 17:00:00,MED,TR-04,Entregado
ORD-15442,2026-01-29 16:00:00,2026-01-30 22:00:00,2026-02-02 02:00:00,BGA,TR-03,Entregado
ORD-15443,2026-06-10 11:00:00,2026-06-11 21:00:00,2026-06-13 23:00:00,MED,TR-04,Entregado
ORD-15444,2026-05-02 17:00:00,2026-05-07 02:00:00,2026-05-08 23:00:00,BAQ,TR-04,Entregado
ORD-15445,2026-05-12 08:00:00,2026-05-13 13:00:00,2026-05-17 11:00:00,BAQ,TR-01,Entregado
ORD-15446,2026-01-14 09:00:00,2026-01-15 20:00:00,2026-01-17 21:00:00,MED,TR-04,Entregado
ORD-15447,2026-06-10 13:00:00,2026-06-12 00:00:00,2026-06-12 21:00:00,BOG,TR-02,Entregado
ORD-15448,2026-06-25 10:00:00,2026-06-26 14:00:00,2026-06-27 12:00:00,BOG,TR-03,Entregado
ORD-15449,2026-03-26 16:00:00,2026-03-27 22:00:00,2026-04-02 02:00:00,BGA,TR-04,Entregado
ORD-15450,2026-05-31 11:00:00,2026-06-01 16:00:00,2026-06-02 18:00:00,BOG,TR-04,Entregado
ORD-15451,2026-01-21 12:00:00,2026-01-22 23:00:00,2026-01-24 03:00:00,BOG,TR-02,Entregado
ORD-15452,2026-06-20 12:00:00,2026-06-23 20:00:00,2026-06-27 01:00:00,BGA,TR-03,Entregado
ORD-15453,2026-01-26 16:00:00,2026-01-28 02:00:00,2026-01-31 05:00:00,MED,TR-01,Entregado
ORD-15454,2026-05-02 10:00:00,2026-05-06 15:00:00,2026-05-09 16:00:00,BGA,TR-03,Entregado
ORD-15455,2026-02-07 15:00:00,2026-02-10 20:00:00,2026-02-12 22:00:00,CAL,TR-02,Entregado
ORD-15456,2026-01-11 16:00:00,2026-01-13 01:00:00,2026-01-15 04:00:00,CAL,TR-04,Entregado
ORD-15457,2026-01-29 14:00:00,2026-01-30 20:00:00,2026-02-02 20:00:00,BAQ,TR-02,Entregado
ORD-15458,2026-03-01 10:00:00,2026-03-02 17:00:00,2026-03-04 22:00:00,CAL,TR-03,Entregado
ORD-15459,2026-03-02 13:00:00,2026-03-04 00:00:00,2026-03-05 02:00:00,MED,TR-03,Entregado
ORD-15460,2026-05-27 08:00:00,2026-05-28 15:00:00,2026-05-29 12:00:00,BOG,TR-04,Entregado
ORD-15461,2026-01-22 08:00:00,2026-01-23 17:00:00,2026-01-25 15:00:00,BOG,TR-04,Entregado
ORD-15462,2026-05-03 19:00:00,2026-05-05 04:00:00,2026-05-08 07:00:00,BAQ,TR-04,Entregado
ORD-15463,2026-05-24 08:00:00,2026-05-25 15:00:00,2026-05-29 16:00:00,BAQ,TR-01,Entregado
ORD-15464,2026-03-18 13:00:00,2026-03-19 20:00:00,2026-03-21 23:00:00,MED,TR-04,Entregado
ORD-15465,2026-05-20 14:00:00,2026-05-21 22:00:00,2026-05-27 18:00:00,BAQ,TR-02,Entregado
ORD-15466,2026-02-20 13:00:00,2026-02-24 00:00:00,2026-02-26 02:00:00,MED,TR-03,Entregado
ORD-15467,2026-06-16 08:00:00,2026-06-17 13:00:00,2026-06-20 15:00:00,CAL,TR-03,Entregado
ORD-15468,2026-06-10 12:00:00,2026-06-11 21:00:00,2026-06-12 18:00:00,MED,TR-02,Entregado
ORD-15469,2026-06-08 16:00:00,2026-06-09 19:00:00,2026-06-11 17:00:00,BOG,TR-04,Entregado
ORD-15470,2026-04-22 08:00:00,2026-04-23 18:00:00,2026-04-24 22:00:00,BOG,TR-01,Entregado
ORD-15471,2026-02-21 17:00:00,2026-02-25 03:00:00,2026-02-26 06:00:00,BGA,TR-02,Entregado
ORD-15472,2026-03-15 16:00:00,2026-03-16 20:00:00,2026-03-19 21:00:00,MED,TR-01,Entregado
ORD-15473,2026-03-18 10:00:00,2026-03-19 14:00:00,2026-03-20 11:00:00,CAL,TR-03,Entregado
ORD-15474,2026-04-24 11:00:00,2026-04-28 20:00:00,2026-04-29 20:00:00,BOG,TR-02,Entregado
ORD-15475,2026-06-11 08:00:00,2026-06-12 10:00:00,2026-06-19 14:00:00,BGA,TR-04,Entregado
ORD-15476,2026-06-05 10:00:00,2026-06-09 20:00:00,2026-06-10 17:00:00,MED,TR-04,Entregado
ORD-15477,2026-03-28 08:00:00,2026-03-31 10:00:00,2026-04-03 10:00:00,BAQ,TR-03,Entregado
ORD-15478,2026-03-10 15:00:00,2026-03-11 18:00:00,2026-03-13 14:00:00,BGA,TR-03,Entregado
ORD-15479,2026-03-08 19:00:00,2026-03-10 01:00:00,2026-03-11 23:00:00,CAL,TR-02,Entregado
ORD-15480,2026-03-12 15:00:00,2026-03-13 18:00:00,2026-03-15 22:00:00,MED,TR-01,Entregado
ORD-15481,2026-05-31 19:00:00,2026-06-02 00:00:00,2026-06-03 00:00:00,BOG,TR-03,Entregado
ORD-15482,2026-05-26 15:00:00,2026-05-28 02:00:00,2026-05-29 04:00:00,BOG,TR-02,Entregado
ORD-15483,2026-02-22 14:00:00,2026-02-24 01:00:00,2026-02-27 02:00:00,BAQ,TR-01,Entregado
ORD-15484,2026-04-07 12:00:00,2026-04-08 18:00:00,2026-04-09 20:00:00,BOG,TR-04,Entregado
ORD-15485,2026-04-23 19:00:00,2026-04-25 00:00:00,2026-04-26 00:00:00,MED,TR-04,Entregado
ORD-15486,2026-05-05 15:00:00,2026-05-06 23:00:00,2026-05-12 22:00:00,BGA,TR-04,Entregado
ORD-15487,2026-06-29 11:00:00,2026-06-30 18:00:00,2026-07-03 19:00:00,CAL,TR-01,Entregado
ORD-15488,2026-06-11 12:00:00,2026-06-12 16:00:00,2026-06-13 15:00:00,BOG,TR-04,Entregado
ORD-15489,2026-06-10 16:00:00,2026-06-11 19:00:00,2026-06-12 21:00:00,BOG,TR-01,Entregado
ORD-15490,2026-02-07 09:00:00,2026-02-11 17:00:00,2026-02-12 21:00:00,BOG,TR-02,Entregado
ORD-15491,2026-05-02 17:00:00,2026-05-05 22:00:00,2026-05-06 23:00:00,BOG,TR-04,Entregado
ORD-15492,2026-05-09 11:00:00,2026-05-12 18:00:00,2026-05-14 20:00:00,BOG,TR-02,Entregado
ORD-15493,2026-02-08 13:00:00,2026-02-09 22:00:00,2026-02-11 19:00:00,MED,TR-02,Entregado
ORD-15494,2026-06-10 08:00:00,2026-06-11 18:00:00,2026-06-15 22:00:00,BAQ,TR-02,Entregado
ORD-15495,2026-01-20 12:00:00,2026-01-21 16:00:00,2026-01-23 16:00:00,MED,TR-04,Entregado
ORD-15496,2026-06-22 14:00:00,2026-06-23 21:00:00,2026-06-25 00:00:00,BOG,TR-03,Entregado
ORD-15497,2026-05-07 17:00:00,2026-05-09 03:00:00,2026-05-11 23:00:00,MED,TR-04,Entregado
ORD-15498,2026-03-28 09:00:00,2026-03-31 20:00:00,2026-04-01 18:00:00,BOG,TR-04,Entregado
ORD-15499,2026-03-03 11:00:00,2026-03-04 14:00:00,2026-03-06 16:00:00,BOG,TR-03,Entregado
ORD-15500,2026-02-11 19:00:00,2026-02-12 23:00:00,2026-02-14 01:00:00,BOG,TR-01,Entregado
ORD-15501,2026-03-06 17:00:00,2026-03-09 20:00:00,2026-03-10 21:00:00,BOG,TR-02,Entregado
ORD-15502,2026-03-14 10:00:00,2026-03-18 18:00:00,2026-03-21 23:00:00,BAQ,TR-03,Entregado
ORD-15503,2026-04-25 17:00:00,2026-04-29 22:00:00,2026-05-04 01:00:00,BAQ,TR-02,Entregado
ORD-15504,2026-05-17 17:00:00,2026-05-19 01:00:00,2026-05-20 04:00:00,BOG,TR-03,Entregado
ORD-15505,2026-06-28 15:00:00,2026-06-29 23:00:00,2026-06-30 23:00:00,BOG,TR-03,Entregado
ORD-15506,2026-03-19 10:00:00,2026-03-20 20:00:00,2026-03-21 20:00:00,BOG,TR-02,Entregado
ORD-15507,2026-06-01 16:00:00,2026-06-03 00:00:00,2026-06-04 00:00:00,BOG,TR-01,Entregado
ORD-15508,2026-05-21 09:00:00,2026-05-22 11:00:00,2026-05-24 16:00:00,BAQ,TR-01,Entregado
ORD-15509,2026-04-22 12:00:00,2026-04-23 23:00:00,,BOG,TR-01,Devuelto
ORD-15510,2026-05-27 16:00:00,2026-05-28 19:00:00,2026-05-29 20:00:00,BOG,TR-03,Entregado
ORD-15511,2026-02-16 13:00:00,2026-02-17 15:00:00,2026-02-18 18:00:00,BOG,TR-02,Entregado
ORD-15512,2026-06-10 12:00:00,2026-06-11 15:00:00,2026-06-13 17:00:00,BOG,TR-02,Entregado
ORD-15513,2026-06-16 11:00:00,2026-06-17 22:00:00,2026-06-19 03:00:00,BOG,TR-04,Entregado
ORD-15514,2026-03-13 17:00:00,2026-03-18 03:00:00,2026-03-20 01:00:00,CAL,TR-03,Entregado
ORD-15515,2026-01-09 16:00:00,2026-01-12 20:00:00,2026-01-14 20:00:00,CAL,TR-01,Entregado
ORD-15516,2026-01-02 10:00:00,2026-01-06 20:00:00,2026-01-08 23:00:00,BOG,TR-04,Entregado
ORD-15517,2026-01-20 17:00:00,2026-01-21 21:00:00,2026-01-24 20:00:00,MED,TR-03,Entregado
ORD-15518,2026-03-11 08:00:00,2026-03-12 11:00:00,2026-03-13 08:00:00,BOG,TR-03,Entregado
ORD-15519,2026-05-04 16:00:00,2026-05-05 18:00:00,2026-05-08 20:00:00,BGA,TR-02,Entregado
ORD-15520,2026-04-04 11:00:00,2026-04-08 19:00:00,2026-04-09 20:00:00,MED,TR-02,Entregado
ORD-15521,2026-05-11 14:00:00,2026-05-12 16:00:00,2026-05-13 16:00:00,CAL,TR-01,Entregado
ORD-15522,2026-02-20 09:00:00,2026-02-23 18:00:00,2026-02-26 17:00:00,BAQ,TR-03,Entregado
ORD-15523,2026-06-03 15:00:00,2026-06-04 23:00:00,2026-06-07 03:00:00,CAL,TR-04,Entregado
ORD-15524,2026-01-08 08:00:00,2026-01-09 15:00:00,2026-01-10 19:00:00,MED,TR-04,Entregado
ORD-15525,2026-06-14 16:00:00,2026-06-15 23:00:00,2026-06-16 22:00:00,BOG,TR-03,Entregado
ORD-15526,2026-06-04 11:00:00,2026-06-05 17:00:00,2026-06-08 17:00:00,MED,TR-02,Entregado
ORD-15527,2026-03-27 17:00:00,2026-04-01 02:00:00,2026-04-03 00:00:00,MED,TR-02,Entregado
ORD-15528,2026-04-20 10:00:00,2026-04-21 13:00:00,,MED,TR-02,Devuelto
ORD-15529,2026-02-06 14:00:00,2026-02-10 21:00:00,2026-02-11 17:00:00,BGA,TR-01,Entregado
ORD-15530,2026-02-02 14:00:00,2026-02-03 18:00:00,2026-02-05 14:00:00,MED,TR-04,Entregado
ORD-15531,2026-05-05 19:00:00,2026-05-06 21:00:00,2026-05-07 21:00:00,BOG,TR-04,Entregado
ORD-15532,2026-01-11 15:00:00,2026-01-12 22:00:00,2026-01-14 18:00:00,CAL,TR-03,Entregado
ORD-15533,2026-03-13 16:00:00,2026-03-16 22:00:00,2026-03-18 20:00:00,CAL,TR-04,Entregado
ORD-15534,2026-06-15 19:00:00,2026-06-17 05:00:00,2026-06-18 04:00:00,BOG,TR-03,Entregado
ORD-15535,2026-03-27 09:00:00,2026-03-30 17:00:00,2026-03-31 17:00:00,BOG,TR-02,Entregado
ORD-15536,2026-01-19 11:00:00,2026-01-20 21:00:00,2026-01-21 22:00:00,MED,TR-01,Entregado
ORD-15537,2026-01-14 08:00:00,2026-01-15 10:00:00,2026-01-17 10:00:00,BOG,TR-02,Entregado
ORD-15538,2026-01-10 11:00:00,2026-01-13 13:00:00,2026-01-14 17:00:00,BGA,TR-03,Entregado
ORD-15539,2026-04-02 18:00:00,2026-04-04 00:00:00,2026-04-07 03:00:00,CAL,TR-02,Entregado
ORD-15540,2026-03-21 18:00:00,2026-03-25 20:00:00,2026-03-27 23:00:00,BAQ,TR-03,Entregado
ORD-15541,2026-06-29 08:00:00,2026-06-30 12:00:00,2026-07-01 11:00:00,BOG,TR-02,Entregado
ORD-15542,2026-01-19 12:00:00,2026-01-20 20:00:00,2026-01-22 01:00:00,BOG,TR-01,Entregado
ORD-15543,2026-01-22 16:00:00,2026-01-24 01:00:00,2026-01-25 02:00:00,BOG,TR-03,Entregado
ORD-15544,2026-01-09 16:00:00,2026-01-14 02:00:00,2026-01-16 01:00:00,BOG,TR-02,Entregado
ORD-15545,2026-01-27 08:00:00,2026-01-28 11:00:00,2026-01-30 15:00:00,BGA,TR-02,Entregado
ORD-15546,2026-06-21 16:00:00,2026-06-23 02:00:00,2026-06-25 02:00:00,MED,TR-01,Entregado
ORD-15547,2026-02-14 15:00:00,2026-02-18 00:00:00,2026-02-20 01:00:00,BOG,TR-01,Entregado
ORD-15548,2026-05-26 18:00:00,2026-05-28 00:00:00,2026-05-28 21:00:00,BOG,TR-03,Entregado
ORD-15549,2026-02-02 08:00:00,2026-02-03 16:00:00,2026-02-05 21:00:00,BOG,TR-02,Entregado
ORD-15550,2026-01-06 16:00:00,2026-01-07 20:00:00,2026-01-10 17:00:00,MED,TR-02,Entregado
ORD-15551,2026-01-05 18:00:00,2026-01-06 20:00:00,2026-01-08 23:00:00,MED,TR-02,Entregado
ORD-15552,2026-03-21 09:00:00,2026-03-24 18:00:00,2026-03-29 19:00:00,BGA,TR-04,Entregado
ORD-15553,2026-06-26 09:00:00,2026-06-29 11:00:00,2026-07-05 13:00:00,BAQ,TR-02,Entregado
ORD-15554,2026-03-06 10:00:00,2026-03-10 16:00:00,2026-03-17 16:00:00,BGA,TR-04,Entregado
ORD-15555,2026-05-16 10:00:00,2026-05-20 16:00:00,2026-05-23 20:00:00,CAL,TR-02,Entregado
ORD-15556,2026-01-25 17:00:00,2026-01-26 20:00:00,2026-01-29 01:00:00,BGA,TR-02,Entregado
ORD-15557,2026-03-10 14:00:00,2026-03-11 19:00:00,2026-03-12 15:00:00,BOG,TR-03,Entregado
ORD-15558,2026-06-17 10:00:00,2026-06-18 18:00:00,2026-06-19 23:00:00,BOG,TR-03,Entregado
ORD-15559,2026-03-23 09:00:00,2026-03-24 12:00:00,2026-03-26 11:00:00,MED,TR-01,Entregado
ORD-15560,2026-04-27 08:00:00,2026-04-28 19:00:00,2026-04-29 23:00:00,BOG,TR-03,Entregado
ORD-15561,2026-04-21 09:00:00,2026-04-22 15:00:00,2026-04-24 14:00:00,MED,TR-04,Entregado
ORD-15562,2026-05-05 16:00:00,2026-05-06 20:00:00,2026-05-07 22:00:00,BOG,TR-04,Entregado
ORD-15563,2026-01-16 13:00:00,2026-01-20 18:00:00,2026-01-22 16:00:00,CAL,TR-04,Entregado
ORD-15564,2026-06-18 14:00:00,2026-06-19 17:00:00,2026-06-20 16:00:00,MED,TR-04,Entregado
ORD-15565,2026-03-19 18:00:00,2026-03-21 05:00:00,2026-03-22 06:00:00,BOG,TR-01,Entregado
ORD-15566,2026-03-04 16:00:00,2026-03-05 18:00:00,2026-03-07 22:00:00,MED,TR-02,Entregado
ORD-15567,2026-06-09 13:00:00,2026-06-10 20:00:00,2026-06-12 19:00:00,MED,TR-02,Entregado
ORD-15568,2026-05-30 18:00:00,2026-06-02 21:00:00,2026-06-04 02:00:00,BOG,TR-03,Entregado
ORD-15569,2026-05-24 11:00:00,2026-05-25 17:00:00,2026-05-27 16:00:00,MED,TR-01,Entregado
ORD-15570,2026-01-29 19:00:00,2026-01-31 01:00:00,2026-01-31 23:00:00,MED,TR-01,Entregado
ORD-15571,2026-05-25 12:00:00,2026-05-26 19:00:00,2026-05-27 16:00:00,BGA,TR-01,Entregado
ORD-15572,2026-03-05 18:00:00,2026-03-07 01:00:00,2026-03-08 01:00:00,BOG,TR-04,Entregado
ORD-15573,2026-03-30 15:00:00,2026-04-01 00:00:00,2026-04-03 01:00:00,BGA,TR-02,Entregado
ORD-15574,2026-01-05 19:00:00,2026-01-07 03:00:00,2026-01-08 04:00:00,BOG,TR-01,Entregado
ORD-15575,2026-06-18 10:00:00,2026-06-19 18:00:00,2026-06-22 16:00:00,BAQ,TR-01,Entregado
ORD-15576,2026-02-02 16:00:00,2026-02-03 19:00:00,2026-02-07 00:00:00,MED,TR-02,Entregado
ORD-15577,2026-02-19 15:00:00,2026-02-21 00:00:00,2026-02-21 23:00:00,CAL,TR-02,Entregado
ORD-15578,2026-05-17 16:00:00,2026-05-18 20:00:00,2026-05-19 18:00:00,MED,TR-02,Entregado
ORD-15579,2026-06-27 14:00:00,2026-06-30 18:00:00,2026-07-01 17:00:00,BOG,TR-01,Entregado
ORD-15580,2026-04-01 11:00:00,2026-04-02 14:00:00,2026-04-03 18:00:00,BOG,TR-01,Entregado
ORD-15581,2026-06-22 08:00:00,2026-06-23 17:00:00,2026-06-24 18:00:00,MED,TR-03,Entregado
ORD-15582,2026-02-25 09:00:00,2026-02-26 15:00:00,2026-02-27 20:00:00,BOG,TR-02,Entregado
ORD-15583,2026-02-15 10:00:00,2026-02-16 20:00:00,2026-02-20 21:00:00,BAQ,TR-01,Entregado
ORD-15584,2026-05-22 10:00:00,2026-05-26 18:00:00,2026-06-01 16:00:00,BAQ,TR-02,Entregado
ORD-15585,2026-01-23 14:00:00,2026-01-26 20:00:00,2026-01-28 20:00:00,BAQ,TR-04,Entregado
ORD-15586,2026-04-04 09:00:00,2026-04-08 17:00:00,2026-04-11 14:00:00,CAL,TR-03,Entregado
ORD-15587,2026-05-31 18:00:00,2026-06-01 22:00:00,2026-06-02 23:00:00,CAL,TR-04,Entregado
ORD-15588,2026-02-23 17:00:00,2026-02-24 20:00:00,2026-02-26 22:00:00,MED,TR-03,Entregado
ORD-15589,2026-03-18 16:00:00,2026-03-19 20:00:00,2026-03-20 20:00:00,MED,TR-03,Entregado
ORD-15590,2026-04-08 14:00:00,2026-04-09 17:00:00,2026-04-11 16:00:00,CAL,TR-02,Entregado
ORD-15591,2026-05-08 12:00:00,2026-05-12 16:00:00,2026-05-15 21:00:00,BAQ,TR-01,Entregado
ORD-15592,2026-03-02 13:00:00,2026-03-03 18:00:00,2026-03-04 17:00:00,CAL,TR-03,Entregado
ORD-15593,2026-04-28 11:00:00,2026-04-29 16:00:00,2026-04-30 14:00:00,BGA,TR-02,Entregado
ORD-15594,2026-02-18 16:00:00,2026-02-20 00:00:00,2026-02-21 21:00:00,MED,TR-04,Entregado
ORD-15595,2026-06-29 09:00:00,2026-06-30 12:00:00,2026-07-01 13:00:00,BOG,TR-04,Entregado
ORD-15596,2026-04-30 09:00:00,2026-05-01 19:00:00,2026-05-02 15:00:00,BOG,TR-02,Entregado
ORD-15597,2026-05-03 13:00:00,2026-05-05 00:00:00,2026-05-06 20:00:00,BAQ,TR-01,Entregado
ORD-15598,2026-06-20 15:00:00,2026-06-24 20:00:00,2026-06-26 17:00:00,BOG,TR-02,Entregado
ORD-15599,2026-02-28 08:00:00,2026-03-03 16:00:00,2026-03-06 13:00:00,BGA,TR-01,Entregado
ORD-15600,2026-01-12 11:00:00,2026-01-13 21:00:00,2026-01-14 17:00:00,BOG,TR-04,Entregado
ORD-15601,2026-04-27 16:00:00,2026-04-29 01:00:00,2026-04-30 00:00:00,BOG,TR-01,Entregado
ORD-15602,2026-05-03 14:00:00,2026-05-05 01:00:00,2026-05-07 03:00:00,BAQ,TR-04,Entregado
ORD-15603,2026-03-10 12:00:00,2026-03-11 20:00:00,2026-03-12 17:00:00,CAL,TR-03,Entregado
ORD-15604,2026-03-22 16:00:00,2026-03-23 23:00:00,2026-03-24 19:00:00,BOG,TR-02,Entregado
ORD-15605,2026-01-06 16:00:00,2026-01-07 20:00:00,2026-01-08 16:00:00,BOG,TR-03,Entregado
ORD-15606,2026-05-27 12:00:00,2026-05-28 16:00:00,2026-05-31 14:00:00,MED,TR-03,Entregado
ORD-15607,2026-03-07 17:00:00,2026-03-10 22:00:00,2026-03-11 18:00:00,BOG,TR-03,Entregado
ORD-15608,2026-05-24 12:00:00,2026-05-25 22:00:00,2026-05-28 03:00:00,BOG,TR-01,Entregado
ORD-15609,2026-03-18 15:00:00,2026-03-19 23:00:00,2026-03-20 21:00:00,BOG,TR-02,Entregado
ORD-15610,2026-06-20 09:00:00,2026-06-23 13:00:00,2026-06-24 13:00:00,BGA,TR-02,Entregado
ORD-15611,2026-04-30 11:00:00,2026-05-01 21:00:00,2026-05-03 01:00:00,BOG,TR-04,Entregado
ORD-15612,2026-06-03 17:00:00,2026-06-05 02:00:00,2026-06-06 22:00:00,MED,TR-02,Entregado
ORD-15613,2026-06-08 08:00:00,2026-06-09 10:00:00,2026-06-11 07:00:00,MED,TR-02,Entregado
ORD-15614,2026-06-06 12:00:00,2026-06-09 21:00:00,2026-06-10 20:00:00,BOG,TR-04,Entregado
ORD-15615,2026-03-18 08:00:00,2026-03-19 18:00:00,2026-03-21 21:00:00,BOG,TR-03,Entregado
ORD-15616,2026-05-11 10:00:00,2026-05-12 17:00:00,,BOG,TR-03,Devuelto
ORD-15617,2026-06-12 15:00:00,2026-06-16 02:00:00,2026-06-18 06:00:00,MED,TR-04,Entregado
ORD-15618,2026-04-03 14:00:00,2026-04-07 20:00:00,2026-04-09 19:00:00,BAQ,TR-03,Entregado
ORD-15619,2026-03-23 18:00:00,2026-03-25 02:00:00,2026-03-26 06:00:00,BOG,TR-02,Entregado
ORD-15620,2026-06-20 08:00:00,2026-06-23 13:00:00,2026-06-24 17:00:00,CAL,TR-02,Entregado
ORD-15621,2026-03-01 13:00:00,2026-03-02 23:00:00,2026-03-04 19:00:00,MED,TR-03,Entregado
ORD-15622,2026-02-09 08:00:00,2026-02-10 16:00:00,2026-02-18 16:00:00,BGA,TR-04,Entregado
ORD-15623,2026-06-06 17:00:00,2026-06-10 01:00:00,2026-06-12 23:00:00,MED,TR-02,Entregado
ORD-15624,2026-05-01 10:00:00,2026-05-04 15:00:00,2026-05-06 19:00:00,BOG,TR-04,Entregado
ORD-15625,2026-01-03 11:00:00,2026-01-07 20:00:00,2026-01-08 23:00:00,BOG,TR-03,Entregado
ORD-15626,2026-02-12 08:00:00,2026-02-13 14:00:00,2026-02-14 17:00:00,BOG,TR-03,Entregado
ORD-15627,2026-06-18 18:00:00,2026-06-19 23:00:00,2026-06-21 23:00:00,MED,TR-04,Entregado
ORD-15628,2026-04-25 17:00:00,2026-04-30 03:00:00,2026-05-01 08:00:00,BOG,TR-04,Entregado
ORD-15629,2026-06-13 08:00:00,2026-06-17 13:00:00,2026-06-19 09:00:00,MED,TR-01,Entregado
ORD-15630,2026-03-25 08:00:00,2026-03-26 10:00:00,2026-03-27 09:00:00,BOG,TR-02,Entregado
ORD-15631,2026-01-05 12:00:00,2026-01-06 22:00:00,2026-01-08 01:00:00,BOG,TR-01,Entregado
ORD-15632,2026-03-19 18:00:00,2026-03-21 05:00:00,2026-03-27 03:00:00,BGA,TR-04,Entregado
ORD-15633,2026-03-28 15:00:00,2026-04-02 00:00:00,2026-04-02 21:00:00,BOG,TR-01,Entregado
ORD-15634,2026-03-24 13:00:00,2026-03-25 19:00:00,2026-03-28 19:00:00,MED,TR-04,Entregado
ORD-15635,2026-05-12 10:00:00,2026-05-13 18:00:00,2026-05-14 14:00:00,BOG,TR-01,Entregado
ORD-15636,2026-04-05 16:00:00,2026-04-06 18:00:00,2026-04-09 18:00:00,CAL,TR-01,Entregado
ORD-15637,2026-02-22 14:00:00,2026-02-23 17:00:00,2026-02-26 19:00:00,BGA,TR-03,Entregado
ORD-15638,2026-03-01 13:00:00,2026-03-02 17:00:00,2026-03-04 15:00:00,CAL,TR-02,Entregado
ORD-15639,2026-03-15 12:00:00,2026-03-16 20:00:00,2026-03-18 22:00:00,MED,TR-01,Entregado
ORD-15640,2026-01-23 18:00:00,2026-01-26 22:00:00,2026-01-28 02:00:00,MED,TR-04,Entregado
ORD-15641,2026-03-11 17:00:00,2026-03-12 19:00:00,2026-03-15 21:00:00,BAQ,TR-01,Entregado
ORD-15642,2026-04-19 10:00:00,2026-04-20 19:00:00,2026-04-22 15:00:00,BAQ,TR-02,Entregado
ORD-15643,2026-02-19 19:00:00,2026-02-21 00:00:00,2026-02-22 01:00:00,BOG,TR-01,Entregado
ORD-15644,2026-01-19 08:00:00,2026-01-20 11:00:00,2026-01-21 15:00:00,MED,TR-04,Entregado
ORD-15645,2026-02-09 13:00:00,2026-02-10 17:00:00,2026-02-13 13:00:00,CAL,TR-01,Entregado
ORD-15646,2026-04-22 09:00:00,2026-04-23 12:00:00,2026-04-24 10:00:00,MED,TR-04,Entregado
ORD-15647,2026-02-09 13:00:00,2026-02-10 15:00:00,2026-02-12 20:00:00,MED,TR-02,Entregado
ORD-15648,2026-02-17 14:00:00,2026-02-18 16:00:00,2026-02-21 12:00:00,MED,TR-03,Entregado
ORD-15649,2026-03-16 08:00:00,2026-03-17 17:00:00,2026-03-19 17:00:00,MED,TR-04,Entregado
ORD-15650,2026-06-28 18:00:00,2026-06-29 21:00:00,2026-07-02 01:00:00,CAL,TR-04,Entregado
ORD-15651,2026-01-08 13:00:00,2026-01-09 16:00:00,2026-01-11 14:00:00,CAL,TR-04,Entregado
ORD-15652,2026-03-09 18:00:00,2026-03-11 05:00:00,2026-03-13 10:00:00,CAL,TR-03,Entregado
ORD-15653,2026-05-17 17:00:00,2026-05-19 02:00:00,2026-05-20 06:00:00,MED,TR-04,Entregado
ORD-15654,2026-05-10 13:00:00,2026-05-11 20:00:00,2026-05-12 23:00:00,BOG,TR-03,Entregado
ORD-15655,2026-03-31 18:00:00,2026-04-02 00:00:00,2026-04-03 23:00:00,BOG,TR-04,Entregado
ORD-15656,2026-05-27 19:00:00,2026-05-29 05:00:00,2026-06-01 06:00:00,MED,TR-04,Entregado
ORD-15657,2026-03-13 15:00:00,2026-03-17 21:00:00,2026-03-21 01:00:00,MED,TR-02,Entregado
ORD-15658,2026-04-22 19:00:00,2026-04-23 21:00:00,2026-04-24 20:00:00,BOG,TR-02,Entregado
ORD-15659,2026-02-25 17:00:00,2026-02-26 22:00:00,2026-02-27 23:00:00,BOG,TR-01,Entregado
ORD-15660,2026-04-30 10:00:00,2026-05-01 18:00:00,2026-05-04 23:00:00,CAL,TR-02,Entregado
ORD-15661,2026-02-01 09:00:00,2026-02-02 13:00:00,2026-02-04 14:00:00,BOG,TR-01,Entregado
ORD-15662,2026-06-18 09:00:00,2026-06-19 17:00:00,2026-06-21 21:00:00,MED,TR-01,Entregado
ORD-15663,2026-01-25 11:00:00,2026-01-26 14:00:00,2026-01-28 12:00:00,MED,TR-01,Entregado
ORD-15664,2026-03-07 17:00:00,2026-03-11 20:00:00,2026-03-13 23:00:00,MED,TR-03,Entregado
ORD-15665,2026-06-13 16:00:00,2026-06-17 20:00:00,2026-06-20 16:00:00,MED,TR-01,Entregado
ORD-15666,2026-03-17 16:00:00,2026-03-19 02:00:00,2026-03-22 01:00:00,MED,TR-03,Entregado
ORD-15667,2026-06-13 16:00:00,2026-06-17 18:00:00,2026-06-18 16:00:00,BOG,TR-01,Entregado
ORD-15668,2026-02-07 08:00:00,2026-02-11 10:00:00,2026-02-12 06:00:00,BOG,TR-04,Entregado
ORD-15669,2026-06-19 13:00:00,2026-06-22 16:00:00,2026-06-24 17:00:00,MED,TR-01,Entregado
ORD-15670,2026-03-30 09:00:00,2026-03-31 17:00:00,2026-04-01 16:00:00,BOG,TR-04,Entregado
ORD-15671,2026-03-11 09:00:00,2026-03-12 20:00:00,2026-03-14 01:00:00,BOG,TR-04,Entregado
ORD-15672,2026-04-26 15:00:00,2026-04-27 17:00:00,2026-04-29 19:00:00,BGA,TR-03,Entregado
ORD-15673,2026-01-13 14:00:00,2026-01-14 20:00:00,2026-01-17 17:00:00,BAQ,TR-04,Entregado
ORD-15674,2026-02-12 19:00:00,2026-02-14 06:00:00,2026-02-15 05:00:00,MED,TR-03,Entregado
ORD-15675,2026-02-26 14:00:00,2026-02-28 00:00:00,2026-03-01 21:00:00,CAL,TR-03,Entregado
ORD-15676,2026-01-17 09:00:00,2026-01-20 14:00:00,2026-01-21 11:00:00,MED,TR-04,Entregado
ORD-15677,2026-02-01 13:00:00,2026-02-02 18:00:00,2026-02-04 22:00:00,CAL,TR-03,Entregado
ORD-15678,2026-02-24 10:00:00,2026-02-25 20:00:00,2026-03-03 21:00:00,BAQ,TR-02,Entregado
ORD-15679,2026-01-13 14:00:00,2026-01-14 22:00:00,2026-01-20 01:00:00,BGA,TR-04,Entregado
ORD-15680,2026-03-03 13:00:00,2026-03-05 00:00:00,2026-03-06 00:00:00,BOG,TR-02,Entregado
ORD-15681,2026-01-29 13:00:00,2026-01-30 23:00:00,2026-01-31 19:00:00,BOG,TR-04,Entregado
ORD-15682,2026-03-06 12:00:00,2026-03-10 22:00:00,2026-03-12 19:00:00,MED,TR-01,Entregado
ORD-15683,2026-06-12 14:00:00,2026-06-16 21:00:00,2026-06-17 21:00:00,MED,TR-01,Entregado
ORD-15684,2026-04-11 14:00:00,2026-04-15 20:00:00,2026-04-18 00:00:00,MED,TR-04,Entregado
ORD-15685,2026-06-23 10:00:00,2026-06-24 16:00:00,,BOG,TR-01,Devuelto
ORD-15686,2026-06-22 17:00:00,2026-06-24 02:00:00,2026-06-28 22:00:00,BGA,TR-04,Entregado
ORD-15687,2026-03-07 13:00:00,2026-03-12 00:00:00,2026-03-13 05:00:00,BOG,TR-03,Entregado
ORD-15688,2026-03-13 11:00:00,2026-03-17 18:00:00,2026-03-18 21:00:00,BOG,TR-03,Entregado
ORD-15689,2026-01-25 19:00:00,2026-01-26 22:00:00,2026-01-28 23:00:00,MED,TR-04,Entregado
ORD-15690,2026-03-01 15:00:00,2026-03-02 21:00:00,2026-03-05 19:00:00,CAL,TR-04,Entregado
ORD-15691,2026-01-07 14:00:00,2026-01-08 20:00:00,2026-01-11 23:00:00,BAQ,TR-01,Entregado
ORD-15692,2026-02-15 13:00:00,2026-02-16 16:00:00,,BOG,TR-04,Perdido
ORD-15693,2026-05-21 12:00:00,2026-05-22 16:00:00,2026-05-25 14:00:00,MED,TR-04,Entregado
ORD-15694,2026-01-01 18:00:00,2026-01-03 00:00:00,2026-01-04 01:00:00,BOG,TR-02,Entregado
ORD-15695,2026-05-27 19:00:00,2026-05-28 23:00:00,2026-05-31 01:00:00,CAL,TR-03,Entregado
ORD-15696,2026-02-02 11:00:00,2026-02-03 22:00:00,,MED,TR-03,Devuelto
ORD-15697,2026-01-03 18:00:00,2026-01-07 20:00:00,2026-01-09 22:00:00,CAL,TR-03,Entregado
ORD-15698,2026-02-21 16:00:00,2026-02-24 19:00:00,2026-02-26 20:00:00,MED,TR-01,Entregado
ORD-15699,2026-01-28 13:00:00,2026-01-30 00:00:00,2026-02-01 01:00:00,MED,TR-02,Entregado
ORD-15700,2026-02-26 19:00:00,2026-02-28 01:00:00,2026-03-03 01:00:00,CAL,TR-04,Entregado
ORD-15701,2026-05-24 15:00:00,2026-05-25 20:00:00,2026-05-26 19:00:00,BOG,TR-01,Entregado
ORD-15702,2026-06-18 17:00:00,2026-06-20 03:00:00,2026-06-23 06:00:00,BAQ,TR-01,Entregado
ORD-15703,2026-03-18 19:00:00,2026-03-20 05:00:00,2026-03-22 03:00:00,BOG,TR-04,Entregado
ORD-15704,2026-03-10 12:00:00,2026-03-11 22:00:00,2026-03-15 23:00:00,BGA,TR-04,Entregado
ORD-15705,2026-06-08 19:00:00,2026-06-10 04:00:00,2026-06-12 06:00:00,CAL,TR-01,Entregado
ORD-15706,2026-04-02 09:00:00,2026-04-03 12:00:00,2026-04-05 14:00:00,BAQ,TR-03,Entregado
ORD-15707,2026-02-13 18:00:00,2026-02-17 22:00:00,2026-02-20 02:00:00,MED,TR-01,Entregado
ORD-15708,2026-04-09 17:00:00,2026-04-10 19:00:00,2026-04-12 18:00:00,MED,TR-03,Entregado
ORD-15709,2026-05-01 14:00:00,2026-05-04 17:00:00,2026-05-06 16:00:00,BOG,TR-01,Entregado
ORD-15710,2026-04-25 19:00:00,2026-04-29 03:00:00,2026-04-29 23:00:00,BOG,TR-01,Entregado
ORD-15711,2026-05-26 08:00:00,2026-05-27 11:00:00,2026-05-29 08:00:00,MED,TR-01,Entregado
ORD-15712,2026-02-25 12:00:00,2026-02-26 19:00:00,2026-02-27 18:00:00,BOG,TR-04,Entregado
ORD-15713,2026-02-28 19:00:00,2026-03-05 03:00:00,2026-03-06 07:00:00,CAL,TR-01,Entregado
ORD-15714,2026-05-10 08:00:00,2026-05-11 11:00:00,2026-05-14 11:00:00,MED,TR-03,Entregado
ORD-15715,2026-06-16 18:00:00,2026-06-17 20:00:00,2026-06-18 22:00:00,BOG,TR-02,Entregado
ORD-15716,2026-04-17 09:00:00,2026-04-20 14:00:00,2026-04-22 19:00:00,CAL,TR-01,Entregado
ORD-15717,2026-05-25 09:00:00,2026-05-26 20:00:00,2026-05-30 00:00:00,MED,TR-04,Entregado
ORD-15718,2026-06-16 14:00:00,2026-06-17 18:00:00,2026-06-22 17:00:00,BAQ,TR-02,Entregado
ORD-15719,2026-04-16 13:00:00,2026-04-17 21:00:00,2026-04-19 00:00:00,BOG,TR-04,Entregado
ORD-15720,2026-04-04 19:00:00,2026-04-08 06:00:00,2026-04-11 02:00:00,MED,TR-01,Entregado
ORD-15721,2026-02-04 18:00:00,2026-02-05 22:00:00,2026-02-07 19:00:00,BAQ,TR-02,Entregado
ORD-15722,2026-03-02 19:00:00,2026-03-04 03:00:00,2026-03-05 02:00:00,MED,TR-04,Entregado
ORD-15723,2026-05-01 11:00:00,2026-05-05 22:00:00,2026-05-07 02:00:00,MED,TR-03,Entregado
ORD-15724,2026-01-25 11:00:00,2026-01-26 14:00:00,2026-01-27 19:00:00,BOG,TR-02,Entregado
ORD-15725,2026-04-24 11:00:00,2026-04-28 13:00:00,2026-04-29 14:00:00,BOG,TR-01,Entregado
ORD-15726,2026-06-15 12:00:00,2026-06-16 23:00:00,2026-06-17 22:00:00,CAL,TR-01,Entregado
ORD-15727,2026-06-24 08:00:00,2026-06-25 16:00:00,2026-06-27 17:00:00,BOG,TR-04,Entregado
ORD-15728,2026-05-11 12:00:00,2026-05-12 21:00:00,2026-05-14 01:00:00,BOG,TR-03,Entregado
ORD-15729,2026-03-27 08:00:00,2026-03-31 17:00:00,2026-04-02 18:00:00,BOG,TR-01,Entregado
ORD-15730,2026-05-06 16:00:00,2026-05-08 00:00:00,2026-05-11 01:00:00,BGA,TR-01,Entregado
ORD-15731,2026-03-03 10:00:00,2026-03-04 15:00:00,2026-03-06 16:00:00,BAQ,TR-02,Entregado
ORD-15732,2026-01-13 10:00:00,2026-01-14 14:00:00,2026-01-15 10:00:00,BOG,TR-02,Entregado
ORD-15733,2026-02-12 09:00:00,2026-02-13 13:00:00,2026-02-14 12:00:00,BOG,TR-01,Entregado
ORD-15734,2026-04-21 10:00:00,2026-04-22 17:00:00,2026-04-23 18:00:00,CAL,TR-03,Entregado
ORD-15735,2026-05-24 09:00:00,2026-05-25 18:00:00,2026-05-27 23:00:00,MED,TR-04,Entregado
ORD-15736,2026-05-15 11:00:00,2026-05-18 16:00:00,2026-05-20 18:00:00,MED,TR-01,Entregado
ORD-15737,2026-06-18 17:00:00,2026-06-20 01:00:00,2026-06-20 22:00:00,BOG,TR-01,Entregado
ORD-15738,2026-05-15 19:00:00,2026-05-19 23:00:00,2026-05-22 03:00:00,MED,TR-01,Entregado
ORD-15739,2026-02-09 10:00:00,2026-02-10 15:00:00,2026-02-14 20:00:00,BAQ,TR-02,Entregado
ORD-15740,2026-06-14 09:00:00,2026-06-15 13:00:00,2026-06-18 11:00:00,MED,TR-01,Entregado
ORD-15741,2026-04-22 14:00:00,2026-04-23 18:00:00,2026-04-26 22:00:00,CAL,TR-03,Entregado
ORD-15742,2026-03-18 15:00:00,2026-03-20 02:00:00,2026-03-20 22:00:00,BOG,TR-04,Entregado
ORD-15743,2026-04-15 18:00:00,2026-04-17 01:00:00,2026-04-19 06:00:00,BOG,TR-02,Entregado
ORD-15744,2026-04-17 14:00:00,2026-04-20 16:00:00,2026-04-22 15:00:00,MED,TR-03,Entregado
ORD-15745,2026-05-02 17:00:00,2026-05-07 03:00:00,2026-05-09 07:00:00,BOG,TR-03,Entregado
ORD-15746,2026-05-05 15:00:00,2026-05-06 19:00:00,2026-05-09 18:00:00,BAQ,TR-03,Entregado
ORD-15747,2026-06-21 16:00:00,2026-06-22 19:00:00,2026-06-25 23:00:00,MED,TR-03,Entregado
ORD-15748,2026-05-14 19:00:00,2026-05-16 01:00:00,2026-05-17 02:00:00,BOG,TR-04,Entregado
ORD-15749,2026-02-01 19:00:00,2026-02-03 02:00:00,2026-02-05 04:00:00,BAQ,TR-03,Entregado
ORD-15750,2026-04-24 09:00:00,2026-04-27 17:00:00,2026-04-30 13:00:00,MED,TR-01,Entregado
ORD-15751,2026-03-09 16:00:00,2026-03-11 01:00:00,2026-03-12 21:00:00,BOG,TR-03,Entregado
ORD-15752,2026-05-15 09:00:00,2026-05-19 17:00:00,2026-05-22 14:00:00,CAL,TR-04,Entregado
ORD-15753,2026-01-08 18:00:00,2026-01-09 23:00:00,2026-01-12 01:00:00,BGA,TR-01,Entregado
ORD-15754,2026-05-15 16:00:00,2026-05-18 21:00:00,2026-05-20 20:00:00,MED,TR-04,Entregado
ORD-15755,2026-02-09 10:00:00,2026-02-10 20:00:00,2026-02-12 23:00:00,CAL,TR-02,Entregado
ORD-15756,2026-05-25 09:00:00,2026-05-26 16:00:00,2026-05-27 12:00:00,MED,TR-03,Entregado
ORD-15757,2026-04-20 09:00:00,2026-04-21 13:00:00,2026-04-22 17:00:00,BOG,TR-02,Entregado
ORD-15758,2026-04-22 11:00:00,2026-04-23 13:00:00,2026-04-25 12:00:00,MED,TR-01,Entregado
ORD-15759,2026-05-30 11:00:00,2026-06-02 14:00:00,2026-06-05 14:00:00,MED,TR-04,Entregado
ORD-15760,2026-05-14 13:00:00,2026-05-15 23:00:00,2026-05-17 21:00:00,CAL,TR-04,Entregado
ORD-15761,2026-01-26 18:00:00,2026-01-28 00:00:00,2026-01-30 04:00:00,MED,TR-04,Entregado
ORD-15762,2026-01-17 15:00:00,2026-01-20 18:00:00,2026-01-23 22:00:00,BAQ,TR-01,Entregado
ORD-15763,2026-04-02 10:00:00,2026-04-03 12:00:00,2026-04-06 15:00:00,MED,TR-04,Entregado
ORD-15764,2026-01-31 13:00:00,2026-02-03 19:00:00,2026-02-06 23:00:00,CAL,TR-04,Entregado
ORD-15765,2026-06-12 18:00:00,2026-06-15 22:00:00,2026-06-16 23:00:00,BOG,TR-02,Entregado
ORD-15766,2026-05-26 12:00:00,2026-05-27 14:00:00,2026-05-28 19:00:00,BOG,TR-02,Entregado
ORD-15767,2026-04-22 08:00:00,2026-04-23 15:00:00,2026-04-24 11:00:00,BOG,TR-02,Entregado
ORD-15768,2026-06-04 14:00:00,2026-06-05 22:00:00,2026-06-07 20:00:00,BGA,TR-03,Entregado
ORD-15769,2026-06-12 11:00:00,2026-06-16 21:00:00,2026-06-18 23:00:00,MED,TR-02,Entregado
ORD-15770,2026-06-22 13:00:00,2026-06-23 17:00:00,2026-06-24 16:00:00,MED,TR-01,Entregado
ORD-15771,2026-02-04 19:00:00,2026-02-06 05:00:00,2026-02-07 09:00:00,BOG,TR-03,Entregado
ORD-15772,2026-04-13 13:00:00,2026-04-14 17:00:00,2026-04-16 15:00:00,CAL,TR-04,Entregado
ORD-15773,2026-05-17 19:00:00,2026-05-19 02:00:00,2026-05-22 06:00:00,BGA,TR-01,Entregado
ORD-15774,2026-05-23 12:00:00,2026-05-27 19:00:00,2026-05-29 21:00:00,CAL,TR-03,Entregado
ORD-15775,2026-02-21 10:00:00,2026-02-25 15:00:00,2026-02-28 15:00:00,MED,TR-04,Entregado
ORD-15776,2026-04-07 10:00:00,2026-04-08 20:00:00,2026-04-11 19:00:00,BAQ,TR-01,Entregado
ORD-15777,2026-03-24 14:00:00,2026-03-25 22:00:00,2026-03-27 01:00:00,MED,TR-03,Entregado
ORD-15778,2026-03-18 19:00:00,2026-03-20 04:00:00,2026-03-22 08:00:00,CAL,TR-01,Entregado
ORD-15779,2026-04-03 15:00:00,2026-04-07 23:00:00,2026-04-09 02:00:00,MED,TR-03,Entregado
ORD-15780,2026-03-21 16:00:00,2026-03-24 20:00:00,2026-03-25 19:00:00,BOG,TR-04,Entregado
ORD-15781,2026-04-02 18:00:00,2026-04-03 23:00:00,2026-04-06 01:00:00,MED,TR-03,Entregado
ORD-15782,2026-02-07 18:00:00,2026-02-10 21:00:00,2026-02-12 01:00:00,BOG,TR-02,Entregado
ORD-15783,2026-01-15 08:00:00,2026-01-16 17:00:00,2026-01-18 15:00:00,BOG,TR-02,Entregado
ORD-15784,2026-05-15 08:00:00,2026-05-19 17:00:00,2026-05-20 16:00:00,BOG,TR-04,Entregado
ORD-15785,2026-02-18 16:00:00,2026-02-20 02:00:00,2026-02-21 04:00:00,BOG,TR-01,Entregado
ORD-15786,2026-06-06 17:00:00,2026-06-10 20:00:00,2026-06-11 22:00:00,BOG,TR-03,Entregado
ORD-15787,2026-03-28 18:00:00,2026-04-01 02:00:00,2026-04-02 01:00:00,BOG,TR-04,Entregado
ORD-15788,2026-04-03 11:00:00,2026-04-07 15:00:00,2026-04-09 14:00:00,MED,TR-02,Entregado
ORD-15789,2026-04-12 08:00:00,2026-04-13 12:00:00,2026-04-14 10:00:00,CAL,TR-04,Entregado
ORD-15790,2026-03-12 19:00:00,2026-03-13 23:00:00,2026-03-14 21:00:00,CAL,TR-01,Entregado
ORD-15791,2026-04-05 13:00:00,2026-04-06 16:00:00,2026-04-08 12:00:00,CAL,TR-04,Entregado
ORD-15792,2026-05-28 14:00:00,2026-05-29 17:00:00,2026-05-31 15:00:00,CAL,TR-04,Entregado
ORD-15793,2026-02-20 08:00:00,2026-02-23 11:00:00,2026-02-24 12:00:00,BOG,TR-02,Entregado
ORD-15794,2026-02-05 10:00:00,2026-02-06 15:00:00,2026-02-07 12:00:00,BOG,TR-02,Entregado
ORD-15795,2026-05-09 09:00:00,2026-05-12 18:00:00,2026-05-13 16:00:00,CAL,TR-01,Entregado
ORD-15796,2026-06-04 12:00:00,2026-06-05 17:00:00,2026-06-07 15:00:00,BGA,TR-03,Entregado
ORD-15797,2026-04-21 15:00:00,2026-04-23 00:00:00,2026-04-24 22:00:00,MED,TR-02,Entregado
ORD-15798,2026-05-22 11:00:00,2026-05-26 21:00:00,2026-05-27 22:00:00,BOG,TR-04,Entregado
ORD-15799,2026-04-19 19:00:00,2026-04-20 21:00:00,2026-04-27 21:00:00,BGA,TR-04,Entregado
ORD-15800,2026-04-30 13:00:00,2026-05-01 16:00:00,2026-05-02 21:00:00,MED,TR-02,Entregado
ORD-15801,2026-06-10 14:00:00,2026-06-11 19:00:00,2026-06-12 17:00:00,BOG,TR-04,Entregado
ORD-15802,2026-01-19 13:00:00,2026-01-20 22:00:00,2026-01-22 19:00:00,MED,TR-02,Entregado
ORD-15803,2026-01-24 14:00:00,2026-01-28 18:00:00,2026-01-29 22:00:00,BOG,TR-04,Entregado
ORD-15804,2026-01-10 13:00:00,2026-01-13 17:00:00,2026-01-15 14:00:00,CAL,TR-03,Entregado
ORD-15805,2026-04-15 16:00:00,2026-04-16 20:00:00,2026-04-18 00:00:00,BOG,TR-02,Entregado
ORD-15806,2026-06-26 08:00:00,2026-06-29 11:00:00,2026-07-01 14:00:00,BGA,TR-01,Entregado
ORD-15807,2026-06-22 19:00:00,2026-06-24 05:00:00,2026-06-26 04:00:00,CAL,TR-04,Entregado
ORD-15808,2026-02-24 10:00:00,2026-02-25 13:00:00,2026-02-26 11:00:00,BOG,TR-03,Entregado
ORD-15809,2026-06-06 09:00:00,2026-06-09 15:00:00,2026-06-11 13:00:00,BGA,TR-01,Entregado
ORD-15810,2026-06-13 10:00:00,2026-06-17 19:00:00,2026-06-18 20:00:00,MED,TR-04,Entregado
ORD-15811,2026-05-15 17:00:00,2026-05-18 21:00:00,2026-05-20 17:00:00,BOG,TR-01,Entregado
ORD-15812,2026-04-21 15:00:00,2026-04-22 18:00:00,2026-04-24 22:00:00,MED,TR-03,Entregado
ORD-15813,2026-02-07 10:00:00,2026-02-11 18:00:00,2026-02-12 21:00:00,BOG,TR-01,Entregado
ORD-15814,2026-04-12 09:00:00,2026-04-13 14:00:00,2026-04-15 16:00:00,BOG,TR-03,Entregado
ORD-15815,2026-04-05 19:00:00,2026-04-07 01:00:00,2026-04-15 01:00:00,BGA,TR-04,Entregado
ORD-15816,2026-03-12 18:00:00,2026-03-13 21:00:00,2026-03-15 23:00:00,BOG,TR-02,Entregado
ORD-15817,2026-01-24 11:00:00,2026-01-28 13:00:00,2026-01-29 09:00:00,BOG,TR-01,Entregado
ORD-15818,2026-06-16 11:00:00,2026-06-17 14:00:00,2026-06-21 15:00:00,BAQ,TR-04,Entregado
ORD-15819,2026-05-08 19:00:00,2026-05-12 22:00:00,2026-05-15 22:00:00,MED,TR-04,Entregado
ORD-15820,2026-05-13 14:00:00,2026-05-14 20:00:00,2026-05-19 01:00:00,BGA,TR-04,Entregado
ORD-15821,2026-06-07 17:00:00,2026-06-08 20:00:00,2026-06-10 20:00:00,MED,TR-02,Entregado
ORD-15822,2026-06-03 12:00:00,2026-06-04 22:00:00,2026-06-07 02:00:00,CAL,TR-03,Entregado
ORD-15823,2026-04-25 12:00:00,2026-04-29 20:00:00,2026-05-02 01:00:00,MED,TR-01,Entregado
ORD-15824,2026-06-07 10:00:00,2026-06-08 15:00:00,2026-06-10 18:00:00,CAL,TR-01,Entregado
ORD-15825,2026-05-02 18:00:00,2026-05-06 03:00:00,2026-05-07 05:00:00,BOG,TR-01,Entregado
ORD-15826,2026-01-07 08:00:00,2026-01-08 10:00:00,2026-01-09 13:00:00,CAL,TR-02,Entregado
ORD-15827,2026-05-01 16:00:00,2026-05-04 20:00:00,2026-05-05 18:00:00,BOG,TR-04,Entregado
ORD-15828,2026-02-10 17:00:00,2026-02-11 22:00:00,2026-02-14 02:00:00,MED,TR-02,Entregado
ORD-15829,2026-03-18 13:00:00,2026-03-20 00:00:00,2026-03-22 02:00:00,MED,TR-01,Entregado
ORD-15830,2026-05-07 12:00:00,2026-05-08 21:00:00,2026-05-11 02:00:00,BOG,TR-04,Entregado
ORD-15831,2026-04-01 18:00:00,2026-04-03 02:00:00,2026-04-05 03:00:00,MED,TR-04,Entregado
ORD-15832,2026-01-08 11:00:00,2026-01-09 17:00:00,2026-01-10 20:00:00,BOG,TR-03,Entregado
ORD-15833,2026-03-05 17:00:00,2026-03-07 00:00:00,2026-03-07 20:00:00,BOG,TR-02,Entregado
ORD-15834,2026-01-13 10:00:00,2026-01-14 20:00:00,2026-01-16 22:00:00,BOG,TR-01,Entregado
ORD-15835,2026-03-02 13:00:00,2026-03-03 15:00:00,2026-03-05 20:00:00,MED,TR-04,Entregado
ORD-15836,2026-01-08 16:00:00,2026-01-09 18:00:00,2026-01-11 17:00:00,BOG,TR-04,Entregado
ORD-15837,2026-06-07 13:00:00,2026-06-08 23:00:00,2026-06-10 04:00:00,BOG,TR-02,Entregado
ORD-15838,2026-05-29 19:00:00,2026-06-02 04:00:00,2026-06-04 04:00:00,MED,TR-01,Entregado
ORD-15839,2026-01-11 09:00:00,2026-01-12 13:00:00,2026-01-14 11:00:00,BGA,TR-01,Entregado
ORD-15840,2026-06-27 16:00:00,2026-07-02 03:00:00,2026-07-02 23:00:00,BOG,TR-02,Entregado
ORD-15841,2026-05-11 10:00:00,2026-05-12 20:00:00,2026-05-13 18:00:00,BOG,TR-01,Entregado
ORD-15842,2026-03-28 16:00:00,2026-04-02 02:00:00,2026-04-03 06:00:00,BOG,TR-03,Entregado
ORD-15843,2026-06-02 09:00:00,2026-06-03 14:00:00,2026-06-07 19:00:00,BGA,TR-04,Entregado
ORD-15844,2026-04-16 18:00:00,2026-04-18 03:00:00,2026-04-19 00:00:00,BOG,TR-03,Entregado
ORD-15845,2026-01-17 17:00:00,2026-01-21 03:00:00,2026-01-23 01:00:00,MED,TR-02,Entregado
ORD-15846,2026-01-23 15:00:00,2026-01-26 17:00:00,2026-01-28 21:00:00,BAQ,TR-04,Entregado
ORD-15847,2026-06-29 11:00:00,2026-06-30 18:00:00,2026-07-02 15:00:00,BGA,TR-03,Entregado
ORD-15848,2026-01-02 15:00:00,2026-01-07 00:00:00,2026-01-09 04:00:00,BAQ,TR-04,Entregado
ORD-15849,2026-01-31 18:00:00,2026-02-03 22:00:00,2026-02-06 02:00:00,MED,TR-01,Entregado
ORD-15850,2026-05-10 16:00:00,2026-05-12 00:00:00,2026-05-13 02:00:00,BOG,TR-02,Entregado
ORD-15851,2026-03-19 11:00:00,2026-03-20 20:00:00,2026-03-22 00:00:00,MED,TR-03,Entregado
ORD-15852,2026-05-21 11:00:00,2026-05-22 17:00:00,2026-05-24 19:00:00,BGA,TR-03,Entregado
ORD-15853,2026-06-12 19:00:00,2026-06-16 22:00:00,2026-06-17 19:00:00,CAL,TR-03,Entregado
ORD-15854,2026-05-08 14:00:00,2026-05-12 17:00:00,2026-05-14 20:00:00,BGA,TR-02,Entregado
ORD-15855,2026-05-14 13:00:00,2026-05-15 22:00:00,2026-05-16 19:00:00,BOG,TR-04,Entregado
ORD-15856,2026-05-18 19:00:00,2026-05-19 22:00:00,2026-05-25 23:00:00,BGA,TR-04,Entregado
ORD-15857,2026-01-21 17:00:00,2026-01-23 01:00:00,2026-01-24 06:00:00,BOG,TR-03,Entregado
ORD-15858,2026-01-23 10:00:00,2026-01-26 13:00:00,2026-01-28 13:00:00,MED,TR-03,Entregado
ORD-15859,2026-06-09 11:00:00,2026-06-10 17:00:00,2026-06-13 13:00:00,MED,TR-02,Entregado
ORD-15860,2026-01-29 16:00:00,2026-01-31 03:00:00,2026-02-02 04:00:00,MED,TR-02,Entregado
ORD-15861,2026-02-21 10:00:00,2026-02-24 13:00:00,2026-02-25 12:00:00,MED,TR-01,Entregado
ORD-15862,2026-06-23 09:00:00,2026-06-24 20:00:00,2026-06-27 21:00:00,MED,TR-03,Entregado
ORD-15863,2026-04-11 11:00:00,2026-04-15 15:00:00,2026-04-18 17:00:00,CAL,TR-04,Entregado
ORD-15864,2026-03-02 15:00:00,2026-03-03 20:00:00,2026-03-04 22:00:00,BGA,TR-03,Entregado
ORD-15865,2026-03-12 13:00:00,2026-03-13 16:00:00,2026-03-14 20:00:00,BOG,TR-04,Entregado
ORD-15866,2026-05-19 19:00:00,2026-05-20 22:00:00,2026-05-23 20:00:00,BAQ,TR-01,Entregado
ORD-15867,2026-01-21 10:00:00,2026-01-22 14:00:00,2026-01-24 12:00:00,BGA,TR-02,Entregado
ORD-15868,2026-03-23 15:00:00,2026-03-24 23:00:00,2026-03-26 20:00:00,BOG,TR-03,Entregado
ORD-15869,2026-04-21 13:00:00,2026-04-22 17:00:00,2026-04-25 18:00:00,MED,TR-04,Entregado
ORD-15870,2026-01-10 18:00:00,2026-01-13 22:00:00,2026-01-14 21:00:00,BOG,TR-04,Entregado
ORD-15871,2026-01-12 14:00:00,2026-01-13 16:00:00,2026-01-16 17:00:00,BAQ,TR-03,Entregado
ORD-15872,2026-05-25 08:00:00,2026-05-26 15:00:00,2026-05-27 18:00:00,CAL,TR-02,Entregado
ORD-15873,2026-04-24 17:00:00,2026-04-28 00:00:00,2026-05-01 04:00:00,MED,TR-02,Entregado
ORD-15874,2026-01-15 10:00:00,2026-01-16 17:00:00,2026-01-17 14:00:00,BOG,TR-03,Entregado
ORD-15875,2026-02-02 12:00:00,2026-02-03 14:00:00,2026-02-05 12:00:00,MED,TR-03,Entregado
ORD-15876,2026-02-16 10:00:00,2026-02-17 15:00:00,2026-02-18 17:00:00,BGA,TR-03,Entregado
ORD-15877,2026-03-17 18:00:00,2026-03-18 23:00:00,2026-03-21 00:00:00,MED,TR-02,Entregado
ORD-15878,2026-03-24 16:00:00,2026-03-25 21:00:00,2026-03-29 22:00:00,BAQ,TR-03,Entregado
ORD-15879,2026-02-26 19:00:00,2026-02-27 23:00:00,2026-03-03 03:00:00,MED,TR-02,Entregado
ORD-15880,2026-03-04 19:00:00,2026-03-06 02:00:00,2026-03-12 01:00:00,BGA,TR-04,Entregado
ORD-15881,2026-01-01 10:00:00,2026-01-02 13:00:00,2026-01-04 10:00:00,BGA,TR-03,Entregado
ORD-15882,2026-03-11 15:00:00,2026-03-12 20:00:00,2026-03-13 17:00:00,MED,TR-03,Entregado
ORD-15883,2026-05-13 16:00:00,2026-05-14 19:00:00,2026-05-15 17:00:00,BOG,TR-03,Entregado
ORD-15884,2026-03-27 19:00:00,2026-03-31 05:00:00,2026-04-02 09:00:00,CAL,TR-02,Entregado
ORD-15885,2026-02-08 14:00:00,2026-02-09 23:00:00,2026-02-12 22:00:00,CAL,TR-01,Entregado
ORD-15886,2026-03-09 11:00:00,2026-03-10 15:00:00,2026-03-12 19:00:00,CAL,TR-02,Entregado
ORD-15887,2026-01-04 18:00:00,2026-01-06 04:00:00,2026-01-09 02:00:00,BGA,TR-01,Entregado
ORD-15888,2026-01-21 12:00:00,2026-01-22 14:00:00,2026-01-23 18:00:00,BOG,TR-01,Entregado
ORD-15889,2026-04-15 09:00:00,2026-04-16 20:00:00,2026-04-17 18:00:00,BOG,TR-04,Entregado
ORD-15890,2026-01-07 08:00:00,2026-01-08 15:00:00,2026-01-10 11:00:00,MED,TR-01,Entregado
ORD-15891,2026-01-16 08:00:00,2026-01-20 19:00:00,2026-01-21 17:00:00,BOG,TR-04,Entregado
ORD-15892,2026-03-25 17:00:00,2026-03-27 03:00:00,2026-03-28 23:00:00,BGA,TR-02,Entregado
ORD-15893,2026-03-28 09:00:00,2026-04-01 13:00:00,2026-04-02 12:00:00,BOG,TR-03,Entregado
ORD-15894,2026-03-16 09:00:00,2026-03-17 17:00:00,2026-03-18 15:00:00,CAL,TR-02,Entregado
ORD-15895,2026-06-10 17:00:00,2026-06-11 21:00:00,2026-06-15 00:00:00,BGA,TR-03,Entregado
ORD-15896,2026-03-07 14:00:00,2026-03-10 21:00:00,2026-03-14 01:00:00,BAQ,TR-03,Entregado
ORD-15897,2026-02-10 13:00:00,2026-02-11 20:00:00,2026-02-13 20:00:00,BOG,TR-03,Entregado
ORD-15898,2026-04-08 19:00:00,2026-04-10 01:00:00,2026-04-13 05:00:00,MED,TR-02,Entregado
ORD-15899,2026-03-20 17:00:00,2026-03-25 03:00:00,2026-03-26 05:00:00,BOG,TR-04,Entregado
ORD-15900,2026-01-15 17:00:00,2026-01-17 00:00:00,2026-01-19 05:00:00,BOG,TR-03,Entregado
ORD-15901,2026-04-03 16:00:00,2026-04-06 22:00:00,2026-04-09 03:00:00,BGA,TR-01,Entregado
ORD-15902,2026-01-17 19:00:00,2026-01-22 03:00:00,2026-01-24 03:00:00,BOG,TR-01,Entregado
ORD-15903,2026-01-09 09:00:00,2026-01-12 19:00:00,,MED,TR-02,Perdido
ORD-15904,2026-02-05 16:00:00,2026-02-06 22:00:00,2026-02-08 01:00:00,BOG,TR-02,Entregado
ORD-15905,2026-02-05 10:00:00,2026-02-06 12:00:00,2026-02-07 15:00:00,CAL,TR-02,Entregado
ORD-15906,2026-04-07 14:00:00,2026-04-08 19:00:00,2026-04-11 18:00:00,MED,TR-03,Entregado
ORD-15907,2026-04-05 13:00:00,2026-04-06 21:00:00,2026-04-10 00:00:00,CAL,TR-01,Entregado
ORD-15908,2026-03-15 11:00:00,2026-03-16 19:00:00,2026-03-18 20:00:00,MED,TR-01,Entregado
ORD-15909,2026-05-30 11:00:00,2026-06-02 21:00:00,2026-06-04 18:00:00,BOG,TR-04,Entregado
ORD-15910,2026-01-06 17:00:00,2026-01-08 00:00:00,2026-01-09 05:00:00,BOG,TR-03,Entregado
ORD-15911,2026-03-16 15:00:00,2026-03-18 00:00:00,2026-03-19 00:00:00,MED,TR-04,Entregado
ORD-15912,2026-01-03 11:00:00,2026-01-06 14:00:00,2026-01-11 14:00:00,BAQ,TR-02,Entregado
ORD-15913,2026-03-15 19:00:00,2026-03-17 03:00:00,2026-03-19 08:00:00,BOG,TR-03,Entregado
ORD-15914,2026-03-06 11:00:00,2026-03-09 16:00:00,2026-03-11 12:00:00,BGA,TR-02,Entregado
ORD-15915,2026-03-17 16:00:00,2026-03-19 02:00:00,2026-03-21 23:00:00,BGA,TR-03,Entregado
ORD-15916,2026-03-13 18:00:00,2026-03-16 22:00:00,2026-03-18 01:00:00,BOG,TR-01,Entregado
ORD-15917,2026-03-09 19:00:00,2026-03-11 01:00:00,2026-03-14 02:00:00,BAQ,TR-04,Entregado
ORD-15918,2026-05-18 10:00:00,2026-05-19 15:00:00,2026-05-21 17:00:00,BOG,TR-03,Entregado
ORD-15919,2026-02-26 17:00:00,2026-02-27 21:00:00,2026-03-01 23:00:00,MED,TR-03,Entregado
ORD-15920,2026-03-07 17:00:00,2026-03-11 21:00:00,2026-03-13 23:00:00,MED,TR-02,Entregado
ORD-15921,2026-02-19 17:00:00,2026-02-21 04:00:00,2026-02-24 06:00:00,BAQ,TR-04,Entregado
ORD-15922,2026-01-16 13:00:00,2026-01-19 18:00:00,2026-01-23 17:00:00,BAQ,TR-02,Entregado
ORD-15923,2026-06-20 17:00:00,2026-06-24 19:00:00,2026-06-26 23:00:00,BAQ,TR-03,Entregado
ORD-15924,2026-04-20 13:00:00,2026-04-21 22:00:00,2026-04-25 00:00:00,BAQ,TR-01,Entregado
ORD-15925,2026-03-09 10:00:00,2026-03-10 20:00:00,2026-03-11 16:00:00,MED,TR-01,Entregado
ORD-15926,2026-03-07 14:00:00,2026-03-11 01:00:00,2026-03-13 02:00:00,CAL,TR-03,Entregado
ORD-15927,2026-03-14 19:00:00,2026-03-18 22:00:00,2026-03-19 20:00:00,BOG,TR-03,Entregado
ORD-15928,2026-05-27 13:00:00,2026-05-28 22:00:00,2026-05-30 22:00:00,MED,TR-04,Entregado
ORD-15929,2026-06-02 09:00:00,2026-06-03 20:00:00,2026-06-06 00:00:00,BGA,TR-03,Entregado
ORD-15930,2026-05-31 12:00:00,2026-06-01 15:00:00,,BOG,TR-03,Perdido
ORD-15931,2026-03-26 18:00:00,2026-03-27 22:00:00,2026-04-01 03:00:00,BAQ,TR-03,Entregado
ORD-15932,2026-02-08 16:00:00,2026-02-10 01:00:00,2026-02-10 22:00:00,CAL,TR-04,Entregado
ORD-15933,2026-03-09 16:00:00,2026-03-10 18:00:00,2026-03-11 23:00:00,BOG,TR-02,Entregado
ORD-15934,2026-06-07 18:00:00,2026-06-08 21:00:00,2026-06-09 23:00:00,BOG,TR-02,Entregado
ORD-15935,2026-05-01 11:00:00,2026-05-05 21:00:00,2026-05-06 17:00:00,BOG,TR-04,Entregado
ORD-15936,2026-02-20 09:00:00,2026-02-24 15:00:00,2026-02-26 18:00:00,BOG,TR-03,Entregado
ORD-15937,2026-05-17 19:00:00,2026-05-19 02:00:00,2026-05-20 07:00:00,BOG,TR-02,Entregado
ORD-15938,2026-01-02 13:00:00,2026-01-06 19:00:00,2026-01-09 20:00:00,BGA,TR-03,Entregado
ORD-15939,2026-01-05 12:00:00,2026-01-06 15:00:00,2026-01-08 11:00:00,BOG,TR-02,Entregado
ORD-15940,2026-06-29 13:00:00,2026-06-30 18:00:00,2026-07-01 17:00:00,BOG,TR-04,Entregado
ORD-15941,2026-05-13 18:00:00,2026-05-15 00:00:00,2026-05-16 00:00:00,BOG,TR-01,Entregado
ORD-15942,2026-03-09 16:00:00,2026-03-11 00:00:00,2026-03-11 22:00:00,MED,TR-01,Entregado
ORD-15943,2026-04-03 13:00:00,2026-04-06 22:00:00,2026-04-08 21:00:00,BOG,TR-01,Entregado
ORD-15944,2026-06-04 17:00:00,2026-06-06 00:00:00,2026-06-08 20:00:00,MED,TR-02,Entregado
ORD-15945,2026-05-05 17:00:00,2026-05-07 03:00:00,2026-05-09 07:00:00,CAL,TR-02,Entregado
ORD-15946,2026-03-02 10:00:00,2026-03-03 16:00:00,2026-03-05 14:00:00,MED,TR-02,Entregado
ORD-15947,2026-01-10 13:00:00,2026-01-14 00:00:00,2026-01-16 21:00:00,MED,TR-02,Entregado
ORD-15948,2026-03-03 08:00:00,2026-03-04 13:00:00,2026-03-05 11:00:00,BGA,TR-03,Entregado
ORD-15949,2026-05-13 17:00:00,2026-05-14 21:00:00,2026-05-15 19:00:00,BOG,TR-03,Entregado
ORD-15950,2026-05-03 15:00:00,2026-05-04 19:00:00,2026-05-06 21:00:00,CAL,TR-04,Entregado
ORD-15951,2026-03-04 16:00:00,2026-03-06 01:00:00,2026-03-07 05:00:00,CAL,TR-03,Entregado
ORD-15952,2026-02-20 09:00:00,2026-02-23 17:00:00,2026-02-26 20:00:00,CAL,TR-03,Entregado
ORD-15953,2026-05-12 15:00:00,2026-05-13 18:00:00,2026-05-15 22:00:00,MED,TR-03,Entregado
ORD-15954,2026-05-03 15:00:00,2026-05-05 02:00:00,2026-05-07 06:00:00,CAL,TR-03,Entregado
ORD-15955,2026-06-28 11:00:00,2026-06-29 14:00:00,2026-07-01 11:00:00,MED,TR-03,Entregado
ORD-15956,2026-04-09 17:00:00,2026-04-10 21:00:00,2026-04-13 21:00:00,MED,TR-03,Entregado
ORD-15957,2026-02-03 11:00:00,2026-02-04 17:00:00,2026-02-05 19:00:00,BOG,TR-02,Entregado
ORD-15958,2026-03-11 18:00:00,2026-03-13 03:00:00,2026-03-16 02:00:00,MED,TR-04,Entregado
ORD-15959,2026-04-20 18:00:00,2026-04-21 20:00:00,2026-04-24 18:00:00,MED,TR-02,Entregado
ORD-15960,2026-01-19 09:00:00,2026-01-20 19:00:00,2026-01-22 19:00:00,CAL,TR-01,Entregado
ORD-15961,2026-04-05 08:00:00,2026-04-06 14:00:00,2026-04-07 13:00:00,BOG,TR-03,Entregado
ORD-15962,2026-02-10 08:00:00,2026-02-11 19:00:00,2026-02-13 17:00:00,MED,TR-02,Entregado
ORD-15963,2026-06-24 14:00:00,2026-06-25 23:00:00,2026-06-27 23:00:00,BOG,TR-04,Entregado
ORD-15964,2026-02-23 14:00:00,2026-02-25 01:00:00,2026-02-25 22:00:00,MED,TR-01,Entregado
ORD-15965,2026-04-05 10:00:00,2026-04-06 13:00:00,2026-04-07 13:00:00,BOG,TR-04,Entregado
ORD-15966,2026-03-03 10:00:00,2026-03-04 21:00:00,2026-03-10 23:00:00,BGA,TR-04,Entregado
ORD-15967,2026-04-03 18:00:00,2026-04-07 04:00:00,2026-04-09 07:00:00,BOG,TR-04,Entregado
ORD-15968,2026-03-06 11:00:00,2026-03-09 17:00:00,2026-03-13 21:00:00,BAQ,TR-04,Entregado
ORD-15969,2026-01-28 09:00:00,2026-01-29 18:00:00,,MED,TR-02,Devuelto
ORD-15970,2026-01-26 15:00:00,2026-01-27 22:00:00,2026-01-28 23:00:00,BOG,TR-01,Entregado
ORD-15971,2026-05-27 14:00:00,2026-05-28 18:00:00,2026-05-29 14:00:00,BOG,TR-03,Entregado
ORD-15972,2026-04-29 19:00:00,2026-04-30 23:00:00,2026-05-02 23:00:00,BAQ,TR-04,Entregado
ORD-15973,2026-05-14 08:00:00,2026-05-15 12:00:00,2026-05-16 15:00:00,CAL,TR-04,Entregado
ORD-15974,2026-01-08 08:00:00,2026-01-09 10:00:00,2026-01-10 10:00:00,BOG,TR-01,Entregado
ORD-15975,2026-02-20 18:00:00,2026-02-25 01:00:00,2026-02-26 23:00:00,MED,TR-04,Entregado
ORD-15976,2026-03-26 15:00:00,2026-03-27 19:00:00,2026-03-28 18:00:00,BGA,TR-02,Entregado
ORD-15977,2026-01-25 14:00:00,2026-01-26 19:00:00,2026-01-28 17:00:00,MED,TR-02,Entregado
ORD-15978,2026-03-24 12:00:00,2026-03-25 14:00:00,2026-03-27 11:00:00,BAQ,TR-04,Entregado
ORD-15979,2026-05-18 15:00:00,2026-05-20 01:00:00,2026-05-21 23:00:00,MED,TR-02,Entregado
ORD-15980,2026-01-12 08:00:00,2026-01-13 15:00:00,2026-01-15 11:00:00,MED,TR-04,Entregado
ORD-15981,2026-04-30 14:00:00,2026-05-02 01:00:00,2026-05-03 03:00:00,BOG,TR-03,Entregado
ORD-15982,2026-01-17 17:00:00,2026-01-22 00:00:00,2026-01-23 03:00:00,BOG,TR-02,Entregado
ORD-15983,2026-05-04 17:00:00,2026-05-05 23:00:00,2026-05-08 03:00:00,MED,TR-01,Entregado
ORD-15984,2026-01-31 19:00:00,2026-02-04 23:00:00,2026-02-06 04:00:00,BOG,TR-03,Entregado
ORD-15985,2026-03-11 08:00:00,2026-03-12 18:00:00,2026-03-13 14:00:00,BOG,TR-02,Entregado
ORD-15986,2026-02-19 12:00:00,2026-02-20 14:00:00,2026-02-21 18:00:00,MED,TR-03,Entregado
ORD-15987,2026-04-28 15:00:00,2026-04-29 22:00:00,2026-05-02 00:00:00,CAL,TR-02,Entregado
ORD-15988,2026-06-06 15:00:00,2026-06-11 01:00:00,2026-06-11 21:00:00,MED,TR-04,Entregado
ORD-15989,2026-03-21 18:00:00,2026-03-26 02:00:00,2026-03-29 07:00:00,BGA,TR-02,Entregado
ORD-15990,2026-05-14 18:00:00,2026-05-16 01:00:00,2026-05-18 01:00:00,BOG,TR-01,Entregado
ORD-15991,2026-02-04 08:00:00,2026-02-05 16:00:00,2026-02-07 14:00:00,MED,TR-01,Entregado
ORD-15992,2026-01-18 12:00:00,2026-01-19 18:00:00,2026-01-21 17:00:00,BOG,TR-02,Entregado
ORD-15993,2026-01-13 17:00:00,2026-01-15 04:00:00,2026-01-17 02:00:00,BGA,TR-01,Entregado
ORD-15994,2026-03-31 08:00:00,2026-04-01 12:00:00,2026-04-03 08:00:00,BOG,TR-02,Entregado
ORD-15995,2026-01-01 16:00:00,2026-01-02 21:00:00,2026-01-07 00:00:00,BAQ,TR-02,Entregado
ORD-15996,2026-02-03 14:00:00,2026-02-04 23:00:00,2026-02-05 20:00:00,MED,TR-01,Entregado
ORD-15997,2026-01-10 11:00:00,2026-01-13 21:00:00,2026-01-15 02:00:00,BOG,TR-01,Entregado
ORD-15998,2026-01-07 15:00:00,2026-01-08 19:00:00,2026-01-10 21:00:00,CAL,TR-04,Entregado
ORD-15999,2026-03-21 12:00:00,2026-03-24 22:00:00,2026-03-26 03:00:00,BOG,TR-04,Entregado
ORD-16000,2026-06-06 19:00:00,2026-06-09 23:00:00,2026-06-11 20:00:00,CAL,TR-01,Entregado
ORD-16001,2026-01-12 08:00:00,2026-01-13 15:00:00,2026-01-14 19:00:00,MED,TR-01,Entregado
ORD-16002,2026-02-17 11:00:00,2026-02-18 15:00:00,2026-02-21 19:00:00,BAQ,TR-02,Entregado
ORD-16003,2026-01-26 10:00:00,2026-01-27 18:00:00,2026-01-28 19:00:00,BOG,TR-03,Entregado
ORD-16004,2026-05-02 19:00:00,2026-05-06 03:00:00,2026-05-08 01:00:00,BOG,TR-01,Entregado
ORD-16005,2026-05-29 17:00:00,2026-06-01 20:00:00,2026-06-02 17:00:00,MED,TR-04,Entregado
ORD-16006,2026-03-02 17:00:00,2026-03-04 02:00:00,2026-03-05 00:00:00,MED,TR-02,Entregado
ORD-16007,2026-02-03 14:00:00,2026-02-04 23:00:00,2026-02-06 23:00:00,MED,TR-01,Entregado
ORD-16008,2026-04-19 10:00:00,2026-04-20 21:00:00,2026-04-22 21:00:00,MED,TR-03,Entregado
ORD-16009,2026-01-15 08:00:00,2026-01-16 18:00:00,2026-01-19 23:00:00,CAL,TR-01,Entregado
ORD-16010,2026-01-25 17:00:00,2026-01-26 23:00:00,2026-01-27 20:00:00,MED,TR-04,Entregado
ORD-16011,2026-02-28 18:00:00,2026-03-05 01:00:00,2026-03-07 06:00:00,BGA,TR-01,Entregado
ORD-16012,2026-03-20 13:00:00,2026-03-24 20:00:00,2026-03-29 18:00:00,BGA,TR-04,Entregado
ORD-16013,2026-05-14 11:00:00,2026-05-15 21:00:00,2026-05-18 23:00:00,MED,TR-03,Entregado
ORD-16014,2026-03-29 12:00:00,2026-03-30 19:00:00,2026-04-02 22:00:00,BAQ,TR-01,Entregado
ORD-16015,2026-03-12 16:00:00,2026-03-14 02:00:00,2026-03-15 07:00:00,BOG,TR-04,Entregado
ORD-16016,2026-04-03 12:00:00,2026-04-07 17:00:00,2026-04-09 19:00:00,BGA,TR-02,Entregado
ORD-16017,2026-02-28 12:00:00,2026-03-03 16:00:00,2026-03-05 14:00:00,CAL,TR-03,Entregado
ORD-16018,2026-05-12 13:00:00,2026-05-13 18:00:00,2026-05-16 19:00:00,MED,TR-01,Entregado
ORD-16019,2026-01-18 10:00:00,2026-01-19 16:00:00,2026-01-22 19:00:00,CAL,TR-03,Entregado
ORD-16020,2026-03-22 09:00:00,2026-03-23 17:00:00,2026-03-26 14:00:00,CAL,TR-01,Entregado
ORD-16021,2026-04-24 15:00:00,2026-04-27 19:00:00,2026-05-04 20:00:00,BGA,TR-04,Entregado
ORD-16022,2026-01-24 09:00:00,2026-01-28 19:00:00,2026-01-31 00:00:00,BOG,TR-01,Entregado
ORD-16023,2026-05-21 13:00:00,2026-05-22 21:00:00,2026-05-24 00:00:00,BOG,TR-03,Entregado
ORD-16024,2026-05-23 12:00:00,2026-05-27 15:00:00,2026-05-29 16:00:00,BOG,TR-01,Entregado
ORD-16025,2026-05-11 12:00:00,2026-05-12 22:00:00,2026-05-15 01:00:00,BAQ,TR-04,Entregado
ORD-16026,2026-02-06 12:00:00,2026-02-09 19:00:00,2026-02-11 17:00:00,BOG,TR-01,Entregado
ORD-16027,2026-05-11 10:00:00,2026-05-12 18:00:00,2026-05-14 19:00:00,BOG,TR-01,Entregado
ORD-16028,2026-06-29 14:00:00,2026-06-30 22:00:00,2026-07-04 01:00:00,BGA,TR-03,Entregado
ORD-16029,2026-05-04 19:00:00,2026-05-06 01:00:00,2026-05-09 03:00:00,BGA,TR-03,Entregado
ORD-16030,2026-01-18 17:00:00,2026-01-20 00:00:00,2026-01-22 05:00:00,MED,TR-02,Entregado
ORD-16031,2026-06-13 08:00:00,2026-06-16 16:00:00,2026-06-17 15:00:00,MED,TR-02,Entregado
ORD-16032,2026-06-03 15:00:00,2026-06-05 02:00:00,2026-06-07 01:00:00,MED,TR-02,Entregado
ORD-16033,2026-01-17 15:00:00,2026-01-22 01:00:00,2026-01-22 21:00:00,MED,TR-01,Entregado
ORD-16034,2026-05-15 16:00:00,2026-05-19 22:00:00,2026-05-20 20:00:00,BOG,TR-01,Entregado
ORD-16035,2026-01-08 12:00:00,2026-01-09 20:00:00,2026-01-10 21:00:00,BOG,TR-04,Entregado
ORD-16036,2026-02-25 18:00:00,2026-02-27 01:00:00,2026-03-01 05:00:00,MED,TR-01,Entregado
ORD-16037,2026-02-27 19:00:00,2026-03-03 01:00:00,2026-03-06 01:00:00,MED,TR-04,Entregado
ORD-16038,2026-06-25 19:00:00,2026-06-27 03:00:00,2026-07-04 00:00:00,BGA,TR-04,Entregado
ORD-16039,2026-03-15 14:00:00,2026-03-16 21:00:00,2026-03-21 20:00:00,BGA,TR-04,Entregado
ORD-16040,2026-05-28 12:00:00,2026-05-29 23:00:00,2026-05-31 20:00:00,BOG,TR-01,Entregado
ORD-16041,2026-02-17 16:00:00,2026-02-18 21:00:00,2026-02-21 21:00:00,CAL,TR-01,Entregado
ORD-16042,2026-03-12 11:00:00,2026-03-13 15:00:00,2026-03-20 13:00:00,BGA,TR-04,Entregado
ORD-16043,2026-05-02 18:00:00,2026-05-07 03:00:00,2026-05-08 03:00:00,MED,TR-03,Entregado
ORD-16044,2026-01-29 17:00:00,2026-01-30 20:00:00,2026-02-02 21:00:00,MED,TR-02,Entregado
ORD-16045,2026-04-03 16:00:00,2026-04-08 00:00:00,2026-04-08 23:00:00,MED,TR-03,Entregado
ORD-16046,2026-04-10 17:00:00,2026-04-13 21:00:00,2026-04-14 23:00:00,BOG,TR-03,Entregado
ORD-16047,2026-04-05 08:00:00,2026-04-06 13:00:00,2026-04-08 10:00:00,CAL,TR-02,Entregado
ORD-16048,2026-05-17 08:00:00,2026-05-18 12:00:00,2026-05-19 17:00:00,BGA,TR-02,Entregado
ORD-16049,2026-06-11 15:00:00,2026-06-12 19:00:00,2026-06-13 18:00:00,BGA,TR-02,Entregado
ORD-16050,2026-01-09 14:00:00,2026-01-13 22:00:00,2026-01-16 01:00:00,MED,TR-02,Entregado
ORD-16051,2026-05-24 10:00:00,2026-05-25 13:00:00,2026-05-27 11:00:00,CAL,TR-03,Entregado
ORD-16052,2026-05-14 09:00:00,2026-05-15 17:00:00,2026-05-17 17:00:00,BOG,TR-03,Entregado
ORD-16053,2026-05-19 19:00:00,2026-05-20 22:00:00,2026-05-21 22:00:00,BOG,TR-03,Entregado
ORD-16054,2026-03-02 17:00:00,2026-03-03 19:00:00,2026-03-06 16:00:00,BAQ,TR-02,Entregado
ORD-16055,2026-02-11 19:00:00,2026-02-12 22:00:00,2026-02-14 21:00:00,MED,TR-03,Entregado
ORD-16056,2026-03-26 17:00:00,2026-03-28 04:00:00,2026-03-30 09:00:00,BOG,TR-04,Entregado
ORD-16057,2026-01-20 09:00:00,2026-01-21 18:00:00,2026-01-23 22:00:00,MED,TR-02,Entregado
ORD-16058,2026-06-13 19:00:00,2026-06-17 00:00:00,2026-06-17 21:00:00,BOG,TR-02,Entregado
ORD-16059,2026-03-29 12:00:00,2026-03-30 18:00:00,2026-04-02 17:00:00,BAQ,TR-01,Entregado
ORD-16060,2026-02-06 19:00:00,2026-02-10 04:00:00,2026-02-11 02:00:00,BGA,TR-01,Entregado
ORD-16061,2026-05-20 17:00:00,2026-05-21 22:00:00,2026-05-22 21:00:00,BOG,TR-02,Entregado
ORD-16062,2026-04-09 15:00:00,2026-04-11 00:00:00,2026-04-11 20:00:00,BOG,TR-02,Entregado
ORD-16063,2026-02-23 09:00:00,2026-02-24 18:00:00,2026-02-27 18:00:00,MED,TR-02,Entregado
ORD-16064,2026-06-27 16:00:00,2026-07-01 01:00:00,2026-07-02 01:00:00,BOG,TR-04,Entregado
ORD-16065,2026-02-14 14:00:00,2026-02-18 17:00:00,2026-02-22 18:00:00,BAQ,TR-02,Entregado
ORD-16066,2026-04-16 16:00:00,2026-04-17 18:00:00,2026-04-18 21:00:00,CAL,TR-01,Entregado
ORD-16067,2026-05-08 13:00:00,2026-05-12 18:00:00,2026-05-14 20:00:00,MED,TR-01,Entregado
ORD-16068,2026-02-16 12:00:00,2026-02-17 22:00:00,2026-02-18 23:00:00,BGA,TR-03,Entregado
ORD-16069,2026-01-01 19:00:00,2026-01-02 22:00:00,2026-01-04 22:00:00,BOG,TR-01,Entregado
ORD-16070,2026-05-30 13:00:00,2026-06-03 23:00:00,2026-06-06 03:00:00,MED,TR-04,Entregado
ORD-16071,2026-01-19 10:00:00,2026-01-20 12:00:00,2026-01-21 11:00:00,BOG,TR-04,Entregado
ORD-16072,2026-03-28 17:00:00,2026-04-01 21:00:00,2026-04-03 23:00:00,BOG,TR-01,Entregado
ORD-16073,2026-05-03 09:00:00,2026-05-04 16:00:00,2026-05-07 21:00:00,BAQ,TR-01,Entregado
ORD-16074,2026-06-03 17:00:00,2026-06-05 00:00:00,2026-06-06 01:00:00,CAL,TR-03,Entregado
ORD-16075,2026-05-26 10:00:00,2026-05-27 16:00:00,2026-06-01 19:00:00,BGA,TR-04,Entregado
ORD-16076,2026-05-02 19:00:00,2026-05-07 03:00:00,2026-05-13 04:00:00,BGA,TR-04,Entregado
ORD-16077,2026-03-28 10:00:00,2026-03-31 15:00:00,2026-04-02 13:00:00,BGA,TR-02,Entregado
ORD-16078,2026-02-24 16:00:00,2026-02-26 01:00:00,2026-02-26 23:00:00,BOG,TR-04,Entregado
ORD-16079,2026-02-27 19:00:00,2026-03-04 00:00:00,2026-03-06 05:00:00,CAL,TR-03,Entregado
ORD-16080,2026-03-04 18:00:00,2026-03-06 00:00:00,2026-03-07 22:00:00,BAQ,TR-03,Entregado
ORD-16081,2026-02-21 14:00:00,2026-02-26 00:00:00,2026-02-28 02:00:00,MED,TR-03,Entregado
ORD-16082,2026-05-06 15:00:00,2026-05-08 02:00:00,2026-05-11 05:00:00,MED,TR-04,Entregado
ORD-16083,2026-03-13 16:00:00,2026-03-17 03:00:00,2026-03-18 05:00:00,BOG,TR-01,Entregado
ORD-16084,2026-04-20 12:00:00,2026-04-21 22:00:00,2026-04-24 18:00:00,BAQ,TR-01,Entregado
ORD-16085,2026-04-04 12:00:00,2026-04-08 16:00:00,2026-04-09 12:00:00,CAL,TR-03,Entregado
ORD-16086,2026-03-24 12:00:00,2026-03-25 18:00:00,2026-03-28 18:00:00,MED,TR-02,Entregado
ORD-16087,2026-03-21 15:00:00,2026-03-24 23:00:00,2026-03-28 01:00:00,MED,TR-02,Entregado
ORD-16088,2026-05-29 11:00:00,2026-06-02 21:00:00,2026-06-05 23:00:00,CAL,TR-02,Entregado
ORD-16089,2026-02-09 14:00:00,2026-02-10 22:00:00,2026-02-11 23:00:00,BOG,TR-01,Entregado
ORD-16090,2026-03-03 13:00:00,2026-03-04 16:00:00,2026-03-07 12:00:00,BGA,TR-01,Entregado
ORD-16091,2026-03-10 12:00:00,2026-03-11 16:00:00,2026-03-12 13:00:00,BOG,TR-03,Entregado
ORD-16092,2026-04-19 17:00:00,2026-04-20 22:00:00,2026-04-21 19:00:00,MED,TR-03,Entregado
ORD-16093,2026-06-27 11:00:00,2026-06-30 14:00:00,2026-07-01 13:00:00,MED,TR-02,Entregado
ORD-16094,2026-03-13 15:00:00,2026-03-16 20:00:00,2026-03-19 17:00:00,BAQ,TR-02,Entregado
ORD-16095,2026-01-17 09:00:00,2026-01-21 19:00:00,2026-01-22 15:00:00,BOG,TR-02,Entregado
ORD-16096,2026-03-26 16:00:00,2026-03-28 03:00:00,2026-03-30 04:00:00,MED,TR-03,Entregado
ORD-16097,2026-04-17 19:00:00,2026-04-21 22:00:00,2026-04-25 01:00:00,BAQ,TR-02,Entregado
ORD-16098,2026-06-22 18:00:00,2026-06-24 03:00:00,2026-06-25 07:00:00,BOG,TR-02,Entregado
ORD-16099,2026-04-27 08:00:00,2026-04-28 15:00:00,2026-05-01 11:00:00,BGA,TR-02,Entregado
ORD-16100,2026-01-31 13:00:00,2026-02-04 22:00:00,2026-02-06 23:00:00,BOG,TR-03,Entregado
ORD-16101,2026-04-18 15:00:00,2026-04-22 20:00:00,2026-04-24 01:00:00,BOG,TR-04,Entregado
ORD-16102,2026-03-12 09:00:00,2026-03-13 18:00:00,2026-03-14 22:00:00,BOG,TR-04,Entregado
ORD-16103,2026-04-18 12:00:00,2026-04-21 16:00:00,2026-04-23 13:00:00,CAL,TR-03,Entregado
ORD-16104,2026-05-22 18:00:00,2026-05-26 21:00:00,2026-05-29 20:00:00,CAL,TR-04,Entregado
ORD-16105,2026-04-26 16:00:00,2026-04-28 01:00:00,2026-05-01 02:00:00,BAQ,TR-04,Entregado
ORD-16106,2026-03-15 08:00:00,2026-03-16 16:00:00,2026-03-18 21:00:00,BOG,TR-03,Entregado
ORD-16107,2026-01-12 13:00:00,2026-01-13 15:00:00,2026-01-14 12:00:00,BOG,TR-01,Entregado
ORD-16108,2026-05-27 18:00:00,2026-05-29 05:00:00,2026-05-31 07:00:00,CAL,TR-01,Entregado
ORD-16109,2026-02-10 12:00:00,2026-02-11 14:00:00,2026-02-13 10:00:00,BOG,TR-01,Entregado
ORD-16110,2026-06-06 13:00:00,2026-06-09 19:00:00,2026-06-10 19:00:00,BOG,TR-01,Entregado
ORD-16111,2026-02-28 16:00:00,2026-03-04 20:00:00,2026-03-06 22:00:00,MED,TR-03,Entregado
ORD-16112,2026-01-24 16:00:00,2026-01-27 20:00:00,2026-01-28 23:00:00,BOG,TR-03,Entregado
ORD-16113,2026-05-24 11:00:00,2026-05-25 18:00:00,,BAQ,TR-01,Perdido
ORD-16114,2026-03-21 13:00:00,2026-03-25 21:00:00,2026-03-27 23:00:00,CAL,TR-02,Entregado
ORD-16115,2026-06-14 12:00:00,2026-06-15 18:00:00,2026-06-16 17:00:00,BOG,TR-01,Entregado
ORD-16116,2026-05-12 09:00:00,2026-05-13 16:00:00,2026-05-15 12:00:00,CAL,TR-04,Entregado
ORD-16117,2026-04-02 13:00:00,2026-04-03 19:00:00,2026-04-09 21:00:00,BGA,TR-04,Entregado
ORD-16118,2026-06-18 19:00:00,2026-06-20 01:00:00,2026-06-20 23:00:00,BOG,TR-03,Entregado
ORD-16119,2026-03-22 14:00:00,2026-03-23 16:00:00,,BAQ,TR-03,Perdido
ORD-16120,2026-06-28 08:00:00,2026-06-29 19:00:00,2026-07-01 20:00:00,MED,TR-01,Entregado
ORD-16121,2026-02-21 16:00:00,2026-02-25 02:00:00,2026-02-28 07:00:00,MED,TR-02,Entregado
ORD-16122,2026-04-09 09:00:00,2026-04-10 15:00:00,2026-04-11 18:00:00,BOG,TR-03,Entregado
ORD-16123,2026-06-07 09:00:00,2026-06-08 12:00:00,2026-06-11 10:00:00,MED,TR-02,Entregado
ORD-16124,2026-02-11 18:00:00,2026-02-12 22:00:00,2026-02-14 00:00:00,MED,TR-04,Entregado
ORD-16125,2026-01-27 15:00:00,2026-01-28 18:00:00,2026-01-30 14:00:00,CAL,TR-04,Entregado
ORD-16126,2026-06-16 15:00:00,2026-06-17 17:00:00,2026-06-19 20:00:00,BOG,TR-01,Entregado
ORD-16127,2026-01-18 15:00:00,2026-01-19 18:00:00,2026-01-20 23:00:00,MED,TR-03,Entregado
ORD-16128,2026-04-25 14:00:00,2026-04-28 20:00:00,2026-04-29 21:00:00,BOG,TR-02,Entregado
ORD-16129,2026-05-20 08:00:00,2026-05-21 13:00:00,2026-05-22 13:00:00,BOG,TR-04,Entregado
ORD-16130,2026-06-08 19:00:00,2026-06-09 22:00:00,2026-06-11 03:00:00,BOG,TR-04,Entregado
ORD-16131,2026-01-22 19:00:00,2026-01-23 21:00:00,2026-01-26 17:00:00,BAQ,TR-01,Entregado
ORD-16132,2026-04-02 16:00:00,2026-04-04 01:00:00,2026-04-05 05:00:00,BOG,TR-02,Entregado
ORD-16133,2026-04-18 10:00:00,2026-04-22 15:00:00,2026-04-24 14:00:00,BOG,TR-04,Entregado
ORD-16134,2026-05-15 13:00:00,2026-05-20 00:00:00,2026-05-21 21:00:00,CAL,TR-02,Entregado
ORD-16135,2026-01-24 10:00:00,2026-01-27 12:00:00,2026-01-28 15:00:00,MED,TR-01,Entregado
ORD-16136,2026-03-24 11:00:00,2026-03-25 21:00:00,2026-03-26 20:00:00,BGA,TR-01,Entregado
ORD-16137,2026-04-25 16:00:00,2026-04-28 23:00:00,2026-05-01 00:00:00,BOG,TR-04,Entregado
ORD-16138,2026-04-22 18:00:00,2026-04-24 02:00:00,2026-04-25 01:00:00,BOG,TR-04,Entregado
ORD-16139,2026-06-13 13:00:00,2026-06-17 19:00:00,2026-06-19 15:00:00,CAL,TR-01,Entregado
ORD-16140,2026-06-17 18:00:00,2026-06-18 20:00:00,2026-06-21 17:00:00,MED,TR-03,Entregado
ORD-16141,2026-06-01 12:00:00,2026-06-02 18:00:00,2026-06-03 22:00:00,MED,TR-01,Entregado
ORD-16142,2026-06-19 14:00:00,2026-06-22 23:00:00,2026-06-24 01:00:00,BGA,TR-01,Entregado
ORD-16143,2026-02-14 17:00:00,2026-02-18 23:00:00,2026-02-19 22:00:00,BOG,TR-04,Entregado
ORD-16144,2026-01-14 14:00:00,2026-01-16 01:00:00,2026-01-16 23:00:00,BOG,TR-03,Entregado
ORD-16145,2026-06-06 11:00:00,2026-06-10 15:00:00,2026-06-11 16:00:00,MED,TR-01,Entregado
ORD-16146,2026-05-14 14:00:00,2026-05-15 18:00:00,2026-05-16 18:00:00,BOG,TR-01,Entregado
ORD-16147,2026-02-06 12:00:00,2026-02-09 17:00:00,2026-02-10 20:00:00,BOG,TR-03,Entregado
ORD-16148,2026-01-18 14:00:00,2026-01-19 16:00:00,2026-01-20 19:00:00,BOG,TR-02,Entregado
ORD-16149,2026-02-07 18:00:00,2026-02-11 01:00:00,2026-02-12 02:00:00,BOG,TR-03,Entregado
ORD-16150,2026-05-09 11:00:00,2026-05-12 22:00:00,2026-05-14 19:00:00,BOG,TR-02,Entregado
ORD-16151,2026-02-13 10:00:00,2026-02-17 15:00:00,2026-02-18 19:00:00,BOG,TR-02,Entregado
ORD-16152,2026-03-01 17:00:00,2026-03-03 03:00:00,2026-03-04 08:00:00,BOG,TR-04,Entregado
ORD-16153,2026-02-21 19:00:00,2026-02-25 02:00:00,2026-02-27 02:00:00,CAL,TR-04,Entregado
ORD-16154,2026-01-08 18:00:00,2026-01-09 22:00:00,2026-01-11 01:00:00,BOG,TR-04,Entregado
ORD-16155,2026-06-18 10:00:00,2026-06-19 15:00:00,2026-06-21 16:00:00,MED,TR-04,Entregado
ORD-16156,2026-05-22 19:00:00,2026-05-27 06:00:00,2026-05-29 10:00:00,MED,TR-03,Entregado
ORD-16157,2026-04-06 17:00:00,2026-04-07 20:00:00,2026-04-08 22:00:00,BOG,TR-04,Entregado
ORD-16158,2026-04-21 13:00:00,2026-04-22 18:00:00,2026-04-25 20:00:00,CAL,TR-03,Entregado
ORD-16159,2026-05-03 17:00:00,2026-05-05 01:00:00,,MED,TR-04,Devuelto
ORD-16160,2026-06-17 10:00:00,2026-06-18 14:00:00,,BAQ,TR-01,Perdido
ORD-16161,2026-05-03 12:00:00,2026-05-04 20:00:00,2026-05-07 00:00:00,MED,TR-04,Entregado
ORD-16162,2026-03-18 08:00:00,2026-03-19 13:00:00,2026-03-22 17:00:00,CAL,TR-01,Entregado
ORD-16163,2026-01-11 12:00:00,2026-01-12 14:00:00,2026-01-15 10:00:00,MED,TR-01,Entregado
ORD-16164,2026-01-08 16:00:00,2026-01-09 23:00:00,2026-01-12 04:00:00,MED,TR-04,Entregado
ORD-16165,2026-06-17 15:00:00,2026-06-19 02:00:00,2026-06-22 03:00:00,CAL,TR-01,Entregado
ORD-16166,2026-01-28 10:00:00,2026-01-29 18:00:00,2026-02-04 14:00:00,BAQ,TR-02,Entregado
ORD-16167,2026-05-08 18:00:00,2026-05-12 05:00:00,2026-05-15 02:00:00,BGA,TR-02,Entregado
ORD-16168,2026-03-03 18:00:00,2026-03-05 00:00:00,2026-03-07 02:00:00,BGA,TR-02,Entregado
ORD-16169,2026-02-14 16:00:00,2026-02-18 03:00:00,2026-02-20 00:00:00,BGA,TR-03,Entregado
ORD-16170,2026-04-02 16:00:00,2026-04-03 21:00:00,2026-04-04 20:00:00,BOG,TR-03,Entregado
ORD-16171,2026-02-13 08:00:00,2026-02-17 14:00:00,2026-02-19 15:00:00,BGA,TR-01,Entregado
ORD-16172,2026-06-23 15:00:00,2026-06-24 17:00:00,2026-06-26 13:00:00,BOG,TR-02,Entregado
ORD-16173,2026-06-25 08:00:00,2026-06-26 11:00:00,2026-06-30 10:00:00,BAQ,TR-01,Entregado
ORD-16174,2026-03-21 09:00:00,2026-03-24 20:00:00,2026-03-27 01:00:00,CAL,TR-04,Entregado
ORD-16175,2026-05-15 15:00:00,2026-05-19 21:00:00,2026-05-25 02:00:00,BGA,TR-04,Entregado
ORD-16176,2026-06-26 10:00:00,2026-06-30 19:00:00,2026-07-02 00:00:00,MED,TR-01,Entregado
ORD-16177,2026-02-24 16:00:00,2026-02-26 03:00:00,2026-03-06 08:00:00,BGA,TR-04,Entregado
ORD-16178,2026-02-25 16:00:00,2026-02-26 18:00:00,2026-02-28 14:00:00,CAL,TR-04,Entregado
ORD-16179,2026-02-27 10:00:00,2026-03-02 20:00:00,2026-03-03 22:00:00,BGA,TR-01,Entregado
ORD-16180,2026-03-29 08:00:00,2026-03-30 19:00:00,2026-04-01 16:00:00,MED,TR-03,Entregado
ORD-16181,2026-05-24 15:00:00,2026-05-25 17:00:00,2026-05-27 18:00:00,MED,TR-01,Entregado
ORD-16182,2026-06-22 15:00:00,2026-06-23 21:00:00,2026-06-25 01:00:00,BOG,TR-03,Entregado
ORD-16183,2026-01-14 18:00:00,2026-01-15 23:00:00,2026-01-17 22:00:00,MED,TR-04,Entregado
ORD-16184,2026-02-22 14:00:00,2026-02-23 16:00:00,2026-02-24 19:00:00,BGA,TR-02,Entregado
ORD-16185,2026-05-07 18:00:00,2026-05-08 20:00:00,2026-05-11 22:00:00,BAQ,TR-01,Entregado
ORD-16186,2026-06-24 10:00:00,2026-06-25 20:00:00,2026-06-26 16:00:00,BOG,TR-04,Entregado
ORD-16187,2026-05-14 14:00:00,2026-05-15 23:00:00,2026-05-18 04:00:00,MED,TR-01,Entregado
ORD-16188,2026-02-13 09:00:00,2026-02-16 14:00:00,2026-02-19 14:00:00,BGA,TR-02,Entregado
ORD-16189,2026-01-16 19:00:00,2026-01-21 03:00:00,2026-01-24 05:00:00,BAQ,TR-01,Entregado
ORD-16190,2026-05-28 15:00:00,2026-05-29 17:00:00,2026-05-30 19:00:00,BOG,TR-01,Entregado
ORD-16191,2026-04-03 17:00:00,2026-04-07 20:00:00,2026-04-09 01:00:00,BOG,TR-04,Entregado
ORD-16192,2026-01-22 08:00:00,2026-01-23 11:00:00,2026-01-25 14:00:00,BOG,TR-04,Entregado
ORD-16193,2026-02-16 13:00:00,2026-02-17 15:00:00,2026-02-19 15:00:00,BAQ,TR-02,Entregado
ORD-16194,2026-02-14 19:00:00,2026-02-17 22:00:00,2026-02-20 03:00:00,CAL,TR-04,Entregado
ORD-16195,2026-01-09 15:00:00,2026-01-12 19:00:00,2026-01-13 22:00:00,CAL,TR-01,Entregado
ORD-16196,2026-01-15 11:00:00,2026-01-16 22:00:00,2026-01-19 01:00:00,BOG,TR-02,Entregado
ORD-16197,2026-01-13 18:00:00,2026-01-15 03:00:00,2026-01-18 05:00:00,BGA,TR-01,Entregado
ORD-16198,2026-06-21 12:00:00,2026-06-22 23:00:00,2026-06-26 23:00:00,BAQ,TR-01,Entregado
ORD-16199,2026-03-12 15:00:00,2026-03-13 21:00:00,2026-03-16 00:00:00,BGA,TR-03,Entregado
ORD-16200,2026-05-02 19:00:00,2026-05-06 03:00:00,2026-05-08 01:00:00,BOG,TR-02,Entregado
ORD-16201,2026-06-13 11:00:00,2026-06-16 18:00:00,2026-06-17 14:00:00,BOG,TR-01,Entregado
ORD-16202,2026-03-02 15:00:00,2026-03-03 17:00:00,2026-03-05 17:00:00,CAL,TR-02,Entregado
ORD-16203,2026-06-17 12:00:00,2026-06-18 21:00:00,2026-06-21 01:00:00,BAQ,TR-03,Entregado
ORD-16204,2026-05-06 18:00:00,2026-05-08 01:00:00,2026-05-09 01:00:00,BOG,TR-03,Entregado
ORD-16205,2026-01-01 11:00:00,2026-01-02 19:00:00,2026-01-03 23:00:00,BOG,TR-03,Entregado
ORD-16206,2026-06-11 11:00:00,2026-06-12 22:00:00,2026-06-14 18:00:00,BGA,TR-02,Entregado
ORD-16207,2026-03-29 12:00:00,2026-03-30 21:00:00,2026-04-01 21:00:00,CAL,TR-02,Entregado
ORD-16208,2026-06-10 14:00:00,2026-06-11 17:00:00,2026-06-14 17:00:00,BAQ,TR-04,Entregado
ORD-16209,2026-01-03 19:00:00,2026-01-07 23:00:00,2026-01-09 20:00:00,MED,TR-03,Entregado
ORD-16210,2026-02-20 13:00:00,2026-02-24 22:00:00,2026-02-26 22:00:00,CAL,TR-03,Entregado
ORD-16211,2026-05-03 18:00:00,2026-05-05 00:00:00,2026-05-07 03:00:00,MED,TR-03,Entregado
ORD-16212,2026-01-06 08:00:00,2026-01-07 11:00:00,2026-01-09 12:00:00,MED,TR-02,Entregado
ORD-16213,2026-04-27 19:00:00,2026-04-29 06:00:00,2026-05-01 09:00:00,BGA,TR-01,Entregado
ORD-16214,2026-05-30 15:00:00,2026-06-02 23:00:00,2026-06-05 01:00:00,BOG,TR-03,Entregado
ORD-16215,2026-05-05 08:00:00,2026-05-06 18:00:00,2026-05-07 23:00:00,BOG,TR-03,Entregado
ORD-16216,2026-03-26 10:00:00,2026-03-27 15:00:00,2026-03-28 11:00:00,BOG,TR-04,Entregado
ORD-16217,2026-06-27 18:00:00,2026-07-02 05:00:00,2026-07-04 01:00:00,MED,TR-03,Entregado
ORD-16218,2026-03-12 17:00:00,2026-03-14 01:00:00,2026-03-16 04:00:00,CAL,TR-01,Entregado
ORD-16219,2026-02-08 12:00:00,2026-02-09 23:00:00,2026-02-10 23:00:00,BOG,TR-02,Entregado
ORD-16220,2026-02-17 16:00:00,2026-02-18 22:00:00,2026-02-20 21:00:00,MED,TR-02,Entregado
ORD-16221,2026-01-21 09:00:00,2026-01-22 14:00:00,2026-01-25 10:00:00,BAQ,TR-02,Entregado
ORD-16222,2026-04-09 11:00:00,2026-04-10 18:00:00,2026-04-11 22:00:00,BOG,TR-04,Entregado
ORD-16223,2026-01-15 12:00:00,2026-01-16 21:00:00,2026-01-20 00:00:00,CAL,TR-02,Entregado
ORD-16224,2026-06-28 19:00:00,2026-06-30 06:00:00,2026-07-01 03:00:00,MED,TR-02,Entregado
ORD-16225,2026-03-03 14:00:00,2026-03-04 16:00:00,2026-03-05 16:00:00,BOG,TR-01,Entregado
ORD-16226,2026-02-06 13:00:00,2026-02-10 17:00:00,2026-02-11 21:00:00,BOG,TR-04,Entregado
ORD-16227,2026-01-26 17:00:00,2026-01-28 03:00:00,2026-01-31 04:00:00,MED,TR-02,Entregado
ORD-16228,2026-01-08 16:00:00,2026-01-09 19:00:00,2026-01-10 21:00:00,BOG,TR-04,Entregado
ORD-16229,2026-01-04 12:00:00,2026-01-05 22:00:00,2026-01-12 21:00:00,BGA,TR-04,Entregado
ORD-16230,2026-06-08 12:00:00,2026-06-09 22:00:00,2026-06-10 18:00:00,BOG,TR-04,Entregado
ORD-16231,2026-01-25 14:00:00,2026-01-26 22:00:00,2026-01-28 18:00:00,CAL,TR-01,Entregado
ORD-16232,2026-05-23 12:00:00,2026-05-26 15:00:00,2026-05-28 14:00:00,CAL,TR-01,Entregado
ORD-16233,2026-06-12 08:00:00,2026-06-16 11:00:00,2026-06-17 14:00:00,CAL,TR-01,Entregado
ORD-16234,2026-02-12 16:00:00,2026-02-14 01:00:00,2026-02-15 22:00:00,CAL,TR-02,Entregado
ORD-16235,2026-02-06 16:00:00,2026-02-10 23:00:00,2026-02-11 20:00:00,BOG,TR-03,Entregado
ORD-16236,2026-02-11 19:00:00,2026-02-13 05:00:00,2026-02-15 08:00:00,BOG,TR-02,Entregado
ORD-16237,2026-03-02 11:00:00,2026-03-03 14:00:00,2026-03-04 11:00:00,MED,TR-02,Entregado
ORD-16238,2026-02-22 11:00:00,2026-02-23 14:00:00,2026-02-25 10:00:00,CAL,TR-03,Entregado
ORD-16239,2026-02-03 19:00:00,2026-02-05 00:00:00,2026-02-07 00:00:00,BAQ,TR-01,Entregado
ORD-16240,2026-04-07 15:00:00,2026-04-09 02:00:00,2026-04-10 02:00:00,BOG,TR-01,Entregado
ORD-16241,2026-05-28 12:00:00,2026-05-29 18:00:00,2026-05-31 19:00:00,MED,TR-02,Entregado
ORD-16242,2026-01-30 15:00:00,2026-02-03 17:00:00,2026-02-06 19:00:00,BAQ,TR-01,Entregado
ORD-16243,2026-01-07 11:00:00,2026-01-08 20:00:00,2026-01-10 16:00:00,BOG,TR-02,Entregado
ORD-16244,2026-02-07 11:00:00,2026-02-11 19:00:00,2026-02-12 15:00:00,BOG,TR-01,Entregado
ORD-16245,2026-05-23 14:00:00,2026-05-27 22:00:00,2026-05-31 00:00:00,BGA,TR-01,Entregado
ORD-16246,2026-05-20 19:00:00,2026-05-22 06:00:00,2026-05-25 11:00:00,MED,TR-03,Entregado
ORD-16247,2026-05-23 18:00:00,2026-05-28 04:00:00,2026-05-31 05:00:00,BAQ,TR-03,Entregado
ORD-16248,2026-05-06 08:00:00,2026-05-07 15:00:00,2026-05-08 15:00:00,BOG,TR-04,Entregado
ORD-16249,2026-01-21 17:00:00,2026-01-23 00:00:00,2026-01-24 01:00:00,BGA,TR-01,Entregado
ORD-16250,2026-01-15 17:00:00,2026-01-17 02:00:00,2026-01-19 02:00:00,MED,TR-01,Entregado
ORD-16251,2026-03-04 11:00:00,2026-03-05 22:00:00,2026-03-11 01:00:00,BGA,TR-04,Entregado
ORD-16252,2026-01-27 14:00:00,2026-01-28 17:00:00,2026-01-29 14:00:00,BOG,TR-02,Entregado
ORD-16253,2026-04-03 16:00:00,2026-04-08 01:00:00,2026-04-10 21:00:00,CAL,TR-04,Entregado
ORD-16254,2026-02-22 11:00:00,2026-02-23 19:00:00,2026-02-24 15:00:00,CAL,TR-01,Entregado
ORD-16255,2026-03-04 16:00:00,2026-03-05 22:00:00,2026-03-09 02:00:00,BAQ,TR-01,Entregado
ORD-16256,2026-02-26 15:00:00,2026-02-28 00:00:00,2026-03-02 03:00:00,MED,TR-01,Entregado
ORD-16257,2026-02-21 18:00:00,2026-02-26 04:00:00,2026-02-28 08:00:00,BOG,TR-03,Entregado
ORD-16258,2026-02-12 14:00:00,2026-02-13 22:00:00,2026-02-15 01:00:00,BGA,TR-03,Entregado
ORD-16259,2026-04-27 17:00:00,2026-04-28 19:00:00,2026-04-29 21:00:00,BOG,TR-02,Entregado
ORD-16260,2026-01-04 12:00:00,2026-01-05 20:00:00,2026-01-08 01:00:00,CAL,TR-01,Entregado
ORD-16261,2026-05-13 18:00:00,2026-05-15 00:00:00,,BGA,TR-02,Perdido
ORD-16262,2026-03-21 16:00:00,2026-03-24 19:00:00,2026-03-26 20:00:00,BOG,TR-03,Entregado
ORD-16263,2026-05-12 09:00:00,2026-05-13 20:00:00,2026-05-16 00:00:00,MED,TR-04,Entregado
ORD-16264,2026-05-29 13:00:00,2026-06-01 15:00:00,2026-06-02 20:00:00,BOG,TR-04,Entregado
ORD-16265,2026-02-12 12:00:00,2026-02-13 14:00:00,2026-02-14 10:00:00,BOG,TR-01,Entregado
ORD-16266,2026-03-23 19:00:00,2026-03-25 04:00:00,2026-03-26 07:00:00,BOG,TR-03,Entregado
ORD-16267,2026-05-17 11:00:00,2026-05-18 14:00:00,2026-05-20 14:00:00,CAL,TR-04,Entregado
ORD-16268,2026-06-05 17:00:00,2026-06-10 01:00:00,2026-06-10 23:00:00,BOG,TR-01,Entregado
ORD-16269,2026-03-23 10:00:00,2026-03-24 14:00:00,,BOG,TR-02,Devuelto
ORD-16270,2026-05-11 16:00:00,2026-05-12 20:00:00,2026-05-14 18:00:00,MED,TR-01,Entregado
ORD-16271,2026-04-10 08:00:00,2026-04-14 11:00:00,2026-04-16 14:00:00,BOG,TR-02,Entregado
ORD-16272,2026-05-25 14:00:00,2026-05-26 17:00:00,2026-05-27 21:00:00,BOG,TR-04,Entregado
ORD-16273,2026-05-31 09:00:00,2026-06-01 20:00:00,2026-06-04 19:00:00,MED,TR-03,Entregado
ORD-16274,2026-04-15 16:00:00,2026-04-16 22:00:00,2026-04-17 20:00:00,BOG,TR-01,Entregado
ORD-16275,2026-03-10 10:00:00,2026-03-11 18:00:00,2026-03-12 19:00:00,BOG,TR-04,Entregado
ORD-16276,2026-06-05 10:00:00,2026-06-09 15:00:00,2026-06-10 16:00:00,BOG,TR-04,Entregado
ORD-16277,2026-04-12 11:00:00,2026-04-13 21:00:00,2026-04-16 21:00:00,CAL,TR-02,Entregado
ORD-16278,2026-03-29 18:00:00,2026-03-30 21:00:00,2026-04-02 23:00:00,MED,TR-01,Entregado
ORD-16279,2026-02-14 18:00:00,2026-02-18 22:00:00,2026-02-19 20:00:00,BOG,TR-02,Entregado
ORD-16280,2026-03-16 12:00:00,2026-03-17 16:00:00,2026-03-18 15:00:00,BOG,TR-02,Entregado
ORD-16281,2026-01-09 08:00:00,2026-01-13 12:00:00,2026-01-16 12:00:00,MED,TR-01,Entregado
ORD-16282,2026-04-28 08:00:00,2026-04-29 19:00:00,2026-05-02 15:00:00,BGA,TR-02,Entregado
ORD-16283,2026-05-11 17:00:00,2026-05-13 04:00:00,2026-05-15 07:00:00,MED,TR-04,Entregado
ORD-16284,2026-06-08 17:00:00,2026-06-10 02:00:00,2026-06-13 00:00:00,BAQ,TR-04,Entregado
ORD-16285,2026-01-23 17:00:00,2026-01-26 21:00:00,2026-01-27 18:00:00,BOG,TR-01,Entregado
ORD-16286,2026-03-13 19:00:00,2026-03-17 03:00:00,2026-03-19 01:00:00,BGA,TR-01,Entregado
ORD-16287,2026-03-05 13:00:00,2026-03-06 23:00:00,2026-03-07 20:00:00,BOG,TR-01,Entregado
ORD-16288,2026-05-23 18:00:00,2026-05-26 22:00:00,2026-05-30 23:00:00,BAQ,TR-02,Entregado
ORD-16289,2026-04-15 15:00:00,2026-04-16 20:00:00,2026-04-18 16:00:00,MED,TR-01,Entregado
ORD-16290,2026-03-15 11:00:00,2026-03-16 15:00:00,2026-03-17 17:00:00,BOG,TR-04,Entregado
ORD-16291,2026-04-15 14:00:00,2026-04-16 18:00:00,2026-04-17 23:00:00,BOG,TR-04,Entregado
ORD-16292,2026-02-22 12:00:00,2026-02-23 14:00:00,2026-02-24 18:00:00,BOG,TR-03,Entregado
ORD-16293,2026-05-09 09:00:00,2026-05-12 12:00:00,2026-05-14 17:00:00,BGA,TR-01,Entregado
ORD-16294,2026-02-27 10:00:00,2026-03-03 15:00:00,2026-03-09 17:00:00,BGA,TR-04,Entregado
ORD-16295,2026-03-13 13:00:00,2026-03-17 23:00:00,2026-03-21 04:00:00,BAQ,TR-03,Entregado
ORD-16296,2026-05-20 17:00:00,2026-05-22 00:00:00,2026-05-24 05:00:00,BOG,TR-01,Entregado
ORD-16297,2026-01-27 12:00:00,2026-01-28 14:00:00,2026-01-29 10:00:00,CAL,TR-02,Entregado
ORD-16298,2026-05-09 19:00:00,2026-05-13 06:00:00,2026-05-14 11:00:00,BGA,TR-02,Entregado
ORD-16299,2026-04-17 19:00:00,2026-04-20 22:00:00,2026-04-28 03:00:00,BGA,TR-04,Entregado
ORD-16300,2026-01-03 10:00:00,2026-01-06 12:00:00,2026-01-08 08:00:00,BOG,TR-01,Entregado
ORD-16301,2026-05-26 11:00:00,2026-05-27 18:00:00,2026-05-28 18:00:00,BOG,TR-04,Entregado
ORD-16302,2026-03-01 09:00:00,2026-03-02 14:00:00,2026-03-03 17:00:00,BOG,TR-03,Entregado
ORD-16303,2026-04-06 16:00:00,2026-04-07 22:00:00,2026-04-08 23:00:00,CAL,TR-01,Entregado
ORD-16304,2026-03-01 17:00:00,2026-03-03 04:00:00,2026-03-04 05:00:00,BOG,TR-02,Entregado
ORD-16305,2026-01-19 13:00:00,2026-01-20 21:00:00,2026-01-23 23:00:00,BGA,TR-02,Entregado
ORD-16306,2026-04-21 17:00:00,2026-04-23 03:00:00,2026-04-25 00:00:00,MED,TR-04,Entregado
ORD-16307,2026-01-22 08:00:00,2026-01-23 15:00:00,2026-01-24 13:00:00,MED,TR-04,Entregado
ORD-16308,2026-06-15 10:00:00,2026-06-16 16:00:00,2026-06-18 19:00:00,MED,TR-01,Entregado
ORD-16309,2026-04-17 10:00:00,2026-04-20 19:00:00,2026-04-21 17:00:00,BOG,TR-02,Entregado
ORD-16310,2026-03-24 17:00:00,2026-03-26 00:00:00,2026-03-28 22:00:00,CAL,TR-01,Entregado
ORD-16311,2026-05-23 18:00:00,2026-05-27 03:00:00,2026-05-29 01:00:00,MED,TR-01,Entregado
ORD-16312,2026-04-21 17:00:00,2026-04-23 01:00:00,2026-04-25 04:00:00,BAQ,TR-04,Entregado
ORD-16313,2026-01-24 12:00:00,2026-01-28 16:00:00,2026-01-29 13:00:00,BGA,TR-03,Entregado
ORD-16314,2026-05-12 16:00:00,2026-05-14 01:00:00,2026-05-17 00:00:00,MED,TR-03,Entregado
ORD-16315,2026-04-08 15:00:00,2026-04-09 23:00:00,2026-04-12 02:00:00,MED,TR-02,Entregado
ORD-16316,2026-02-06 14:00:00,2026-02-09 23:00:00,2026-02-12 22:00:00,BAQ,TR-01,Entregado
ORD-16317,2026-01-01 19:00:00,2026-01-03 00:00:00,2026-01-05 02:00:00,CAL,TR-04,Entregado
ORD-16318,2026-05-20 12:00:00,2026-05-21 18:00:00,2026-05-22 18:00:00,BOG,TR-04,Entregado
ORD-16319,2026-05-19 19:00:00,2026-05-21 02:00:00,2026-05-22 04:00:00,BOG,TR-03,Entregado
ORD-16320,2026-04-25 17:00:00,2026-04-29 00:00:00,2026-04-29 20:00:00,BOG,TR-03,Entregado
ORD-16321,2026-04-18 19:00:00,2026-04-22 00:00:00,2026-04-23 04:00:00,BOG,TR-04,Entregado
ORD-16322,2026-03-19 09:00:00,2026-03-20 12:00:00,2026-03-22 12:00:00,CAL,TR-01,Entregado
ORD-16323,2026-06-11 16:00:00,2026-06-12 22:00:00,2026-06-13 19:00:00,CAL,TR-03,Entregado
ORD-16324,2026-05-12 11:00:00,2026-05-13 20:00:00,2026-05-15 19:00:00,BGA,TR-03,Entregado
ORD-16325,2026-04-29 17:00:00,2026-05-01 03:00:00,2026-05-03 03:00:00,BOG,TR-04,Entregado
ORD-16326,2026-05-24 17:00:00,2026-05-25 21:00:00,2026-05-28 23:00:00,CAL,TR-01,Entregado
ORD-16327,2026-04-19 09:00:00,2026-04-20 14:00:00,2026-04-22 17:00:00,BOG,TR-04,Entregado
ORD-16328,2026-02-04 10:00:00,2026-02-05 18:00:00,2026-02-07 14:00:00,CAL,TR-02,Entregado
ORD-16329,2026-05-14 10:00:00,2026-05-15 18:00:00,2026-05-17 17:00:00,BOG,TR-03,Entregado
ORD-16330,2026-01-08 17:00:00,2026-01-10 00:00:00,2026-01-10 20:00:00,BOG,TR-01,Entregado
ORD-16331,2026-06-15 14:00:00,2026-06-16 19:00:00,2026-06-23 23:00:00,BGA,TR-04,Entregado
ORD-16332,2026-01-23 09:00:00,2026-01-26 13:00:00,2026-01-27 12:00:00,BOG,TR-03,Entregado
ORD-16333,2026-02-15 10:00:00,2026-02-16 12:00:00,2026-02-19 14:00:00,BAQ,TR-04,Entregado
ORD-16334,2026-01-28 17:00:00,2026-01-30 03:00:00,2026-02-01 04:00:00,CAL,TR-03,Entregado
ORD-16335,2026-01-10 11:00:00,2026-01-13 18:00:00,2026-01-15 15:00:00,CAL,TR-01,Entregado
ORD-16336,2026-02-24 09:00:00,2026-02-25 14:00:00,2026-02-26 15:00:00,BOG,TR-01,Entregado
ORD-16337,2026-03-08 14:00:00,2026-03-09 17:00:00,2026-03-11 13:00:00,BOG,TR-01,Entregado
ORD-16338,2026-02-24 17:00:00,2026-02-25 21:00:00,2026-02-26 23:00:00,BOG,TR-03,Entregado
ORD-16339,2026-01-19 19:00:00,2026-01-21 04:00:00,2026-01-22 06:00:00,BOG,TR-02,Entregado
ORD-16340,2026-03-22 19:00:00,2026-03-24 03:00:00,2026-03-29 23:00:00,BAQ,TR-02,Entregado
ORD-16341,2026-05-27 12:00:00,2026-05-28 17:00:00,,BOG,TR-03,Devuelto
ORD-16342,2026-03-28 11:00:00,2026-04-01 15:00:00,2026-04-03 20:00:00,CAL,TR-02,Entregado
ORD-16343,2026-01-13 18:00:00,2026-01-15 02:00:00,2026-01-15 23:00:00,BOG,TR-04,Entregado
ORD-16344,2026-05-19 08:00:00,2026-05-20 14:00:00,2026-05-22 13:00:00,BOG,TR-01,Entregado
ORD-16345,2026-02-19 19:00:00,2026-02-20 21:00:00,2026-02-22 18:00:00,BOG,TR-03,Entregado
ORD-16346,2026-01-04 13:00:00,2026-01-05 21:00:00,2026-01-06 17:00:00,BOG,TR-04,Entregado
ORD-16347,2026-04-29 12:00:00,2026-04-30 17:00:00,2026-05-01 22:00:00,BOG,TR-02,Entregado
ORD-16348,2026-02-08 09:00:00,2026-02-09 16:00:00,2026-02-10 15:00:00,BOG,TR-03,Entregado
ORD-16349,2026-04-07 19:00:00,2026-04-09 03:00:00,2026-04-12 07:00:00,MED,TR-04,Entregado
ORD-16350,2026-06-19 15:00:00,2026-06-22 18:00:00,2026-06-25 17:00:00,CAL,TR-02,Entregado
ORD-16351,2026-04-07 19:00:00,2026-04-09 06:00:00,2026-04-12 09:00:00,BAQ,TR-04,Entregado
ORD-16352,2026-05-10 18:00:00,2026-05-12 04:00:00,2026-05-14 09:00:00,BAQ,TR-03,Entregado
ORD-16353,2026-06-05 17:00:00,2026-06-09 23:00:00,2026-06-11 04:00:00,BOG,TR-03,Entregado
ORD-16354,2026-03-27 08:00:00,2026-03-30 19:00:00,2026-04-02 16:00:00,BAQ,TR-03,Entregado
ORD-16355,2026-03-31 10:00:00,2026-04-01 12:00:00,2026-04-02 12:00:00,BOG,TR-01,Entregado
ORD-16356,2026-03-17 10:00:00,2026-03-18 17:00:00,2026-03-21 16:00:00,BGA,TR-01,Entregado
ORD-16357,2026-04-02 16:00:00,2026-04-03 21:00:00,2026-04-05 02:00:00,BGA,TR-01,Entregado
ORD-16358,2026-01-10 13:00:00,2026-01-14 15:00:00,2026-01-16 18:00:00,MED,TR-02,Entregado
ORD-16359,2026-04-12 16:00:00,2026-04-14 03:00:00,2026-04-15 01:00:00,MED,TR-02,Entregado
ORD-16360,2026-04-18 12:00:00,2026-04-22 21:00:00,2026-04-24 01:00:00,CAL,TR-03,Entregado
ORD-16361,2026-04-01 13:00:00,2026-04-02 15:00:00,2026-04-03 19:00:00,CAL,TR-04,Entregado
ORD-16362,2026-04-17 15:00:00,2026-04-20 20:00:00,2026-04-25 21:00:00,BGA,TR-04,Entregado
ORD-16363,2026-04-11 09:00:00,2026-04-15 18:00:00,2026-04-16 23:00:00,BOG,TR-04,Entregado
ORD-16364,2026-04-18 19:00:00,2026-04-23 06:00:00,2026-04-24 06:00:00,CAL,TR-04,Entregado
ORD-16365,2026-02-17 12:00:00,2026-02-18 16:00:00,2026-02-21 16:00:00,MED,TR-04,Entregado
ORD-16366,2026-04-16 10:00:00,2026-04-17 18:00:00,2026-04-18 20:00:00,BOG,TR-03,Entregado
ORD-16367,2026-02-02 19:00:00,2026-02-04 05:00:00,2026-02-06 06:00:00,BOG,TR-03,Entregado
ORD-16368,2026-06-14 16:00:00,2026-06-15 23:00:00,2026-06-18 00:00:00,MED,TR-02,Entregado
ORD-16369,2026-02-05 08:00:00,2026-02-06 15:00:00,2026-02-07 13:00:00,BOG,TR-04,Entregado
ORD-16370,2026-03-29 12:00:00,2026-03-30 17:00:00,2026-04-01 18:00:00,MED,TR-01,Entregado
ORD-16371,2026-05-10 19:00:00,2026-05-11 23:00:00,2026-05-13 03:00:00,MED,TR-04,Entregado
ORD-16372,2026-01-30 19:00:00,2026-02-03 04:00:00,2026-02-05 06:00:00,BGA,TR-03,Entregado
ORD-16373,2026-06-21 19:00:00,2026-06-23 02:00:00,2026-06-25 07:00:00,MED,TR-04,Entregado
ORD-16374,2026-02-20 16:00:00,2026-02-24 02:00:00,2026-02-26 06:00:00,CAL,TR-01,Entregado
ORD-16375,2026-06-26 11:00:00,2026-06-30 15:00:00,2026-07-02 12:00:00,BAQ,TR-03,Entregado
ORD-16376,2026-06-01 15:00:00,2026-06-03 01:00:00,2026-06-06 21:00:00,BGA,TR-04,Entregado
ORD-16377,2026-05-19 18:00:00,2026-05-20 23:00:00,2026-05-23 03:00:00,BOG,TR-04,Entregado
ORD-16378,2026-03-15 15:00:00,2026-03-16 22:00:00,2026-03-18 22:00:00,BOG,TR-02,Entregado
ORD-16379,2026-01-20 15:00:00,2026-01-22 02:00:00,2026-01-24 02:00:00,BOG,TR-04,Entregado
ORD-16380,2026-03-14 14:00:00,2026-03-18 16:00:00,2026-03-20 17:00:00,CAL,TR-01,Entregado
ORD-16381,2026-03-19 19:00:00,2026-03-21 00:00:00,2026-03-21 23:00:00,BOG,TR-02,Entregado
ORD-16382,2026-05-10 16:00:00,2026-05-12 00:00:00,2026-05-13 05:00:00,CAL,TR-01,Entregado
ORD-16383,2026-02-12 15:00:00,2026-02-13 22:00:00,2026-02-17 02:00:00,BGA,TR-03,Entregado
ORD-16384,2026-01-13 12:00:00,2026-01-14 17:00:00,2026-01-16 13:00:00,MED,TR-02,Entregado
ORD-16385,2026-04-21 19:00:00,2026-04-22 21:00:00,2026-04-23 19:00:00,MED,TR-02,Entregado
ORD-16386,2026-02-04 14:00:00,2026-02-05 22:00:00,2026-02-07 01:00:00,BOG,TR-03,Entregado
ORD-16387,2026-02-15 09:00:00,2026-02-16 14:00:00,2026-02-18 13:00:00,MED,TR-04,Entregado
ORD-16388,2026-03-02 10:00:00,2026-03-03 15:00:00,2026-03-04 12:00:00,MED,TR-03,Entregado
ORD-16389,2026-03-05 16:00:00,2026-03-06 23:00:00,2026-03-07 21:00:00,BOG,TR-02,Entregado
ORD-16390,2026-02-21 11:00:00,2026-02-24 17:00:00,2026-02-26 16:00:00,BGA,TR-01,Entregado
ORD-16391,2026-03-10 10:00:00,2026-03-11 15:00:00,2026-03-14 15:00:00,MED,TR-01,Entregado
ORD-16392,2026-06-24 10:00:00,2026-06-25 21:00:00,2026-06-26 21:00:00,BOG,TR-04,Entregado
ORD-16393,2026-01-02 19:00:00,2026-01-06 04:00:00,2026-01-08 07:00:00,MED,TR-04,Entregado
ORD-16394,2026-03-19 19:00:00,2026-03-21 05:00:00,2026-03-22 09:00:00,BOG,TR-03,Entregado
ORD-16395,2026-02-23 17:00:00,2026-02-25 02:00:00,2026-02-28 04:00:00,CAL,TR-03,Entregado
ORD-16396,2026-03-08 11:00:00,2026-03-09 17:00:00,2026-03-11 14:00:00,CAL,TR-01,Entregado
ORD-16397,2026-04-12 15:00:00,2026-04-13 23:00:00,2026-04-15 04:00:00,BOG,TR-02,Entregado
ORD-16398,2026-06-02 13:00:00,2026-06-03 17:00:00,2026-06-06 17:00:00,MED,TR-02,Entregado
ORD-16399,2026-02-17 14:00:00,2026-02-18 23:00:00,2026-02-21 00:00:00,MED,TR-04,Entregado
ORD-16400,2026-02-16 12:00:00,2026-02-17 18:00:00,2026-02-19 17:00:00,MED,TR-04,Entregado
ORD-16401,2026-06-07 19:00:00,2026-06-09 00:00:00,2026-06-12 05:00:00,BAQ,TR-01,Entregado
ORD-16402,2026-06-08 16:00:00,2026-06-09 23:00:00,2026-06-12 20:00:00,CAL,TR-02,Entregado
ORD-16403,2026-04-26 17:00:00,2026-04-28 02:00:00,2026-04-29 02:00:00,BOG,TR-04,Entregado
ORD-16404,2026-05-30 12:00:00,2026-06-02 17:00:00,2026-06-03 17:00:00,BOG,TR-02,Entregado
ORD-16405,2026-01-01 12:00:00,2026-01-02 22:00:00,2026-01-05 21:00:00,BAQ,TR-01,Entregado
ORD-16406,2026-03-18 12:00:00,2026-03-19 21:00:00,2026-03-20 21:00:00,BOG,TR-04,Entregado
ORD-16407,2026-02-15 16:00:00,2026-02-16 22:00:00,2026-02-18 02:00:00,BOG,TR-02,Entregado
ORD-16408,2026-05-25 12:00:00,2026-05-26 19:00:00,2026-05-28 18:00:00,BOG,TR-03,Entregado
ORD-16409,2026-02-28 13:00:00,2026-03-03 19:00:00,2026-03-05 16:00:00,BGA,TR-02,Entregado
ORD-16410,2026-03-27 19:00:00,2026-03-30 23:00:00,2026-03-31 21:00:00,BOG,TR-01,Entregado
ORD-16411,2026-01-06 12:00:00,2026-01-07 17:00:00,2026-01-09 14:00:00,BOG,TR-02,Entregado
ORD-16412,2026-05-24 17:00:00,2026-05-25 23:00:00,2026-05-27 03:00:00,BOG,TR-02,Entregado
ORD-16413,2026-01-05 16:00:00,2026-01-06 18:00:00,2026-01-07 22:00:00,BOG,TR-03,Entregado
ORD-16414,2026-06-23 15:00:00,2026-06-24 22:00:00,2026-06-26 20:00:00,BOG,TR-01,Entregado
ORD-16415,2026-01-14 19:00:00,2026-01-15 21:00:00,2026-01-16 21:00:00,BOG,TR-02,Entregado
ORD-16416,2026-04-16 11:00:00,2026-04-17 14:00:00,2026-04-22 12:00:00,BGA,TR-04,Entregado
ORD-16417,2026-04-26 17:00:00,2026-04-27 20:00:00,2026-05-03 22:00:00,BGA,TR-04,Entregado
ORD-16418,2026-02-22 10:00:00,2026-02-23 16:00:00,2026-02-26 19:00:00,MED,TR-02,Entregado
ORD-16419,2026-02-16 15:00:00,2026-02-17 19:00:00,2026-02-19 19:00:00,CAL,TR-04,Entregado
ORD-16420,2026-01-23 12:00:00,2026-01-26 22:00:00,2026-01-28 03:00:00,BOG,TR-02,Entregado
ORD-16421,2026-04-16 10:00:00,2026-04-17 14:00:00,2026-04-19 11:00:00,CAL,TR-03,Entregado
ORD-16422,2026-02-22 10:00:00,2026-02-23 13:00:00,2026-02-26 16:00:00,BAQ,TR-03,Entregado
ORD-16423,2026-04-06 17:00:00,2026-04-07 21:00:00,2026-04-11 01:00:00,MED,TR-02,Entregado
ORD-16424,2026-01-05 08:00:00,2026-01-06 17:00:00,2026-01-08 19:00:00,BOG,TR-01,Entregado
ORD-16425,2026-06-09 13:00:00,2026-06-10 21:00:00,2026-06-13 19:00:00,CAL,TR-02,Entregado
ORD-16426,2026-06-29 11:00:00,2026-06-30 19:00:00,2026-07-03 23:00:00,MED,TR-02,Entregado
ORD-16427,2026-04-22 15:00:00,2026-04-24 00:00:00,2026-04-25 02:00:00,BOG,TR-04,Entregado
ORD-16428,2026-04-21 09:00:00,2026-04-22 14:00:00,2026-04-23 15:00:00,BOG,TR-04,Entregado
ORD-16429,2026-01-01 17:00:00,2026-01-03 03:00:00,2026-01-04 08:00:00,MED,TR-01,Entregado
ORD-16430,2026-04-03 10:00:00,2026-04-07 18:00:00,2026-04-10 23:00:00,BGA,TR-03,Entregado
ORD-16431,2026-06-21 15:00:00,2026-06-22 17:00:00,2026-06-26 20:00:00,BAQ,TR-04,Entregado
ORD-16432,2026-01-06 19:00:00,2026-01-07 21:00:00,2026-01-09 20:00:00,BAQ,TR-01,Entregado
ORD-16433,2026-04-13 09:00:00,2026-04-14 12:00:00,2026-04-15 11:00:00,MED,TR-04,Entregado
ORD-16434,2026-04-28 15:00:00,2026-04-30 02:00:00,2026-05-02 01:00:00,MED,TR-01,Entregado
ORD-16435,2026-03-29 11:00:00,2026-03-30 13:00:00,2026-04-01 14:00:00,CAL,TR-01,Entregado
ORD-16436,2026-01-14 12:00:00,2026-01-15 20:00:00,2026-01-16 19:00:00,BOG,TR-02,Entregado
ORD-16437,2026-06-18 15:00:00,2026-06-19 18:00:00,,BGA,TR-01,Perdido
ORD-16438,2026-02-03 19:00:00,2026-02-05 02:00:00,2026-02-07 05:00:00,MED,TR-04,Entregado
ORD-16439,2026-02-14 14:00:00,2026-02-19 01:00:00,2026-02-22 04:00:00,BAQ,TR-03,Entregado
ORD-16440,2026-03-21 14:00:00,2026-03-26 01:00:00,2026-03-28 05:00:00,CAL,TR-03,Entregado
ORD-16441,2026-06-04 19:00:00,2026-06-05 21:00:00,2026-06-11 00:00:00,BAQ,TR-02,Entregado
ORD-16442,2026-02-02 08:00:00,2026-02-03 11:00:00,2026-02-05 10:00:00,MED,TR-02,Entregado
ORD-16443,2026-02-13 11:00:00,2026-02-16 16:00:00,2026-02-17 14:00:00,BOG,TR-01,Entregado
ORD-16444,2026-04-21 11:00:00,2026-04-22 18:00:00,2026-04-23 16:00:00,BOG,TR-04,Entregado
ORD-16445,2026-01-07 10:00:00,2026-01-08 20:00:00,2026-01-11 18:00:00,CAL,TR-04,Entregado
ORD-16446,2026-06-16 15:00:00,2026-06-17 18:00:00,2026-06-21 21:00:00,BAQ,TR-02,Entregado
ORD-16447,2026-03-11 15:00:00,2026-03-12 18:00:00,2026-03-14 16:00:00,MED,TR-04,Entregado
ORD-16448,2026-04-14 14:00:00,2026-04-15 17:00:00,2026-04-17 15:00:00,BGA,TR-03,Entregado
ORD-16449,2026-02-23 13:00:00,2026-02-24 19:00:00,2026-02-25 19:00:00,BOG,TR-02,Entregado
ORD-16450,2026-03-15 18:00:00,2026-03-16 22:00:00,2026-03-17 22:00:00,BOG,TR-02,Entregado
ORD-16451,2026-02-01 13:00:00,2026-02-02 22:00:00,2026-02-04 18:00:00,MED,TR-02,Entregado
ORD-16452,2026-02-22 10:00:00,2026-02-23 12:00:00,2026-02-25 11:00:00,BOG,TR-04,Entregado
ORD-16453,2026-03-17 15:00:00,2026-03-18 20:00:00,2026-03-21 19:00:00,MED,TR-03,Entregado
ORD-16454,2026-01-27 13:00:00,2026-01-28 15:00:00,2026-01-29 15:00:00,BOG,TR-03,Entregado
ORD-16455,2026-03-03 09:00:00,2026-03-04 18:00:00,2026-03-08 22:00:00,BAQ,TR-02,Entregado
ORD-16456,2026-05-07 14:00:00,2026-05-08 17:00:00,2026-05-10 13:00:00,CAL,TR-03,Entregado
ORD-16457,2026-03-18 12:00:00,2026-03-19 19:00:00,2026-03-20 19:00:00,BOG,TR-02,Entregado
ORD-16458,2026-04-14 12:00:00,2026-04-15 22:00:00,2026-04-17 02:00:00,BOG,TR-01,Entregado
ORD-16459,2026-02-18 16:00:00,2026-02-19 18:00:00,2026-02-20 22:00:00,BOG,TR-02,Entregado
ORD-16460,2026-04-26 09:00:00,2026-04-27 19:00:00,2026-04-30 19:00:00,MED,TR-01,Entregado
ORD-16461,2026-04-10 16:00:00,2026-04-14 03:00:00,2026-04-21 08:00:00,BGA,TR-04,Entregado
ORD-16462,2026-05-08 11:00:00,2026-05-12 21:00:00,2026-05-14 17:00:00,BGA,TR-02,Entregado
ORD-16463,2026-05-26 12:00:00,2026-05-27 21:00:00,2026-05-30 17:00:00,BAQ,TR-04,Entregado
ORD-16464,2026-01-19 17:00:00,2026-01-21 02:00:00,2026-01-23 06:00:00,MED,TR-03,Entregado
ORD-16465,2026-01-18 16:00:00,2026-01-20 02:00:00,2026-01-21 00:00:00,BOG,TR-02,Entregado
ORD-16466,2026-02-01 12:00:00,2026-02-02 19:00:00,2026-02-03 19:00:00,BOG,TR-03,Entregado
ORD-16467,2026-01-10 12:00:00,2026-01-14 18:00:00,2026-01-17 17:00:00,MED,TR-02,Entregado
ORD-16468,2026-06-26 13:00:00,2026-06-29 16:00:00,2026-07-01 16:00:00,BOG,TR-04,Entregado
ORD-16469,2026-01-13 14:00:00,2026-01-14 17:00:00,2026-01-17 14:00:00,CAL,TR-02,Entregado
ORD-16470,2026-05-25 16:00:00,2026-05-26 22:00:00,2026-05-27 18:00:00,BOG,TR-02,Entregado
ORD-16471,2026-03-29 19:00:00,2026-03-31 01:00:00,2026-04-06 23:00:00,BGA,TR-04,Entregado
ORD-16472,2026-02-15 15:00:00,2026-02-16 19:00:00,2026-02-18 16:00:00,MED,TR-03,Entregado
ORD-16473,2026-04-29 12:00:00,2026-04-30 18:00:00,,CAL,TR-02,Devuelto
ORD-16474,2026-01-19 19:00:00,2026-01-21 03:00:00,2026-01-23 06:00:00,MED,TR-04,Entregado
ORD-16475,2026-06-23 16:00:00,2026-06-25 02:00:00,2026-06-27 02:00:00,BGA,TR-03,Entregado
ORD-16476,2026-04-04 14:00:00,2026-04-07 20:00:00,2026-04-08 19:00:00,BOG,TR-03,Entregado
ORD-16477,2026-01-26 15:00:00,2026-01-27 20:00:00,2026-01-30 01:00:00,MED,TR-02,Entregado
ORD-16478,2026-02-15 13:00:00,2026-02-16 15:00:00,2026-02-18 15:00:00,BAQ,TR-02,Entregado
ORD-16479,2026-02-15 18:00:00,2026-02-17 01:00:00,2026-02-19 05:00:00,MED,TR-04,Entregado
ORD-16480,2026-01-14 12:00:00,2026-01-15 15:00:00,2026-01-17 16:00:00,CAL,TR-01,Entregado
ORD-16481,2026-03-04 15:00:00,2026-03-06 00:00:00,,BOG,TR-04,Devuelto
ORD-16482,2026-01-03 19:00:00,2026-01-08 01:00:00,2026-01-12 22:00:00,BGA,TR-04,Entregado
ORD-16483,2026-05-05 14:00:00,2026-05-06 21:00:00,2026-05-09 01:00:00,BGA,TR-03,Entregado
ORD-16484,2026-05-26 10:00:00,2026-05-27 15:00:00,2026-05-28 11:00:00,BOG,TR-03,Entregado
ORD-16485,2026-03-18 19:00:00,2026-03-20 00:00:00,2026-03-23 23:00:00,BAQ,TR-03,Entregado
ORD-16486,2026-06-24 09:00:00,2026-06-25 16:00:00,2026-06-27 14:00:00,BOG,TR-02,Entregado
ORD-16487,2026-05-13 14:00:00,2026-05-14 20:00:00,2026-05-15 23:00:00,BOG,TR-01,Entregado
ORD-16488,2026-03-16 17:00:00,2026-03-17 19:00:00,2026-03-18 22:00:00,BGA,TR-02,Entregado
ORD-16489,2026-02-28 18:00:00,2026-03-05 00:00:00,2026-03-06 04:00:00,BOG,TR-01,Entregado
ORD-16490,2026-02-28 17:00:00,2026-03-05 04:00:00,2026-03-06 02:00:00,CAL,TR-03,Entregado
ORD-16491,2026-02-16 08:00:00,2026-02-17 16:00:00,2026-02-20 18:00:00,MED,TR-02,Entregado
ORD-16492,2026-04-19 17:00:00,2026-04-21 02:00:00,2026-04-23 04:00:00,CAL,TR-02,Entregado
ORD-16493,2026-03-30 08:00:00,2026-03-31 19:00:00,2026-04-04 00:00:00,MED,TR-03,Entregado
ORD-16494,2026-04-07 19:00:00,2026-04-09 02:00:00,2026-04-10 23:00:00,BGA,TR-02,Entregado
ORD-16495,2026-04-30 13:00:00,2026-05-01 19:00:00,2026-05-04 00:00:00,BGA,TR-02,Entregado
ORD-16496,2026-05-14 19:00:00,2026-05-16 04:00:00,2026-05-17 08:00:00,BGA,TR-03,Entregado
ORD-16497,2026-05-23 11:00:00,2026-05-27 16:00:00,2026-05-28 17:00:00,BOG,TR-03,Entregado
ORD-16498,2026-02-25 11:00:00,2026-02-26 16:00:00,2026-02-28 12:00:00,MED,TR-02,Entregado
ORD-16499,2026-06-11 18:00:00,2026-06-13 05:00:00,2026-06-14 08:00:00,BOG,TR-03,Entregado
ORD-16500,2026-04-05 15:00:00,2026-04-07 00:00:00,2026-04-08 20:00:00,CAL,TR-04,Entregado
ORD-16501,2026-02-01 19:00:00,2026-02-03 03:00:00,2026-02-04 02:00:00,CAL,TR-04,Entregado
ORD-16502,2026-04-26 16:00:00,2026-04-27 19:00:00,2026-04-30 19:00:00,MED,TR-01,Entregado
ORD-16503,2026-04-15 15:00:00,2026-04-16 22:00:00,2026-04-19 00:00:00,BGA,TR-01,Entregado
ORD-16504,2026-03-19 08:00:00,2026-03-20 15:00:00,2026-03-23 11:00:00,MED,TR-03,Entregado
ORD-16505,2026-03-28 12:00:00,2026-04-01 23:00:00,2026-04-03 04:00:00,BOG,TR-04,Entregado
ORD-16506,2026-02-24 19:00:00,2026-02-26 05:00:00,2026-03-01 06:00:00,CAL,TR-03,Entregado
ORD-16507,2026-05-10 18:00:00,2026-05-11 23:00:00,2026-05-12 23:00:00,MED,TR-02,Entregado
ORD-16508,2026-05-12 11:00:00,2026-05-13 20:00:00,2026-05-15 19:00:00,MED,TR-04,Entregado
ORD-16509,2026-06-27 10:00:00,2026-06-30 18:00:00,2026-07-02 20:00:00,MED,TR-04,Entregado
ORD-16510,2026-02-17 18:00:00,2026-02-19 05:00:00,2026-02-20 02:00:00,BOG,TR-01,Entregado
ORD-16511,2026-03-19 15:00:00,2026-03-20 18:00:00,2026-03-22 23:00:00,BOG,TR-04,Entregado
ORD-16512,2026-05-20 16:00:00,2026-05-21 23:00:00,2026-05-22 21:00:00,BOG,TR-03,Entregado
ORD-16513,2026-01-26 09:00:00,2026-01-27 20:00:00,2026-01-29 23:00:00,BOG,TR-03,Entregado
ORD-16514,2026-01-02 14:00:00,2026-01-06 00:00:00,2026-01-08 05:00:00,MED,TR-01,Entregado
ORD-16515,2026-04-14 15:00:00,2026-04-15 23:00:00,2026-04-17 00:00:00,BOG,TR-01,Entregado
ORD-16516,2026-01-14 13:00:00,2026-01-15 19:00:00,2026-01-18 00:00:00,MED,TR-04,Entregado
ORD-16517,2026-05-08 15:00:00,2026-05-11 22:00:00,2026-05-15 02:00:00,MED,TR-01,Entregado
ORD-16518,2026-04-05 08:00:00,2026-04-06 19:00:00,2026-04-08 15:00:00,MED,TR-02,Entregado
ORD-16519,2026-03-02 19:00:00,2026-03-04 04:00:00,2026-03-05 00:00:00,BGA,TR-01,Entregado
ORD-16520,2026-01-13 10:00:00,2026-01-14 20:00:00,2026-01-18 01:00:00,BAQ,TR-03,Entregado
ORD-16521,2026-06-21 16:00:00,2026-06-23 03:00:00,2026-06-24 23:00:00,BOG,TR-04,Entregado
ORD-16522,2026-04-05 18:00:00,2026-04-06 20:00:00,2026-04-07 16:00:00,BOG,TR-02,Entregado
ORD-16523,2026-02-06 16:00:00,2026-02-11 02:00:00,2026-02-12 23:00:00,BAQ,TR-01,Entregado
ORD-16524,2026-01-16 16:00:00,2026-01-20 18:00:00,2026-01-21 20:00:00,MED,TR-04,Entregado
ORD-16525,2026-06-15 18:00:00,2026-06-17 01:00:00,2026-06-18 01:00:00,CAL,TR-03,Entregado
ORD-16526,2026-03-28 13:00:00,2026-04-01 15:00:00,2026-04-02 12:00:00,BOG,TR-04,Entregado
ORD-16527,2026-01-23 19:00:00,2026-01-27 06:00:00,2026-01-29 08:00:00,MED,TR-01,Entregado
ORD-16528,2026-05-20 11:00:00,2026-05-21 14:00:00,2026-05-23 12:00:00,BOG,TR-04,Entregado
ORD-16529,2026-04-13 09:00:00,2026-04-14 16:00:00,2026-04-16 12:00:00,BAQ,TR-03,Entregado
ORD-16530,2026-05-14 13:00:00,2026-05-15 16:00:00,2026-05-17 18:00:00,CAL,TR-04,Entregado
ORD-16531,2026-05-08 09:00:00,2026-05-11 20:00:00,2026-05-13 17:00:00,MED,TR-03,Entregado
ORD-16532,2026-06-29 15:00:00,2026-06-30 17:00:00,2026-07-01 18:00:00,BOG,TR-02,Entregado
ORD-16533,2026-01-08 15:00:00,2026-01-09 20:00:00,2026-01-12 18:00:00,CAL,TR-02,Entregado
ORD-16534,2026-04-14 08:00:00,2026-04-15 19:00:00,2026-04-16 17:00:00,BOG,TR-03,Entregado
ORD-16535,2026-02-03 19:00:00,2026-02-05 02:00:00,2026-02-07 02:00:00,BOG,TR-01,Entregado
ORD-16536,2026-02-26 10:00:00,2026-02-27 18:00:00,2026-03-03 18:00:00,BAQ,TR-04,Entregado
ORD-16537,2026-06-23 13:00:00,2026-06-24 16:00:00,2026-06-25 18:00:00,BOG,TR-02,Entregado
ORD-16538,2026-03-28 15:00:00,2026-04-01 02:00:00,2026-04-02 06:00:00,BOG,TR-03,Entregado
ORD-16539,2026-06-22 14:00:00,2026-06-23 22:00:00,2026-06-24 22:00:00,BOG,TR-04,Entregado
ORD-16540,2026-06-28 13:00:00,2026-06-29 16:00:00,2026-06-30 18:00:00,BOG,TR-02,Entregado
ORD-16541,2026-05-13 19:00:00,2026-05-15 02:00:00,2026-05-16 03:00:00,BOG,TR-04,Entregado
ORD-16542,2026-03-25 08:00:00,2026-03-26 19:00:00,2026-03-27 15:00:00,BOG,TR-02,Entregado
ORD-16543,2026-03-03 14:00:00,2026-03-04 21:00:00,2026-03-07 01:00:00,MED,TR-01,Entregado
ORD-16544,2026-01-24 09:00:00,2026-01-27 13:00:00,2026-01-28 09:00:00,MED,TR-03,Entregado
ORD-16545,2026-01-07 13:00:00,2026-01-08 21:00:00,2026-01-09 18:00:00,BOG,TR-04,Entregado
ORD-16546,2026-02-06 11:00:00,2026-02-10 14:00:00,2026-02-11 11:00:00,BOG,TR-04,Entregado
ORD-16547,2026-06-19 13:00:00,2026-06-23 15:00:00,2026-06-25 11:00:00,BOG,TR-04,Entregado
ORD-16548,2026-05-13 09:00:00,2026-05-14 19:00:00,2026-05-18 18:00:00,BAQ,TR-03,Entregado
ORD-16549,2026-03-28 13:00:00,2026-04-01 22:00:00,2026-04-05 22:00:00,BGA,TR-04,Entregado
ORD-16550,2026-01-15 18:00:00,2026-01-17 01:00:00,2026-01-20 01:00:00,BAQ,TR-01,Entregado
ORD-16551,2026-04-17 17:00:00,2026-04-21 20:00:00,2026-04-23 16:00:00,BOG,TR-01,Entregado
ORD-16552,2026-06-02 16:00:00,2026-06-03 20:00:00,2026-06-05 20:00:00,MED,TR-01,Entregado
ORD-16553,2026-05-05 08:00:00,2026-05-06 15:00:00,2026-05-07 11:00:00,BOG,TR-04,Entregado
ORD-16554,2026-05-17 14:00:00,2026-05-18 21:00:00,2026-05-22 02:00:00,BGA,TR-01,Entregado
ORD-16555,2026-06-15 13:00:00,2026-06-16 17:00:00,2026-06-17 19:00:00,MED,TR-04,Entregado
ORD-16556,2026-04-17 14:00:00,2026-04-21 23:00:00,2026-04-24 00:00:00,BGA,TR-02,Entregado
ORD-16557,2026-06-26 11:00:00,2026-06-29 20:00:00,2026-07-07 16:00:00,BGA,TR-04,Entregado
ORD-16558,2026-01-15 08:00:00,2026-01-16 19:00:00,2026-01-19 19:00:00,MED,TR-04,Entregado
ORD-16559,2026-02-23 11:00:00,2026-02-24 20:00:00,2026-02-26 17:00:00,BOG,TR-04,Entregado
ORD-16560,2026-02-02 16:00:00,2026-02-03 18:00:00,2026-02-04 20:00:00,BOG,TR-02,Entregado
ORD-16561,2026-04-10 19:00:00,2026-04-14 00:00:00,2026-04-15 23:00:00,BGA,TR-01,Entregado
ORD-16562,2026-03-18 14:00:00,2026-03-19 18:00:00,2026-03-21 23:00:00,BGA,TR-03,Entregado
ORD-16563,2026-05-16 19:00:00,2026-05-21 05:00:00,2026-05-23 10:00:00,MED,TR-04,Entregado
ORD-16564,2026-06-22 18:00:00,2026-06-24 02:00:00,2026-06-25 06:00:00,BOG,TR-02,Entregado
ORD-16565,2026-04-30 17:00:00,2026-05-02 04:00:00,2026-05-04 03:00:00,MED,TR-03,Entregado
ORD-16566,2026-01-11 19:00:00,2026-01-13 05:00:00,2026-01-15 10:00:00,MED,TR-04,Entregado
ORD-16567,2026-05-04 10:00:00,2026-05-05 13:00:00,2026-05-06 17:00:00,BOG,TR-02,Entregado
ORD-16568,2026-06-21 09:00:00,2026-06-22 20:00:00,2026-06-25 00:00:00,BOG,TR-02,Entregado
ORD-16569,2026-04-27 08:00:00,2026-04-28 14:00:00,2026-04-29 18:00:00,BOG,TR-04,Entregado
ORD-16570,2026-06-12 08:00:00,2026-06-16 13:00:00,2026-06-19 13:00:00,MED,TR-01,Entregado
ORD-16571,2026-06-06 10:00:00,2026-06-10 12:00:00,2026-06-12 13:00:00,BAQ,TR-01,Entregado
ORD-16572,2026-03-05 11:00:00,2026-03-06 22:00:00,2026-03-08 03:00:00,BOG,TR-03,Entregado
ORD-16573,2026-03-28 19:00:00,2026-04-01 05:00:00,2026-04-02 10:00:00,BOG,TR-04,Entregado
ORD-16574,2026-01-16 19:00:00,2026-01-21 02:00:00,2026-01-22 07:00:00,CAL,TR-04,Entregado
ORD-16575,2026-03-26 08:00:00,2026-03-27 11:00:00,2026-03-28 08:00:00,BGA,TR-03,Entregado
ORD-16576,2026-06-17 11:00:00,2026-06-18 15:00:00,2026-06-21 19:00:00,CAL,TR-01,Entregado
ORD-16577,2026-02-27 12:00:00,2026-03-03 21:00:00,2026-03-04 23:00:00,BOG,TR-01,Entregado
ORD-16578,2026-03-20 19:00:00,2026-03-23 23:00:00,2026-03-26 23:00:00,BGA,TR-03,Entregado
ORD-16579,2026-03-02 08:00:00,2026-03-03 12:00:00,2026-03-06 11:00:00,BAQ,TR-01,Entregado
ORD-16580,2026-05-01 09:00:00,2026-05-04 11:00:00,2026-05-07 13:00:00,MED,TR-04,Entregado
ORD-16581,2026-03-11 08:00:00,2026-03-12 19:00:00,2026-03-14 17:00:00,MED,TR-01,Entregado
ORD-16582,2026-01-20 16:00:00,2026-01-21 18:00:00,2026-01-23 22:00:00,BGA,TR-02,Entregado
ORD-16583,2026-02-28 12:00:00,2026-03-03 16:00:00,2026-03-04 12:00:00,BGA,TR-03,Entregado
ORD-16584,2026-06-10 13:00:00,2026-06-11 16:00:00,2026-06-15 16:00:00,BAQ,TR-04,Entregado
ORD-16585,2026-04-30 08:00:00,2026-05-01 10:00:00,2026-05-03 09:00:00,MED,TR-03,Entregado
ORD-16586,2026-02-26 10:00:00,2026-02-27 18:00:00,2026-03-01 16:00:00,MED,TR-02,Entregado
ORD-16587,2026-05-09 18:00:00,2026-05-13 20:00:00,2026-05-14 21:00:00,BOG,TR-04,Entregado
ORD-16588,2026-01-06 08:00:00,2026-01-07 18:00:00,2026-01-09 23:00:00,MED,TR-01,Entregado
ORD-16589,2026-04-04 10:00:00,2026-04-08 15:00:00,2026-04-10 12:00:00,MED,TR-03,Entregado
ORD-16590,2026-05-31 17:00:00,2026-06-02 04:00:00,2026-06-03 08:00:00,BOG,TR-04,Entregado
ORD-16591,2026-02-20 10:00:00,2026-02-23 18:00:00,2026-02-24 23:00:00,BOG,TR-04,Entregado
ORD-16592,2026-02-20 19:00:00,2026-02-25 02:00:00,2026-02-26 01:00:00,BOG,TR-04,Entregado
ORD-16593,2026-03-28 11:00:00,2026-03-31 18:00:00,2026-04-01 23:00:00,BOG,TR-02,Entregado
ORD-16594,2026-03-25 10:00:00,2026-03-26 14:00:00,2026-03-28 16:00:00,BOG,TR-04,Entregado
ORD-16595,2026-02-11 18:00:00,2026-02-13 05:00:00,2026-02-15 09:00:00,BOG,TR-02,Entregado
ORD-16596,2026-02-26 09:00:00,2026-02-27 15:00:00,2026-02-28 11:00:00,BOG,TR-03,Entregado
ORD-16597,2026-06-15 14:00:00,2026-06-16 17:00:00,2026-06-17 22:00:00,BOG,TR-03,Entregado
ORD-16598,2026-04-22 14:00:00,2026-04-23 20:00:00,2026-04-24 22:00:00,BGA,TR-01,Entregado
ORD-16599,2026-06-27 11:00:00,2026-06-30 20:00:00,2026-07-03 21:00:00,MED,TR-04,Entregado
ORD-16600,2026-01-26 17:00:00,2026-01-27 20:00:00,2026-01-29 18:00:00,BOG,TR-04,Entregado
ORD-16601,2026-01-19 16:00:00,2026-01-20 23:00:00,2026-01-23 20:00:00,MED,TR-03,Entregado
ORD-16602,2026-03-02 11:00:00,2026-03-03 18:00:00,2026-03-04 14:00:00,BOG,TR-02,Entregado
ORD-16603,2026-04-16 09:00:00,2026-04-17 15:00:00,2026-04-19 17:00:00,BGA,TR-03,Entregado
ORD-16604,2026-03-22 13:00:00,2026-03-23 20:00:00,2026-03-24 16:00:00,BOG,TR-04,Entregado
ORD-16605,2026-05-21 19:00:00,2026-05-23 04:00:00,2026-05-30 08:00:00,BGA,TR-04,Entregado
ORD-16606,2026-01-10 08:00:00,2026-01-14 17:00:00,2026-01-16 18:00:00,BOG,TR-04,Entregado
ORD-16607,2026-06-07 15:00:00,2026-06-08 17:00:00,2026-06-10 17:00:00,MED,TR-03,Entregado
ORD-16608,2026-05-29 13:00:00,2026-06-02 17:00:00,2026-06-04 19:00:00,BOG,TR-03,Entregado
ORD-16609,2026-01-18 09:00:00,2026-01-19 14:00:00,2026-01-21 11:00:00,CAL,TR-03,Entregado
ORD-16610,2026-06-25 19:00:00,2026-06-27 02:00:00,2026-06-29 01:00:00,BAQ,TR-01,Entregado
ORD-16611,2026-01-09 10:00:00,2026-01-13 12:00:00,2026-01-15 14:00:00,MED,TR-03,Entregado
ORD-16612,2026-02-23 17:00:00,2026-02-24 23:00:00,2026-02-26 23:00:00,BGA,TR-01,Entregado
ORD-16613,2026-04-04 19:00:00,2026-04-09 02:00:00,2026-04-10 02:00:00,BGA,TR-03,Entregado
ORD-16614,2026-04-10 17:00:00,2026-04-13 23:00:00,2026-04-14 23:00:00,BOG,TR-02,Entregado
ORD-16615,2026-02-03 15:00:00,2026-02-04 23:00:00,2026-02-12 00:00:00,BGA,TR-04,Entregado
ORD-16616,2026-05-18 14:00:00,2026-05-19 18:00:00,2026-05-20 22:00:00,BOG,TR-02,Entregado
ORD-16617,2026-04-17 09:00:00,2026-04-20 18:00:00,2026-04-23 16:00:00,MED,TR-02,Entregado
ORD-16618,2026-02-23 15:00:00,2026-02-25 01:00:00,2026-02-26 00:00:00,BOG,TR-01,Entregado
ORD-16619,2026-04-29 08:00:00,2026-04-30 15:00:00,2026-05-03 11:00:00,CAL,TR-03,Entregado
ORD-16620,2026-05-26 13:00:00,2026-05-27 19:00:00,2026-05-28 21:00:00,BOG,TR-04,Entregado
ORD-16621,2026-05-31 14:00:00,2026-06-01 16:00:00,2026-06-03 20:00:00,CAL,TR-01,Entregado
ORD-16622,2026-04-09 14:00:00,2026-04-10 23:00:00,2026-04-12 20:00:00,BOG,TR-04,Entregado
ORD-16623,2026-05-23 12:00:00,2026-05-27 20:00:00,2026-05-31 17:00:00,BAQ,TR-01,Entregado
ORD-16624,2026-03-21 15:00:00,2026-03-25 18:00:00,2026-03-26 18:00:00,BOG,TR-02,Entregado
ORD-16625,2026-03-11 09:00:00,2026-03-12 11:00:00,2026-03-14 09:00:00,MED,TR-01,Entregado
ORD-16626,2026-05-21 19:00:00,2026-05-22 23:00:00,2026-05-23 21:00:00,BOG,TR-03,Entregado
ORD-16627,2026-02-16 18:00:00,2026-02-18 03:00:00,2026-02-21 02:00:00,BGA,TR-01,Entregado
ORD-16628,2026-01-09 09:00:00,2026-01-13 12:00:00,2026-01-17 14:00:00,BAQ,TR-04,Entregado
ORD-16629,2026-06-06 12:00:00,2026-06-10 16:00:00,2026-06-13 18:00:00,MED,TR-01,Entregado
ORD-16630,2026-06-20 13:00:00,2026-06-23 20:00:00,2026-06-27 17:00:00,BAQ,TR-04,Entregado
ORD-16631,2026-04-25 15:00:00,2026-04-28 22:00:00,2026-04-30 20:00:00,MED,TR-01,Entregado
ORD-16632,2026-02-03 19:00:00,2026-02-05 06:00:00,2026-02-06 02:00:00,BOG,TR-03,Entregado
ORD-16633,2026-05-31 08:00:00,2026-06-01 17:00:00,2026-06-02 19:00:00,BOG,TR-01,Entregado
ORD-16634,2026-05-01 14:00:00,2026-05-04 17:00:00,,MED,TR-03,Perdido
ORD-16635,2026-04-12 09:00:00,2026-04-13 13:00:00,2026-04-14 09:00:00,BGA,TR-03,Entregado
ORD-16636,2026-02-16 17:00:00,2026-02-17 21:00:00,2026-02-20 02:00:00,BOG,TR-04,Entregado
ORD-16637,2026-05-13 16:00:00,2026-05-14 22:00:00,2026-05-17 01:00:00,MED,TR-01,Entregado
ORD-16638,2026-04-28 12:00:00,2026-04-29 16:00:00,2026-05-03 20:00:00,BGA,TR-04,Entregado
ORD-16639,2026-04-06 10:00:00,2026-04-07 12:00:00,2026-04-09 11:00:00,MED,TR-03,Entregado
ORD-16640,2026-01-21 15:00:00,2026-01-22 21:00:00,2026-01-25 23:00:00,MED,TR-03,Entregado
ORD-16641,2026-05-08 19:00:00,2026-05-12 03:00:00,2026-05-13 08:00:00,BGA,TR-02,Entregado
ORD-16642,2026-05-26 12:00:00,2026-05-27 23:00:00,2026-05-29 02:00:00,BOG,TR-03,Entregado
ORD-16643,2026-02-23 17:00:00,2026-02-24 21:00:00,2026-02-26 21:00:00,BOG,TR-01,Entregado
ORD-16644,2026-06-01 15:00:00,2026-06-02 23:00:00,2026-06-04 01:00:00,BOG,TR-01,Entregado
ORD-16645,2026-04-21 12:00:00,2026-04-22 14:00:00,2026-04-23 10:00:00,BOG,TR-02,Entregado
ORD-16646,2026-04-26 19:00:00,2026-04-27 23:00:00,2026-04-28 20:00:00,MED,TR-03,Entregado
ORD-16647,2026-02-26 18:00:00,2026-02-28 02:00:00,2026-03-01 06:00:00,BOG,TR-04,Entregado
ORD-16648,2026-05-08 14:00:00,2026-05-13 00:00:00,2026-05-16 05:00:00,CAL,TR-01,Entregado
ORD-16649,2026-05-30 11:00:00,2026-06-03 18:00:00,,BOG,TR-01,Devuelto
ORD-16650,2026-06-11 15:00:00,2026-06-13 00:00:00,2026-06-13 21:00:00,BOG,TR-03,Entregado
ORD-16651,2026-03-11 19:00:00,2026-03-12 22:00:00,2026-03-14 02:00:00,BOG,TR-02,Entregado
ORD-16652,2026-04-05 10:00:00,2026-04-06 17:00:00,2026-04-13 21:00:00,BAQ,TR-02,Entregado
ORD-16653,2026-06-16 17:00:00,2026-06-17 20:00:00,2026-06-19 19:00:00,MED,TR-03,Entregado
ORD-16654,2026-05-31 13:00:00,2026-06-01 19:00:00,2026-06-02 15:00:00,BOG,TR-02,Entregado
ORD-16655,2026-01-02 15:00:00,2026-01-06 19:00:00,2026-01-07 18:00:00,BOG,TR-03,Entregado
ORD-16656,2026-05-25 08:00:00,2026-05-26 16:00:00,2026-06-02 15:00:00,BGA,TR-04,Entregado
ORD-16657,2026-03-11 12:00:00,2026-03-12 17:00:00,2026-03-13 20:00:00,BOG,TR-03,Entregado
ORD-16658,2026-05-01 19:00:00,2026-05-06 00:00:00,2026-05-08 01:00:00,BOG,TR-02,Entregado
ORD-16659,2026-06-27 19:00:00,2026-07-01 23:00:00,2026-07-03 21:00:00,MED,TR-04,Entregado
ORD-16660,2026-04-13 10:00:00,2026-04-14 12:00:00,2026-04-15 09:00:00,CAL,TR-02,Entregado
ORD-16661,2026-04-22 08:00:00,2026-04-23 16:00:00,2026-04-25 12:00:00,BOG,TR-01,Entregado
ORD-16662,2026-06-04 15:00:00,2026-06-06 02:00:00,2026-06-09 02:00:00,MED,TR-01,Entregado
ORD-16663,2026-03-03 19:00:00,2026-03-05 03:00:00,2026-03-06 08:00:00,MED,TR-01,Entregado
ORD-16664,2026-05-27 18:00:00,2026-05-29 00:00:00,2026-05-30 01:00:00,BOG,TR-04,Entregado
ORD-16665,2026-05-16 14:00:00,2026-05-20 01:00:00,2026-05-23 03:00:00,BGA,TR-01,Entregado
ORD-16666,2026-04-18 09:00:00,2026-04-21 14:00:00,2026-04-22 14:00:00,BOG,TR-03,Entregado
ORD-16667,2026-04-23 14:00:00,2026-04-24 17:00:00,2026-04-25 20:00:00,CAL,TR-03,Entregado
ORD-16668,2026-06-22 08:00:00,2026-06-23 16:00:00,2026-06-24 17:00:00,BOG,TR-02,Entregado
ORD-16669,2026-06-15 18:00:00,2026-06-17 05:00:00,2026-06-19 07:00:00,BOG,TR-02,Entregado
ORD-16670,2026-05-18 18:00:00,2026-05-19 23:00:00,2026-05-21 20:00:00,CAL,TR-04,Entregado
ORD-16671,2026-03-31 15:00:00,2026-04-01 18:00:00,2026-04-03 17:00:00,MED,TR-03,Entregado
ORD-16672,2026-02-24 11:00:00,2026-02-25 14:00:00,2026-02-27 11:00:00,BOG,TR-03,Entregado
ORD-16673,2026-01-17 11:00:00,2026-01-21 19:00:00,2026-01-23 22:00:00,BGA,TR-02,Entregado
ORD-16674,2026-05-13 19:00:00,2026-05-15 05:00:00,2026-05-17 09:00:00,BOG,TR-02,Entregado
ORD-16675,2026-05-31 11:00:00,2026-06-01 20:00:00,2026-06-04 20:00:00,BAQ,TR-04,Entregado
ORD-16676,2026-05-18 19:00:00,2026-05-20 03:00:00,2026-05-23 00:00:00,BAQ,TR-01,Entregado
ORD-16677,2026-04-07 18:00:00,2026-04-08 22:00:00,2026-04-10 23:00:00,BOG,TR-04,Entregado
ORD-16678,2026-06-03 14:00:00,2026-06-04 17:00:00,2026-06-06 15:00:00,CAL,TR-04,Entregado
ORD-16679,2026-02-17 18:00:00,2026-02-18 21:00:00,2026-02-19 17:00:00,BOG,TR-03,Entregado
ORD-16680,2026-05-26 15:00:00,2026-05-28 01:00:00,2026-05-29 23:00:00,BOG,TR-04,Entregado
ORD-16681,2026-03-01 17:00:00,2026-03-03 03:00:00,2026-03-04 07:00:00,MED,TR-04,Entregado
ORD-16682,2026-04-16 12:00:00,2026-04-17 21:00:00,2026-04-19 19:00:00,CAL,TR-02,Entregado
ORD-16683,2026-04-24 12:00:00,2026-04-28 17:00:00,2026-05-01 15:00:00,BGA,TR-03,Entregado
ORD-16684,2026-06-01 13:00:00,2026-06-02 16:00:00,2026-06-03 19:00:00,BOG,TR-04,Entregado
ORD-16685,2026-05-11 15:00:00,2026-05-13 01:00:00,2026-05-14 02:00:00,BOG,TR-04,Entregado
ORD-16686,2026-04-05 16:00:00,2026-04-07 02:00:00,2026-04-08 04:00:00,BOG,TR-02,Entregado
ORD-16687,2026-05-05 09:00:00,2026-05-06 16:00:00,2026-05-08 21:00:00,BGA,TR-02,Entregado
ORD-16688,2026-03-07 14:00:00,2026-03-10 21:00:00,2026-03-12 01:00:00,BOG,TR-03,Entregado
ORD-16689,2026-04-23 17:00:00,2026-04-25 04:00:00,2026-04-27 08:00:00,MED,TR-02,Entregado
ORD-16690,2026-06-11 17:00:00,2026-06-12 19:00:00,2026-06-13 20:00:00,MED,TR-04,Entregado
ORD-16691,2026-01-20 08:00:00,2026-01-21 18:00:00,2026-01-22 21:00:00,BOG,TR-01,Entregado
ORD-16692,2026-03-09 19:00:00,2026-03-11 04:00:00,2026-03-13 09:00:00,BGA,TR-01,Entregado
ORD-16693,2026-03-16 17:00:00,2026-03-18 04:00:00,2026-03-19 09:00:00,MED,TR-04,Entregado
ORD-16694,2026-02-16 12:00:00,2026-02-17 14:00:00,2026-02-20 17:00:00,CAL,TR-03,Entregado
ORD-16695,2026-02-18 19:00:00,2026-02-20 03:00:00,2026-02-21 03:00:00,BOG,TR-03,Entregado
ORD-16696,2026-02-06 09:00:00,2026-02-10 18:00:00,2026-02-12 14:00:00,CAL,TR-02,Entregado
ORD-16697,2026-05-26 10:00:00,2026-05-27 18:00:00,2026-05-28 23:00:00,BOG,TR-02,Entregado
ORD-16698,2026-02-09 08:00:00,2026-02-10 11:00:00,2026-02-12 08:00:00,BGA,TR-03,Entregado
ORD-16699,2026-04-09 17:00:00,2026-04-10 22:00:00,2026-04-17 00:00:00,BAQ,TR-02,Entregado
ORD-16700,2026-05-03 18:00:00,2026-05-05 04:00:00,2026-05-07 04:00:00,MED,TR-02,Entregado
ORD-16701,2026-03-13 08:00:00,2026-03-17 17:00:00,2026-03-18 16:00:00,BGA,TR-03,Entregado
ORD-16702,2026-04-19 12:00:00,2026-04-20 21:00:00,2026-04-23 17:00:00,BAQ,TR-04,Entregado
ORD-16703,2026-05-15 12:00:00,2026-05-19 15:00:00,2026-05-21 13:00:00,MED,TR-04,Entregado
ORD-16704,2026-01-24 19:00:00,2026-01-28 00:00:00,,CAL,TR-04,Perdido
ORD-16705,2026-03-03 18:00:00,2026-03-05 00:00:00,2026-03-10 03:00:00,BAQ,TR-02,Entregado
ORD-16706,2026-01-17 12:00:00,2026-01-21 15:00:00,2026-01-24 19:00:00,MED,TR-02,Entregado
ORD-16707,2026-01-20 10:00:00,2026-01-21 16:00:00,2026-01-22 17:00:00,BOG,TR-03,Entregado
ORD-16708,2026-06-14 17:00:00,2026-06-16 01:00:00,2026-06-17 21:00:00,BOG,TR-02,Entregado
ORD-16709,2026-05-23 10:00:00,2026-05-26 20:00:00,2026-05-29 22:00:00,BAQ,TR-01,Entregado
ORD-16710,2026-06-25 15:00:00,2026-06-26 19:00:00,2026-06-29 16:00:00,MED,TR-03,Entregado
ORD-16711,2026-05-21 10:00:00,2026-05-22 17:00:00,2026-05-23 18:00:00,BOG,TR-03,Entregado
ORD-16712,2026-03-14 16:00:00,2026-03-18 23:00:00,2026-03-21 01:00:00,MED,TR-03,Entregado
ORD-16713,2026-04-28 17:00:00,2026-04-30 00:00:00,2026-05-01 05:00:00,MED,TR-01,Entregado
ORD-16714,2026-02-03 16:00:00,2026-02-04 20:00:00,2026-02-06 00:00:00,BOG,TR-03,Entregado
ORD-16715,2026-03-03 15:00:00,2026-03-04 23:00:00,2026-03-07 21:00:00,CAL,TR-03,Entregado
ORD-16716,2026-04-25 12:00:00,2026-04-29 20:00:00,2026-05-01 19:00:00,BAQ,TR-01,Entregado
ORD-16717,2026-06-18 08:00:00,2026-06-19 10:00:00,2026-06-21 07:00:00,BGA,TR-03,Entregado
ORD-16718,2026-03-30 11:00:00,2026-03-31 18:00:00,2026-04-02 23:00:00,BAQ,TR-03,Entregado
ORD-16719,2026-06-29 17:00:00,2026-07-01 03:00:00,2026-07-06 04:00:00,BAQ,TR-02,Entregado
ORD-16720,2026-01-28 16:00:00,2026-01-30 00:00:00,2026-01-31 01:00:00,BOG,TR-01,Entregado
ORD-16721,2026-05-06 13:00:00,2026-05-08 00:00:00,2026-05-10 03:00:00,MED,TR-03,Entregado
ORD-16722,2026-06-04 15:00:00,2026-06-05 18:00:00,2026-06-06 20:00:00,BOG,TR-04,Entregado
ORD-16723,2026-05-20 11:00:00,2026-05-21 22:00:00,2026-05-22 23:00:00,BOG,TR-01,Entregado
ORD-16724,2026-06-25 10:00:00,2026-06-26 19:00:00,2026-06-27 23:00:00,BOG,TR-03,Entregado
ORD-16725,2026-06-23 08:00:00,2026-06-24 11:00:00,2026-06-25 11:00:00,CAL,TR-03,Entregado
ORD-16726,2026-03-15 14:00:00,2026-03-16 20:00:00,2026-03-17 22:00:00,MED,TR-02,Entregado
ORD-16727,2026-02-05 15:00:00,2026-02-06 20:00:00,2026-02-09 00:00:00,CAL,TR-01,Entregado
ORD-16728,2026-04-22 10:00:00,2026-04-23 13:00:00,2026-04-25 11:00:00,BGA,TR-03,Entregado
ORD-16729,2026-04-23 12:00:00,2026-04-24 15:00:00,2026-04-29 20:00:00,BGA,TR-04,Entregado
ORD-16730,2026-04-20 09:00:00,2026-04-21 20:00:00,2026-04-24 16:00:00,MED,TR-02,Entregado
ORD-16731,2026-03-08 13:00:00,2026-03-09 19:00:00,2026-03-12 18:00:00,CAL,TR-03,Entregado
ORD-16732,2026-01-19 10:00:00,2026-01-20 15:00:00,2026-01-22 18:00:00,CAL,TR-04,Entregado
ORD-16733,2026-03-10 17:00:00,2026-03-11 21:00:00,2026-03-12 20:00:00,MED,TR-01,Entregado
ORD-16734,2026-06-10 10:00:00,2026-06-11 18:00:00,2026-06-16 16:00:00,BGA,TR-04,Entregado
ORD-16735,2026-06-28 18:00:00,2026-06-30 04:00:00,2026-07-02 08:00:00,BOG,TR-01,Entregado
ORD-16736,2026-04-22 13:00:00,2026-04-23 16:00:00,2026-04-25 17:00:00,MED,TR-02,Entregado
ORD-16737,2026-01-24 10:00:00,2026-01-28 19:00:00,2026-01-29 22:00:00,CAL,TR-03,Entregado
ORD-16738,2026-03-24 13:00:00,2026-03-25 16:00:00,2026-03-26 12:00:00,BOG,TR-02,Entregado
ORD-16739,2026-06-17 13:00:00,2026-06-18 19:00:00,2026-06-21 15:00:00,MED,TR-02,Entregado
ORD-16740,2026-04-19 19:00:00,2026-04-20 23:00:00,2026-04-21 21:00:00,BOG,TR-03,Entregado
ORD-16741,2026-04-09 11:00:00,2026-04-10 19:00:00,2026-04-11 23:00:00,BGA,TR-03,Entregado
ORD-16742,2026-02-02 15:00:00,2026-02-03 18:00:00,2026-02-05 15:00:00,BOG,TR-04,Entregado
ORD-16743,2026-06-13 13:00:00,2026-06-16 15:00:00,2026-06-17 11:00:00,BOG,TR-04,Entregado
ORD-16744,2026-05-27 18:00:00,2026-05-29 00:00:00,2026-05-30 05:00:00,BOG,TR-03,Entregado
ORD-16745,2026-01-12 18:00:00,2026-01-14 00:00:00,2026-01-16 04:00:00,MED,TR-02,Entregado
ORD-16746,2026-03-11 19:00:00,2026-03-13 05:00:00,2026-03-15 10:00:00,BOG,TR-03,Entregado
ORD-16747,2026-02-10 16:00:00,2026-02-11 23:00:00,2026-02-14 00:00:00,BGA,TR-01,Entregado
ORD-16748,2026-04-16 10:00:00,2026-04-17 14:00:00,2026-04-18 11:00:00,BOG,TR-03,Entregado
ORD-16749,2026-01-03 11:00:00,2026-01-06 15:00:00,2026-01-08 14:00:00,CAL,TR-03,Entregado
ORD-16750,2026-06-05 14:00:00,2026-06-09 17:00:00,2026-06-10 15:00:00,BOG,TR-02,Entregado
ORD-16751,2026-06-25 10:00:00,2026-06-26 19:00:00,2026-06-28 18:00:00,BOG,TR-01,Entregado
ORD-16752,2026-06-19 15:00:00,2026-06-23 00:00:00,2026-06-25 05:00:00,BGA,TR-03,Entregado
ORD-16753,2026-04-17 15:00:00,2026-04-21 22:00:00,2026-04-24 01:00:00,MED,TR-01,Entregado
ORD-16754,2026-05-14 11:00:00,2026-05-15 16:00:00,2026-05-17 19:00:00,MED,TR-02,Entregado
ORD-16755,2026-05-19 19:00:00,2026-05-20 22:00:00,2026-05-21 23:00:00,MED,TR-02,Entregado
ORD-16756,2026-06-04 12:00:00,2026-06-05 22:00:00,2026-06-07 03:00:00,BOG,TR-04,Entregado
ORD-16757,2026-04-24 13:00:00,2026-04-27 20:00:00,2026-04-28 23:00:00,BOG,TR-01,Entregado
ORD-16758,2026-02-04 13:00:00,2026-02-05 15:00:00,2026-02-06 13:00:00,BOG,TR-04,Entregado
ORD-16759,2026-06-05 12:00:00,2026-06-08 16:00:00,2026-06-09 20:00:00,BOG,TR-02,Entregado
ORD-16760,2026-05-26 19:00:00,2026-05-28 04:00:00,2026-05-29 08:00:00,BGA,TR-03,Entregado
ORD-16761,2026-05-05 12:00:00,2026-05-06 15:00:00,2026-05-08 12:00:00,MED,TR-03,Entregado
ORD-16762,2026-01-21 16:00:00,2026-01-23 03:00:00,2026-01-25 06:00:00,CAL,TR-04,Entregado
ORD-16763,2026-04-01 15:00:00,2026-04-03 00:00:00,2026-04-05 02:00:00,BGA,TR-01,Entregado
ORD-16764,2026-03-01 19:00:00,2026-03-03 04:00:00,2026-03-04 07:00:00,BGA,TR-02,Entregado
ORD-16765,2026-01-23 19:00:00,2026-01-27 05:00:00,2026-01-29 02:00:00,BAQ,TR-02,Entregado
ORD-16766,2026-06-06 10:00:00,2026-06-09 19:00:00,2026-06-13 00:00:00,MED,TR-02,Entregado
ORD-16767,2026-03-31 11:00:00,2026-04-01 14:00:00,2026-04-04 19:00:00,BAQ,TR-04,Entregado
ORD-16768,2026-02-07 10:00:00,2026-02-10 17:00:00,2026-02-12 14:00:00,CAL,TR-01,Entregado
ORD-16769,2026-01-27 16:00:00,2026-01-29 03:00:00,2026-01-31 23:00:00,CAL,TR-02,Entregado
ORD-16770,2026-04-14 13:00:00,2026-04-15 19:00:00,2026-04-16 15:00:00,BOG,TR-03,Entregado
ORD-16771,2026-04-26 14:00:00,2026-04-27 17:00:00,2026-04-29 21:00:00,BGA,TR-02,Entregado
ORD-16772,2026-01-15 18:00:00,2026-01-17 03:00:00,2026-01-19 08:00:00,CAL,TR-04,Entregado
ORD-16773,2026-01-03 17:00:00,2026-01-07 19:00:00,2026-01-08 22:00:00,MED,TR-04,Entregado
ORD-16774,2026-04-30 08:00:00,2026-05-01 13:00:00,2026-05-03 18:00:00,CAL,TR-01,Entregado
ORD-16775,2026-05-08 10:00:00,2026-05-11 19:00:00,2026-05-14 15:00:00,MED,TR-03,Entregado
ORD-16776,2026-01-11 12:00:00,2026-01-12 19:00:00,2026-01-14 18:00:00,BOG,TR-04,Entregado
ORD-16777,2026-03-10 17:00:00,2026-03-12 01:00:00,2026-03-13 00:00:00,CAL,TR-01,Entregado
ORD-16778,2026-01-14 09:00:00,2026-01-15 17:00:00,2026-01-16 18:00:00,BOG,TR-04,Entregado
ORD-16779,2026-06-03 15:00:00,2026-06-04 20:00:00,2026-06-06 21:00:00,BOG,TR-04,Entregado
ORD-16780,2026-03-10 14:00:00,2026-03-12 01:00:00,2026-03-13 22:00:00,BOG,TR-01,Entregado
ORD-16781,2026-05-07 14:00:00,2026-05-08 19:00:00,2026-05-10 17:00:00,BGA,TR-01,Entregado
ORD-16782,2026-03-19 12:00:00,2026-03-20 14:00:00,2026-03-23 11:00:00,BAQ,TR-03,Entregado
ORD-16783,2026-02-25 16:00:00,2026-02-27 01:00:00,2026-03-02 00:00:00,MED,TR-01,Entregado
ORD-16784,2026-05-12 11:00:00,2026-05-13 21:00:00,2026-05-14 18:00:00,BOG,TR-03,Entregado
ORD-16785,2026-02-17 15:00:00,2026-02-19 00:00:00,2026-02-21 02:00:00,BOG,TR-03,Entregado
ORD-16786,2026-01-17 11:00:00,2026-01-20 15:00:00,2026-01-23 20:00:00,MED,TR-04,Entregado
ORD-16787,2026-03-11 11:00:00,2026-03-12 21:00:00,2026-03-13 22:00:00,BGA,TR-01,Entregado
ORD-16788,2026-02-07 12:00:00,2026-02-10 18:00:00,2026-02-18 20:00:00,BGA,TR-04,Entregado
ORD-16789,2026-03-03 16:00:00,2026-03-04 18:00:00,2026-03-06 23:00:00,BAQ,TR-03,Entregado
ORD-16790,2026-02-17 17:00:00,2026-02-18 19:00:00,2026-02-20 15:00:00,BOG,TR-01,Entregado
ORD-16791,2026-02-05 11:00:00,2026-02-06 17:00:00,2026-02-09 14:00:00,CAL,TR-01,Entregado
ORD-16792,2026-02-13 15:00:00,2026-02-17 20:00:00,2026-02-19 17:00:00,BGA,TR-02,Entregado
ORD-16793,2026-02-11 11:00:00,2026-02-12 22:00:00,2026-02-14 21:00:00,MED,TR-03,Entregado
ORD-16794,2026-04-24 09:00:00,2026-04-28 19:00:00,2026-04-30 16:00:00,MED,TR-03,Entregado
ORD-16795,2026-06-10 12:00:00,2026-06-11 19:00:00,2026-06-12 15:00:00,CAL,TR-01,Entregado
ORD-16796,2026-03-20 13:00:00,2026-03-23 18:00:00,2026-03-26 22:00:00,BGA,TR-03,Entregado
ORD-16797,2026-03-10 13:00:00,2026-03-12 00:00:00,2026-03-13 23:00:00,BOG,TR-02,Entregado
ORD-16798,2026-03-08 19:00:00,2026-03-09 23:00:00,2026-03-11 22:00:00,BOG,TR-02,Entregado
ORD-16799,2026-06-10 11:00:00,2026-06-11 19:00:00,2026-06-12 18:00:00,BOG,TR-04,Entregado
ORD-16800,2026-06-10 12:00:00,2026-06-11 14:00:00,2026-06-14 19:00:00,MED,TR-03,Entregado
ORD-16801,2026-01-27 18:00:00,2026-01-29 02:00:00,2026-01-30 07:00:00,BGA,TR-02,Entregado
ORD-16802,2026-03-13 15:00:00,2026-03-17 01:00:00,2026-03-18 03:00:00,BOG,TR-04,Entregado
ORD-16803,2026-04-11 17:00:00,2026-04-15 00:00:00,2026-04-16 03:00:00,BOG,TR-02,Entregado
ORD-16804,2026-03-07 19:00:00,2026-03-12 03:00:00,2026-03-13 01:00:00,BOG,TR-01,Entregado
ORD-16805,2026-01-22 08:00:00,2026-01-23 15:00:00,2026-01-24 12:00:00,BOG,TR-01,Entregado
ORD-16806,2026-01-07 18:00:00,2026-01-09 00:00:00,2026-01-10 02:00:00,BOG,TR-04,Entregado
ORD-16807,2026-03-09 12:00:00,2026-03-10 14:00:00,2026-03-12 10:00:00,BAQ,TR-02,Entregado
ORD-16808,2026-02-07 18:00:00,2026-02-10 23:00:00,2026-02-14 00:00:00,BGA,TR-02,Entregado
ORD-16809,2026-01-01 16:00:00,2026-01-03 02:00:00,2026-01-05 03:00:00,MED,TR-02,Entregado
ORD-16810,2026-02-11 11:00:00,2026-02-12 13:00:00,2026-02-14 14:00:00,MED,TR-03,Entregado
ORD-16811,2026-06-01 12:00:00,2026-06-02 16:00:00,2026-06-03 20:00:00,CAL,TR-02,Entregado
ORD-16812,2026-03-04 08:00:00,2026-03-05 11:00:00,2026-03-07 16:00:00,BGA,TR-02,Entregado
ORD-16813,2026-01-08 18:00:00,2026-01-10 04:00:00,2026-01-11 06:00:00,BOG,TR-02,Entregado
ORD-16814,2026-06-22 18:00:00,2026-06-23 21:00:00,2026-06-25 02:00:00,BOG,TR-03,Entregado
ORD-16815,2026-02-21 09:00:00,2026-02-24 19:00:00,2026-02-26 19:00:00,CAL,TR-02,Entregado
ORD-16816,2026-04-01 13:00:00,2026-04-02 23:00:00,2026-04-05 21:00:00,BAQ,TR-01,Entregado
ORD-16817,2026-01-16 09:00:00,2026-01-19 20:00:00,2026-01-23 20:00:00,BGA,TR-04,Entregado
ORD-16818,2026-01-05 09:00:00,2026-01-06 15:00:00,2026-01-08 12:00:00,BOG,TR-02,Entregado
ORD-16819,2026-05-11 18:00:00,2026-05-13 03:00:00,2026-05-16 05:00:00,CAL,TR-03,Entregado
ORD-16820,2026-04-28 08:00:00,2026-04-29 15:00:00,2026-05-02 13:00:00,MED,TR-02,Entregado
ORD-16821,2026-03-11 10:00:00,2026-03-12 12:00:00,2026-03-15 16:00:00,MED,TR-02,Entregado
ORD-16822,2026-01-07 09:00:00,2026-01-08 17:00:00,2026-01-09 17:00:00,BOG,TR-02,Entregado
ORD-16823,2026-05-22 13:00:00,2026-05-26 16:00:00,2026-05-29 14:00:00,MED,TR-02,Entregado
ORD-16824,2026-04-21 08:00:00,2026-04-22 17:00:00,2026-04-24 20:00:00,MED,TR-04,Entregado
ORD-16825,2026-02-12 18:00:00,2026-02-14 03:00:00,2026-02-17 07:00:00,BAQ,TR-02,Entregado
ORD-16826,2026-01-29 16:00:00,2026-01-30 18:00:00,2026-02-02 16:00:00,CAL,TR-03,Entregado
ORD-16827,2026-05-13 19:00:00,2026-05-14 22:00:00,2026-05-15 23:00:00,BOG,TR-04,Entregado
ORD-16828,2026-04-27 13:00:00,2026-04-28 23:00:00,2026-04-30 00:00:00,BOG,TR-04,Entregado
ORD-16829,2026-05-10 13:00:00,2026-05-11 23:00:00,2026-05-14 23:00:00,BGA,TR-03,Entregado
ORD-16830,2026-04-20 18:00:00,2026-04-21 21:00:00,2026-04-23 02:00:00,BOG,TR-01,Entregado
ORD-16831,2026-05-12 15:00:00,2026-05-13 21:00:00,2026-05-16 19:00:00,BGA,TR-01,Entregado
ORD-16832,2026-03-30 16:00:00,2026-04-01 00:00:00,2026-04-02 20:00:00,CAL,TR-04,Entregado
ORD-16833,2026-05-11 17:00:00,2026-05-13 00:00:00,2026-05-14 04:00:00,BOG,TR-01,Entregado
ORD-16834,2026-06-25 18:00:00,2026-06-27 03:00:00,2026-06-30 02:00:00,MED,TR-03,Entregado
ORD-16835,2026-04-10 08:00:00,2026-04-13 14:00:00,2026-04-14 15:00:00,BOG,TR-04,Entregado
ORD-16836,2026-02-26 12:00:00,2026-02-27 22:00:00,2026-03-03 03:00:00,BAQ,TR-02,Entregado
ORD-16837,2026-05-24 10:00:00,2026-05-25 12:00:00,2026-05-28 15:00:00,BGA,TR-02,Entregado
ORD-16838,2026-04-22 18:00:00,2026-04-24 03:00:00,2026-04-25 00:00:00,MED,TR-01,Entregado
ORD-16839,2026-04-14 14:00:00,2026-04-15 19:00:00,2026-04-16 15:00:00,MED,TR-03,Entregado
ORD-16840,2026-01-01 17:00:00,2026-01-03 04:00:00,2026-01-06 07:00:00,CAL,TR-04,Entregado
ORD-16841,2026-06-05 12:00:00,2026-06-08 21:00:00,2026-06-11 23:00:00,CAL,TR-01,Entregado
ORD-16842,2026-03-14 19:00:00,2026-03-18 01:00:00,2026-03-19 21:00:00,CAL,TR-04,Entregado
ORD-16843,2026-04-18 13:00:00,2026-04-21 21:00:00,2026-04-26 21:00:00,BGA,TR-04,Entregado
ORD-16844,2026-01-08 17:00:00,2026-01-09 19:00:00,2026-01-11 20:00:00,BGA,TR-02,Entregado
ORD-16845,2026-06-26 17:00:00,2026-06-29 23:00:00,2026-07-01 02:00:00,BOG,TR-04,Entregado
ORD-16846,2026-06-04 14:00:00,2026-06-05 23:00:00,2026-06-07 04:00:00,BOG,TR-02,Entregado
ORD-16847,2026-01-25 13:00:00,2026-01-26 17:00:00,2026-01-27 20:00:00,BOG,TR-02,Entregado
ORD-16848,2026-03-26 15:00:00,2026-03-27 19:00:00,2026-03-30 00:00:00,MED,TR-03,Entregado
ORD-16849,2026-01-24 19:00:00,2026-01-28 01:00:00,2026-01-29 05:00:00,MED,TR-04,Entregado
ORD-16850,2026-03-01 10:00:00,2026-03-02 13:00:00,2026-03-04 18:00:00,CAL,TR-02,Entregado
ORD-16851,2026-06-27 09:00:00,2026-07-01 15:00:00,2026-07-03 13:00:00,MED,TR-01,Entregado
ORD-16852,2026-05-22 12:00:00,2026-05-25 21:00:00,2026-05-26 19:00:00,MED,TR-02,Entregado
ORD-16853,2026-06-09 17:00:00,2026-06-10 19:00:00,2026-06-13 18:00:00,BGA,TR-01,Entregado
ORD-16854,2026-04-06 19:00:00,2026-04-08 04:00:00,2026-04-09 09:00:00,BOG,TR-01,Entregado
ORD-16855,2026-06-25 14:00:00,2026-06-27 01:00:00,2026-06-28 23:00:00,MED,TR-04,Entregado
ORD-16856,2026-06-17 17:00:00,2026-06-19 04:00:00,2026-06-20 07:00:00,BOG,TR-03,Entregado
ORD-16857,2026-04-21 15:00:00,2026-04-22 19:00:00,2026-04-23 18:00:00,BOG,TR-04,Entregado
ORD-16858,2026-03-18 19:00:00,2026-03-19 21:00:00,2026-03-21 01:00:00,BOG,TR-02,Entregado
ORD-16859,2026-01-08 17:00:00,2026-01-10 03:00:00,2026-01-11 07:00:00,BOG,TR-01,Entregado
ORD-16860,2026-05-20 18:00:00,2026-05-21 21:00:00,2026-05-22 18:00:00,BOG,TR-04,Entregado
ORD-16861,2026-06-28 18:00:00,2026-06-29 22:00:00,2026-07-01 23:00:00,MED,TR-04,Entregado
ORD-16862,2026-04-10 08:00:00,2026-04-13 10:00:00,2026-04-14 11:00:00,MED,TR-04,Entregado
ORD-16863,2026-04-25 18:00:00,2026-04-30 02:00:00,2026-05-03 02:00:00,CAL,TR-04,Entregado
ORD-16864,2026-05-17 14:00:00,2026-05-18 19:00:00,2026-05-19 17:00:00,BOG,TR-02,Entregado
ORD-16865,2026-06-16 08:00:00,2026-06-17 10:00:00,2026-06-18 09:00:00,BOG,TR-03,Entregado
ORD-16866,2026-03-12 11:00:00,2026-03-13 20:00:00,2026-03-15 22:00:00,BOG,TR-02,Entregado
ORD-16867,2026-01-07 15:00:00,2026-01-08 23:00:00,2026-01-09 21:00:00,BOG,TR-02,Entregado
ORD-16868,2026-03-21 10:00:00,2026-03-25 13:00:00,2026-03-26 10:00:00,BOG,TR-03,Entregado
ORD-16869,2026-05-18 09:00:00,2026-05-19 15:00:00,2026-05-20 14:00:00,CAL,TR-02,Entregado
ORD-16870,2026-04-11 14:00:00,2026-04-14 18:00:00,2026-04-20 16:00:00,BGA,TR-04,Entregado
ORD-16871,2026-04-01 15:00:00,2026-04-02 22:00:00,2026-04-03 20:00:00,BOG,TR-01,Entregado
ORD-16872,2026-04-13 16:00:00,2026-04-14 21:00:00,2026-04-16 18:00:00,MED,TR-02,Entregado
ORD-16873,2026-05-06 18:00:00,2026-05-07 22:00:00,2026-05-10 02:00:00,BAQ,TR-01,Entregado
ORD-16874,2026-04-23 11:00:00,2026-04-24 21:00:00,2026-04-26 21:00:00,BAQ,TR-01,Entregado
ORD-16875,2026-03-29 14:00:00,2026-03-30 18:00:00,2026-04-01 16:00:00,BGA,TR-01,Entregado
ORD-16876,2026-06-25 10:00:00,2026-06-26 13:00:00,2026-06-27 10:00:00,BOG,TR-02,Entregado
ORD-16877,2026-06-19 10:00:00,2026-06-23 17:00:00,2026-06-25 13:00:00,BOG,TR-04,Entregado
ORD-16878,2026-04-01 10:00:00,2026-04-02 15:00:00,2026-04-05 18:00:00,CAL,TR-01,Entregado
ORD-16879,2026-06-05 08:00:00,2026-06-09 14:00:00,2026-06-12 14:00:00,BGA,TR-01,Entregado
ORD-16880,2026-06-08 17:00:00,2026-06-09 21:00:00,2026-06-11 17:00:00,CAL,TR-04,Entregado
ORD-16881,2026-06-26 13:00:00,2026-06-30 22:00:00,2026-07-03 03:00:00,BOG,TR-02,Entregado
ORD-16882,2026-04-04 08:00:00,2026-04-08 10:00:00,2026-04-09 07:00:00,BOG,TR-02,Entregado
ORD-16883,2026-05-29 11:00:00,2026-06-02 20:00:00,2026-06-03 18:00:00,BOG,TR-04,Entregado
ORD-16884,2026-02-22 14:00:00,2026-02-23 17:00:00,2026-02-26 18:00:00,BAQ,TR-03,Entregado
ORD-16885,2026-03-30 13:00:00,2026-03-31 23:00:00,2026-04-02 22:00:00,BOG,TR-01,Entregado
ORD-16886,2026-01-20 08:00:00,2026-01-21 10:00:00,2026-01-23 12:00:00,BOG,TR-02,Entregado
ORD-16887,2026-02-18 17:00:00,2026-02-19 19:00:00,2026-02-22 23:00:00,BGA,TR-01,Entregado
ORD-16888,2026-05-15 10:00:00,2026-05-19 16:00:00,2026-05-21 17:00:00,CAL,TR-02,Entregado
ORD-16889,2026-01-02 13:00:00,2026-01-06 16:00:00,2026-01-08 20:00:00,MED,TR-03,Entregado
ORD-16890,2026-05-14 14:00:00,2026-05-15 20:00:00,2026-05-17 22:00:00,CAL,TR-02,Entregado
ORD-16891,2026-05-13 15:00:00,2026-05-14 23:00:00,2026-05-18 02:00:00,CAL,TR-01,Entregado
ORD-16892,2026-05-07 08:00:00,2026-05-08 16:00:00,2026-05-13 13:00:00,BGA,TR-04,Entregado
ORD-16893,2026-01-13 16:00:00,2026-01-14 20:00:00,2026-01-15 17:00:00,BOG,TR-02,Entregado
ORD-16894,2026-03-01 18:00:00,2026-03-02 23:00:00,2026-03-04 23:00:00,BOG,TR-03,Entregado
ORD-16895,2026-06-05 17:00:00,2026-06-09 22:00:00,2026-06-11 20:00:00,CAL,TR-03,Entregado
ORD-16896,2026-01-20 09:00:00,2026-01-21 13:00:00,2026-01-23 10:00:00,MED,TR-03,Entregado
ORD-16897,2026-05-13 09:00:00,2026-05-14 15:00:00,2026-05-16 14:00:00,CAL,TR-02,Entregado
ORD-16898,2026-06-20 16:00:00,2026-06-23 23:00:00,2026-06-24 22:00:00,BOG,TR-04,Entregado
ORD-16899,2026-02-23 08:00:00,2026-02-24 19:00:00,2026-02-28 17:00:00,BAQ,TR-04,Entregado
ORD-16900,2026-04-22 13:00:00,2026-04-23 16:00:00,2026-04-25 17:00:00,CAL,TR-02,Entregado
ORD-16901,2026-02-06 11:00:00,2026-02-09 16:00:00,2026-02-11 21:00:00,CAL,TR-02,Entregado
ORD-16902,2026-02-17 19:00:00,2026-02-18 22:00:00,2026-02-19 22:00:00,BOG,TR-04,Entregado
ORD-16903,2026-04-28 13:00:00,2026-04-29 20:00:00,2026-04-30 16:00:00,BOG,TR-01,Entregado
ORD-16904,2026-02-17 13:00:00,2026-02-18 23:00:00,2026-02-19 23:00:00,BOG,TR-02,Entregado
ORD-16905,2026-06-11 14:00:00,2026-06-12 23:00:00,2026-06-13 22:00:00,BOG,TR-03,Entregado
ORD-16906,2026-05-06 11:00:00,2026-05-07 17:00:00,2026-05-09 21:00:00,MED,TR-02,Entregado
ORD-16907,2026-01-13 19:00:00,2026-01-15 00:00:00,2026-01-17 04:00:00,BAQ,TR-03,Entregado
ORD-16908,2026-04-15 17:00:00,2026-04-16 20:00:00,2026-04-17 18:00:00,BOG,TR-03,Entregado
ORD-16909,2026-01-14 11:00:00,2026-01-15 15:00:00,2026-01-17 19:00:00,CAL,TR-01,Entregado
ORD-16910,2026-05-01 11:00:00,2026-05-04 17:00:00,2026-05-05 15:00:00,BOG,TR-02,Entregado
ORD-16911,2026-01-08 15:00:00,2026-01-09 20:00:00,2026-01-11 18:00:00,BGA,TR-03,Entregado
ORD-16912,2026-05-30 18:00:00,2026-06-04 04:00:00,2026-06-10 05:00:00,BGA,TR-04,Entregado
ORD-16913,2026-04-30 19:00:00,2026-05-01 21:00:00,2026-05-03 17:00:00,CAL,TR-04,Entregado
ORD-16914,2026-03-01 17:00:00,2026-03-02 23:00:00,2026-03-05 19:00:00,BGA,TR-03,Entregado
ORD-16915,2026-06-02 12:00:00,2026-06-03 19:00:00,2026-06-05 00:00:00,BOG,TR-04,Entregado
ORD-16916,2026-03-22 08:00:00,2026-03-23 12:00:00,2026-03-24 11:00:00,MED,TR-02,Entregado
ORD-16917,2026-01-31 09:00:00,2026-02-04 14:00:00,2026-02-07 10:00:00,BAQ,TR-01,Entregado
ORD-16918,2026-05-29 11:00:00,2026-06-02 14:00:00,2026-06-04 13:00:00,BOG,TR-03,Entregado
ORD-16919,2026-05-12 11:00:00,2026-05-13 21:00:00,2026-05-17 02:00:00,MED,TR-02,Entregado
ORD-16920,2026-03-31 11:00:00,2026-04-01 20:00:00,2026-04-03 00:00:00,MED,TR-03,Entregado
ORD-16921,2026-01-09 10:00:00,2026-01-12 13:00:00,2026-01-13 13:00:00,CAL,TR-03,Entregado
ORD-16922,2026-02-14 11:00:00,2026-02-17 21:00:00,2026-02-20 02:00:00,MED,TR-01,Entregado
ORD-16923,2026-03-10 14:00:00,2026-03-11 16:00:00,2026-03-19 12:00:00,BGA,TR-04,Entregado
ORD-16924,2026-01-16 13:00:00,2026-01-19 22:00:00,2026-01-23 00:00:00,CAL,TR-02,Entregado
ORD-16925,2026-03-13 08:00:00,2026-03-16 15:00:00,2026-03-17 16:00:00,BOG,TR-04,Entregado
ORD-16926,2026-04-17 12:00:00,2026-04-20 20:00:00,2026-04-21 19:00:00,CAL,TR-03,Entregado
ORD-16927,2026-01-07 10:00:00,2026-01-08 21:00:00,2026-01-11 19:00:00,MED,TR-01,Entregado
ORD-16928,2026-03-06 16:00:00,2026-03-10 19:00:00,2026-03-13 17:00:00,CAL,TR-04,Entregado
ORD-16929,2026-03-23 17:00:00,2026-03-25 04:00:00,2026-03-27 05:00:00,MED,TR-04,Entregado
ORD-16930,2026-06-24 10:00:00,2026-06-25 18:00:00,2026-06-27 19:00:00,MED,TR-04,Entregado
ORD-16931,2026-06-01 19:00:00,2026-06-03 06:00:00,2026-06-05 08:00:00,MED,TR-01,Entregado
ORD-16932,2026-01-10 16:00:00,2026-01-14 22:00:00,2026-01-15 23:00:00,BOG,TR-03,Entregado
ORD-16933,2026-02-17 10:00:00,2026-02-18 15:00:00,2026-02-19 17:00:00,BOG,TR-01,Entregado
ORD-16934,2026-03-28 08:00:00,2026-04-01 15:00:00,2026-04-02 19:00:00,BOG,TR-02,Entregado
ORD-16935,2026-01-16 12:00:00,2026-01-20 23:00:00,2026-01-23 00:00:00,BGA,TR-03,Entregado
ORD-16936,2026-02-09 11:00:00,2026-02-10 21:00:00,2026-02-12 21:00:00,CAL,TR-02,Entregado
ORD-16937,2026-01-20 15:00:00,2026-01-21 21:00:00,2026-01-22 18:00:00,BOG,TR-03,Entregado
ORD-16938,2026-03-10 13:00:00,2026-03-12 00:00:00,2026-03-13 03:00:00,MED,TR-03,Entregado
ORD-16939,2026-06-26 14:00:00,2026-06-29 23:00:00,2026-07-02 04:00:00,BAQ,TR-03,Entregado
ORD-16940,2026-04-12 09:00:00,2026-04-13 18:00:00,2026-04-15 17:00:00,MED,TR-01,Entregado
ORD-16941,2026-04-17 14:00:00,2026-04-21 17:00:00,2026-04-23 13:00:00,CAL,TR-03,Entregado
ORD-16942,2026-04-28 12:00:00,2026-04-29 15:00:00,2026-04-30 15:00:00,BOG,TR-03,Entregado
ORD-16943,2026-06-17 12:00:00,2026-06-18 21:00:00,2026-06-22 00:00:00,MED,TR-01,Entregado
ORD-16944,2026-03-23 13:00:00,2026-03-24 22:00:00,2026-03-25 21:00:00,MED,TR-01,Entregado
ORD-16945,2026-04-20 19:00:00,2026-04-21 21:00:00,2026-04-25 02:00:00,BGA,TR-03,Entregado
ORD-16946,2026-06-14 13:00:00,2026-06-15 19:00:00,2026-06-16 23:00:00,BOG,TR-04,Entregado
ORD-16947,2026-05-23 14:00:00,2026-05-28 00:00:00,2026-05-29 23:00:00,MED,TR-03,Entregado
ORD-16948,2026-03-19 09:00:00,2026-03-20 16:00:00,2026-03-21 14:00:00,BOG,TR-02,Entregado
ORD-16949,2026-03-06 13:00:00,2026-03-09 17:00:00,2026-03-10 22:00:00,BOG,TR-04,Entregado
ORD-16950,2026-04-11 19:00:00,2026-04-15 02:00:00,2026-04-16 23:00:00,BOG,TR-02,Entregado
ORD-16951,2026-01-31 18:00:00,2026-02-05 05:00:00,2026-02-06 07:00:00,BOG,TR-03,Entregado
ORD-16952,2026-03-18 09:00:00,2026-03-19 20:00:00,2026-03-20 23:00:00,BOG,TR-04,Entregado
ORD-16953,2026-05-07 08:00:00,2026-05-08 14:00:00,2026-05-12 13:00:00,BAQ,TR-04,Entregado
ORD-16954,2026-03-25 17:00:00,2026-03-27 00:00:00,,BGA,TR-01,Perdido
ORD-16955,2026-01-29 09:00:00,2026-01-30 17:00:00,2026-01-31 19:00:00,BOG,TR-03,Entregado
ORD-16956,2026-04-26 17:00:00,2026-04-28 04:00:00,2026-04-29 03:00:00,BOG,TR-01,Entregado
ORD-16957,2026-01-13 19:00:00,2026-01-14 22:00:00,2026-01-16 19:00:00,BGA,TR-01,Entregado
ORD-16958,2026-02-16 14:00:00,2026-02-17 21:00:00,2026-02-20 23:00:00,MED,TR-01,Entregado
ORD-16959,2026-04-01 13:00:00,2026-04-02 18:00:00,2026-04-04 18:00:00,BGA,TR-03,Entregado
ORD-16960,2026-02-22 17:00:00,2026-02-24 01:00:00,2026-02-26 05:00:00,BGA,TR-02,Entregado
ORD-16961,2026-04-02 19:00:00,2026-04-03 21:00:00,2026-04-06 17:00:00,MED,TR-03,Entregado
ORD-16962,2026-02-13 19:00:00,2026-02-18 06:00:00,2026-02-24 02:00:00,BAQ,TR-02,Entregado
ORD-16963,2026-01-02 12:00:00,2026-01-05 19:00:00,2026-01-07 21:00:00,MED,TR-03,Entregado
ORD-16964,2026-02-26 16:00:00,2026-02-27 19:00:00,2026-02-28 21:00:00,BOG,TR-03,Entregado
ORD-16965,2026-02-03 14:00:00,2026-02-04 16:00:00,2026-02-05 16:00:00,BOG,TR-04,Entregado
ORD-16966,2026-02-27 11:00:00,2026-03-03 16:00:00,2026-03-04 20:00:00,BOG,TR-03,Entregado
ORD-16967,2026-06-06 10:00:00,2026-06-10 21:00:00,2026-06-11 23:00:00,BOG,TR-02,Entregado
ORD-16968,2026-03-16 08:00:00,2026-03-17 12:00:00,2026-03-18 12:00:00,BGA,TR-01,Entregado
ORD-16969,2026-04-25 18:00:00,2026-04-28 21:00:00,2026-04-30 02:00:00,BOG,TR-02,Entregado
ORD-16970,2026-03-14 16:00:00,2026-03-18 18:00:00,2026-03-19 19:00:00,CAL,TR-04,Entregado
ORD-16971,2026-02-17 10:00:00,2026-02-18 14:00:00,2026-02-21 15:00:00,BAQ,TR-01,Entregado
ORD-16972,2026-06-13 14:00:00,2026-06-16 19:00:00,2026-06-17 22:00:00,BGA,TR-01,Entregado
ORD-16973,2026-04-29 19:00:00,2026-04-30 21:00:00,2026-05-02 17:00:00,BOG,TR-04,Entregado
ORD-16974,2026-06-21 09:00:00,2026-06-22 19:00:00,2026-06-23 17:00:00,BOG,TR-04,Entregado
ORD-16975,2026-05-13 14:00:00,2026-05-15 00:00:00,2026-05-16 01:00:00,BOG,TR-03,Entregado
ORD-16976,2026-04-29 13:00:00,2026-04-30 15:00:00,2026-05-04 12:00:00,BAQ,TR-01,Entregado
ORD-16977,2026-04-16 19:00:00,2026-04-18 01:00:00,2026-04-19 23:00:00,CAL,TR-04,Entregado
ORD-16978,2026-02-09 10:00:00,2026-02-10 21:00:00,2026-02-12 21:00:00,CAL,TR-04,Entregado
ORD-16979,2026-02-16 08:00:00,2026-02-17 15:00:00,2026-02-18 13:00:00,BOG,TR-01,Entregado
ORD-16980,2026-05-26 09:00:00,2026-05-27 18:00:00,2026-06-01 22:00:00,BAQ,TR-02,Entregado
ORD-16981,2026-01-30 09:00:00,2026-02-03 20:00:00,2026-02-04 19:00:00,BGA,TR-01,Entregado
ORD-16982,2026-01-05 08:00:00,2026-01-06 18:00:00,2026-01-12 17:00:00,BGA,TR-04,Entregado
ORD-16983,2026-06-19 11:00:00,2026-06-22 15:00:00,2026-06-24 19:00:00,MED,TR-04,Entregado
ORD-16984,2026-04-04 17:00:00,2026-04-07 19:00:00,2026-04-09 23:00:00,CAL,TR-03,Entregado
ORD-16985,2026-05-13 09:00:00,2026-05-14 16:00:00,2026-05-16 17:00:00,MED,TR-04,Entregado
ORD-16986,2026-03-26 17:00:00,2026-03-28 00:00:00,2026-03-29 23:00:00,CAL,TR-01,Entregado
ORD-16987,2026-03-20 11:00:00,2026-03-24 20:00:00,2026-03-27 23:00:00,MED,TR-04,Entregado
ORD-16988,2026-01-08 08:00:00,2026-01-09 19:00:00,2026-01-11 20:00:00,BGA,TR-02,Entregado
ORD-16989,2026-06-08 19:00:00,2026-06-10 04:00:00,2026-06-13 07:00:00,MED,TR-02,Entregado
ORD-16990,2026-05-29 18:00:00,2026-06-02 23:00:00,2026-06-07 00:00:00,BAQ,TR-02,Entregado
ORD-16991,2026-02-02 17:00:00,2026-02-03 23:00:00,2026-02-07 00:00:00,BGA,TR-02,Entregado
ORD-16992,2026-04-10 15:00:00,2026-04-13 22:00:00,2026-04-15 18:00:00,BGA,TR-02,Entregado
ORD-16993,2026-01-15 09:00:00,2026-01-16 13:00:00,2026-01-18 17:00:00,CAL,TR-01,Entregado
ORD-16994,2026-05-09 18:00:00,2026-05-13 04:00:00,2026-05-19 05:00:00,BGA,TR-04,Entregado
ORD-16995,2026-02-24 09:00:00,2026-02-25 14:00:00,2026-03-01 17:00:00,BAQ,TR-01,Entregado
ORD-16996,2026-03-06 19:00:00,2026-03-11 00:00:00,2026-03-12 22:00:00,CAL,TR-01,Entregado
ORD-16997,2026-01-16 13:00:00,2026-01-19 21:00:00,2026-01-21 17:00:00,BOG,TR-04,Entregado
ORD-16998,2026-05-30 17:00:00,2026-06-03 22:00:00,2026-06-07 02:00:00,MED,TR-02,Entregado
ORD-16999,2026-05-26 08:00:00,2026-05-27 17:00:00,2026-05-28 20:00:00,BOG,TR-03,Entregado
ORD-17000,2026-01-30 17:00:00,2026-02-03 21:00:00,2026-02-05 20:00:00,BOG,TR-01,Entregado
ORD-17001,2026-03-03 12:00:00,2026-03-04 14:00:00,2026-03-06 12:00:00,BOG,TR-03,Entregado
ORD-17002,2026-05-14 10:00:00,2026-05-15 15:00:00,2026-05-16 17:00:00,MED,TR-03,Entregado
ORD-17003,2026-02-10 18:00:00,2026-02-12 03:00:00,2026-02-14 04:00:00,MED,TR-02,Entregado
ORD-17004,2026-01-18 17:00:00,2026-01-19 23:00:00,2026-01-22 00:00:00,MED,TR-04,Entregado
ORD-17005,2026-03-01 15:00:00,2026-03-02 19:00:00,2026-03-03 15:00:00,BOG,TR-04,Entregado
ORD-17006,2026-01-27 13:00:00,2026-01-28 23:00:00,2026-02-01 01:00:00,MED,TR-03,Entregado
ORD-17007,2026-03-09 13:00:00,2026-03-10 21:00:00,2026-03-12 18:00:00,BOG,TR-04,Entregado
ORD-17008,2026-06-01 15:00:00,2026-06-02 21:00:00,2026-06-06 00:00:00,BAQ,TR-01,Entregado
ORD-17009,2026-04-19 17:00:00,2026-04-21 03:00:00,2026-04-23 04:00:00,CAL,TR-02,Entregado
ORD-17010,2026-03-07 15:00:00,2026-03-10 17:00:00,2026-03-12 20:00:00,MED,TR-04,Entregado
ORD-17011,2026-01-06 09:00:00,2026-01-07 19:00:00,2026-01-09 22:00:00,MED,TR-03,Entregado
ORD-17012,2026-03-22 13:00:00,2026-03-23 20:00:00,2026-03-24 22:00:00,MED,TR-03,Entregado
ORD-17013,2026-04-20 17:00:00,2026-04-21 22:00:00,2026-04-23 21:00:00,MED,TR-04,Entregado
ORD-17014,2026-05-29 17:00:00,2026-06-02 04:00:00,2026-06-04 08:00:00,BOG,TR-01,Entregado
ORD-17015,2026-04-30 18:00:00,2026-05-01 23:00:00,2026-05-03 02:00:00,MED,TR-01,Entregado
ORD-17016,2026-05-21 19:00:00,2026-05-22 23:00:00,2026-05-23 22:00:00,MED,TR-02,Entregado
ORD-17017,2026-01-09 11:00:00,2026-01-12 20:00:00,2026-01-14 21:00:00,BGA,TR-03,Entregado
ORD-17018,2026-02-08 15:00:00,2026-02-10 01:00:00,2026-02-12 23:00:00,CAL,TR-04,Entregado
ORD-17019,2026-05-05 13:00:00,2026-05-06 22:00:00,2026-05-08 21:00:00,BOG,TR-04,Entregado
ORD-17020,2026-02-03 14:00:00,2026-02-04 19:00:00,2026-02-05 17:00:00,BOG,TR-03,Entregado
ORD-17021,2026-03-02 16:00:00,2026-03-03 23:00:00,2026-03-06 04:00:00,MED,TR-03,Entregado
ORD-17022,2026-05-13 09:00:00,2026-05-14 13:00:00,2026-05-15 18:00:00,BOG,TR-03,Entregado
ORD-17023,2026-05-12 10:00:00,2026-05-13 13:00:00,2026-05-15 15:00:00,BGA,TR-01,Entregado
ORD-17024,2026-02-21 17:00:00,2026-02-26 01:00:00,2026-03-04 23:00:00,BGA,TR-04,Entregado
ORD-17025,2026-06-16 17:00:00,2026-06-17 20:00:00,2026-06-19 19:00:00,MED,TR-04,Entregado
ORD-17026,2026-01-08 08:00:00,2026-01-09 18:00:00,2026-01-12 23:00:00,MED,TR-03,Entregado
ORD-17027,2026-02-14 15:00:00,2026-02-19 00:00:00,2026-02-20 21:00:00,BOG,TR-02,Entregado
ORD-17028,2026-01-28 14:00:00,2026-01-29 17:00:00,2026-01-30 19:00:00,CAL,TR-02,Entregado
ORD-17029,2026-04-17 18:00:00,2026-04-21 00:00:00,2026-04-23 20:00:00,BAQ,TR-04,Entregado
ORD-17030,2026-06-11 08:00:00,2026-06-12 10:00:00,2026-06-13 12:00:00,MED,TR-02,Entregado
ORD-17031,2026-04-11 13:00:00,2026-04-14 16:00:00,2026-04-16 20:00:00,CAL,TR-02,Entregado
ORD-17032,2026-01-26 16:00:00,2026-01-28 02:00:00,2026-01-30 02:00:00,CAL,TR-01,Entregado
ORD-17033,2026-01-24 14:00:00,2026-01-28 00:00:00,2026-02-02 22:00:00,BGA,TR-04,Entregado
ORD-17034,2026-05-04 12:00:00,2026-05-05 15:00:00,2026-05-07 11:00:00,BOG,TR-01,Entregado
ORD-17035,2026-04-04 10:00:00,2026-04-07 14:00:00,2026-04-09 14:00:00,MED,TR-01,Entregado
ORD-17036,2026-06-25 16:00:00,2026-06-27 01:00:00,2026-06-27 21:00:00,CAL,TR-03,Entregado
ORD-17037,2026-01-13 12:00:00,2026-01-14 14:00:00,2026-01-15 19:00:00,BOG,TR-04,Entregado
ORD-17038,2026-05-11 10:00:00,2026-05-12 18:00:00,2026-05-13 21:00:00,BOG,TR-04,Entregado
ORD-17039,2026-01-19 13:00:00,2026-01-20 18:00:00,2026-01-21 18:00:00,MED,TR-02,Entregado
ORD-17040,2026-03-22 18:00:00,2026-03-24 03:00:00,2026-03-25 02:00:00,BOG,TR-04,Entregado
ORD-17041,2026-03-09 15:00:00,2026-03-10 21:00:00,2026-03-14 01:00:00,BAQ,TR-03,Entregado
ORD-17042,2026-01-19 12:00:00,2026-01-20 14:00:00,2026-01-21 10:00:00,CAL,TR-04,Entregado
ORD-17043,2026-03-07 09:00:00,2026-03-11 11:00:00,2026-03-12 13:00:00,MED,TR-01,Entregado
ORD-17044,2026-03-16 14:00:00,2026-03-17 20:00:00,2026-03-19 23:00:00,MED,TR-01,Entregado
ORD-17045,2026-03-08 12:00:00,2026-03-09 16:00:00,2026-03-10 13:00:00,BOG,TR-04,Entregado
ORD-17046,2026-01-03 13:00:00,2026-01-07 16:00:00,2026-01-09 15:00:00,MED,TR-02,Entregado
ORD-17047,2026-06-19 10:00:00,2026-06-23 15:00:00,2026-06-24 13:00:00,BOG,TR-03,Entregado
ORD-17048,2026-06-17 09:00:00,2026-06-18 14:00:00,2026-06-21 17:00:00,MED,TR-04,Entregado
ORD-17049,2026-06-12 15:00:00,2026-06-16 23:00:00,2026-06-18 19:00:00,MED,TR-03,Entregado
ORD-17050,2026-03-29 08:00:00,2026-03-30 14:00:00,2026-04-01 12:00:00,MED,TR-03,Entregado
ORD-17051,2026-02-09 17:00:00,2026-02-10 20:00:00,2026-02-12 23:00:00,BOG,TR-03,Entregado
ORD-17052,2026-06-21 14:00:00,2026-06-23 00:00:00,2026-06-25 00:00:00,CAL,TR-01,Entregado
ORD-17053,2026-01-06 09:00:00,2026-01-07 11:00:00,2026-01-10 14:00:00,MED,TR-03,Entregado
ORD-17054,2026-05-29 14:00:00,2026-06-01 17:00:00,2026-06-02 18:00:00,BOG,TR-02,Entregado
ORD-17055,2026-04-30 10:00:00,2026-05-01 15:00:00,2026-05-07 17:00:00,BGA,TR-04,Entregado
ORD-17056,2026-04-23 14:00:00,2026-04-24 20:00:00,2026-04-26 00:00:00,BOG,TR-03,Entregado
ORD-17057,2026-02-22 12:00:00,2026-02-23 22:00:00,2026-02-25 23:00:00,BOG,TR-01,Entregado
ORD-17058,2026-01-23 08:00:00,2026-01-27 15:00:00,2026-01-30 19:00:00,CAL,TR-02,Entregado
ORD-17059,2026-05-16 19:00:00,2026-05-20 02:00:00,2026-05-21 07:00:00,BOG,TR-04,Entregado
ORD-17060,2026-06-25 17:00:00,2026-06-26 20:00:00,2026-06-27 18:00:00,BOG,TR-03,Entregado
ORD-17061,2026-04-27 15:00:00,2026-04-29 01:00:00,2026-05-01 01:00:00,MED,TR-02,Entregado
ORD-17062,2026-06-24 17:00:00,2026-06-26 00:00:00,2026-06-27 02:00:00,BOG,TR-02,Entregado
ORD-17063,2026-02-08 17:00:00,2026-02-09 23:00:00,2026-02-13 00:00:00,CAL,TR-04,Entregado
ORD-17064,2026-03-07 13:00:00,2026-03-10 17:00:00,2026-03-11 22:00:00,BOG,TR-02,Entregado
ORD-17065,2026-01-21 16:00:00,2026-01-22 23:00:00,2026-01-25 04:00:00,CAL,TR-03,Entregado
ORD-17066,2026-03-15 11:00:00,2026-03-16 13:00:00,2026-03-18 11:00:00,CAL,TR-04,Entregado
ORD-17067,2026-05-11 16:00:00,2026-05-13 03:00:00,2026-05-14 03:00:00,MED,TR-02,Entregado
ORD-17068,2026-06-19 19:00:00,2026-06-23 22:00:00,2026-06-25 22:00:00,MED,TR-02,Entregado
ORD-17069,2026-04-01 08:00:00,2026-04-02 10:00:00,2026-04-05 08:00:00,BAQ,TR-04,Entregado
ORD-17070,2026-03-01 13:00:00,2026-03-02 18:00:00,2026-03-03 20:00:00,BOG,TR-02,Entregado
ORD-17071,2026-04-03 10:00:00,2026-04-06 17:00:00,2026-04-07 14:00:00,BOG,TR-03,Entregado
ORD-17072,2026-03-24 13:00:00,2026-03-25 23:00:00,2026-03-29 20:00:00,BAQ,TR-02,Entregado
ORD-17073,2026-03-24 18:00:00,2026-03-26 00:00:00,2026-03-28 04:00:00,MED,TR-04,Entregado
ORD-17074,2026-01-26 13:00:00,2026-01-27 22:00:00,2026-01-30 03:00:00,MED,TR-01,Entregado
ORD-17075,2026-01-21 11:00:00,2026-01-22 15:00:00,2026-01-24 16:00:00,CAL,TR-03,Entregado
ORD-17076,2026-04-30 09:00:00,2026-05-01 17:00:00,2026-05-03 20:00:00,BOG,TR-04,Entregado
ORD-17077,2026-06-24 19:00:00,2026-06-26 04:00:00,2026-06-27 06:00:00,BOG,TR-04,Entregado
ORD-17078,2026-06-07 18:00:00,2026-06-09 04:00:00,2026-06-14 08:00:00,BGA,TR-04,Entregado
ORD-17079,2026-03-12 11:00:00,2026-03-13 14:00:00,2026-03-15 16:00:00,CAL,TR-01,Entregado
ORD-17080,2026-02-19 14:00:00,2026-02-20 22:00:00,2026-02-22 02:00:00,MED,TR-04,Entregado
ORD-17081,2026-05-21 08:00:00,2026-05-22 17:00:00,,BAQ,TR-04,Perdido
ORD-17082,2026-05-12 16:00:00,2026-05-13 19:00:00,2026-05-16 16:00:00,MED,TR-03,Entregado
ORD-17083,2026-05-22 11:00:00,2026-05-26 13:00:00,2026-05-28 13:00:00,BOG,TR-03,Entregado
ORD-17084,2026-05-04 10:00:00,2026-05-05 16:00:00,2026-05-06 14:00:00,BOG,TR-01,Entregado
ORD-17085,2026-06-24 10:00:00,2026-06-25 16:00:00,2026-06-26 18:00:00,BOG,TR-01,Entregado
ORD-17086,2026-05-09 17:00:00,2026-05-14 00:00:00,2026-05-16 22:00:00,BAQ,TR-01,Entregado
ORD-17087,2026-06-01 08:00:00,2026-06-02 15:00:00,2026-06-03 16:00:00,MED,TR-03,Entregado
ORD-17088,2026-02-04 10:00:00,2026-02-05 14:00:00,2026-02-07 13:00:00,CAL,TR-01,Entregado
ORD-17089,2026-05-21 09:00:00,2026-05-22 18:00:00,2026-05-24 20:00:00,CAL,TR-01,Entregado
ORD-17090,2026-03-19 12:00:00,2026-03-20 17:00:00,2026-03-22 17:00:00,BOG,TR-01,Entregado
ORD-17091,2026-06-03 10:00:00,2026-06-04 21:00:00,2026-06-07 18:00:00,BGA,TR-01,Entregado
ORD-17092,2026-06-28 15:00:00,2026-06-30 01:00:00,2026-07-01 06:00:00,BOG,TR-02,Entregado
ORD-17093,2026-06-13 10:00:00,2026-06-16 20:00:00,2026-06-18 01:00:00,MED,TR-04,Entregado
ORD-17094,2026-01-01 15:00:00,2026-01-02 22:00:00,2026-01-03 20:00:00,BOG,TR-02,Entregado
ORD-17095,2026-06-10 14:00:00,2026-06-12 00:00:00,2026-06-13 21:00:00,CAL,TR-01,Entregado
ORD-17096,2026-04-27 11:00:00,2026-04-28 14:00:00,2026-05-05 17:00:00,BAQ,TR-02,Entregado
ORD-17097,2026-02-21 15:00:00,2026-02-25 18:00:00,2026-02-26 20:00:00,MED,TR-02,Entregado
ORD-17098,2026-05-19 18:00:00,2026-05-20 21:00:00,2026-05-22 02:00:00,BGA,TR-01,Entregado
ORD-17099,2026-05-22 13:00:00,2026-05-25 23:00:00,2026-05-26 23:00:00,CAL,TR-01,Entregado
ORD-17100,2026-02-15 19:00:00,2026-02-17 01:00:00,2026-02-19 00:00:00,MED,TR-03,Entregado
ORD-17101,2026-01-10 15:00:00,2026-01-15 01:00:00,2026-01-16 22:00:00,MED,TR-01,Entregado
ORD-17102,2026-03-02 09:00:00,2026-03-03 18:00:00,,BAQ,TR-01,Devuelto
ORD-17103,2026-03-27 16:00:00,2026-03-31 18:00:00,2026-04-01 16:00:00,CAL,TR-04,Entregado
ORD-17104,2026-05-25 13:00:00,2026-05-26 15:00:00,,BOG,TR-03,Devuelto
ORD-17105,2026-05-08 15:00:00,2026-05-11 18:00:00,2026-05-13 19:00:00,MED,TR-02,Entregado
ORD-17106,2026-05-21 09:00:00,2026-05-22 18:00:00,2026-05-24 15:00:00,BGA,TR-03,Entregado
ORD-17107,2026-04-11 13:00:00,2026-04-15 16:00:00,2026-04-17 15:00:00,MED,TR-03,Entregado
ORD-17108,2026-03-26 10:00:00,2026-03-27 13:00:00,2026-03-28 11:00:00,BOG,TR-04,Entregado
ORD-17109,2026-02-05 14:00:00,2026-02-06 16:00:00,2026-02-07 12:00:00,BOG,TR-04,Entregado
ORD-17110,2026-04-10 16:00:00,2026-04-14 03:00:00,2026-04-16 07:00:00,BGA,TR-03,Entregado
ORD-17111,2026-05-19 19:00:00,2026-05-21 05:00:00,2026-05-22 10:00:00,BOG,TR-02,Entregado
ORD-17112,2026-01-14 17:00:00,2026-01-16 04:00:00,2026-01-17 05:00:00,BGA,TR-02,Entregado
ORD-17113,2026-02-19 12:00:00,2026-02-20 17:00:00,2026-02-21 20:00:00,BOG,TR-01,Entregado
ORD-17114,2026-04-20 12:00:00,2026-04-21 21:00:00,2026-04-24 01:00:00,BGA,TR-01,Entregado
ORD-17115,2026-05-02 19:00:00,2026-05-06 21:00:00,2026-05-09 20:00:00,MED,TR-03,Entregado
ORD-17116,2026-03-29 15:00:00,2026-03-31 01:00:00,2026-04-02 01:00:00,CAL,TR-03,Entregado
ORD-17117,2026-02-26 17:00:00,2026-02-27 23:00:00,2026-03-01 04:00:00,BOG,TR-04,Entregado
ORD-17118,2026-01-06 19:00:00,2026-01-07 21:00:00,2026-01-09 21:00:00,MED,TR-01,Entregado
ORD-17119,2026-04-10 19:00:00,2026-04-14 01:00:00,2026-04-14 22:00:00,BOG,TR-04,Entregado
ORD-17120,2026-03-16 10:00:00,2026-03-17 20:00:00,2026-03-19 17:00:00,BOG,TR-02,Entregado
ORD-17121,2026-03-04 19:00:00,2026-03-06 00:00:00,2026-03-07 00:00:00,BOG,TR-03,Entregado
ORD-17122,2026-05-14 10:00:00,2026-05-15 20:00:00,2026-05-17 20:00:00,CAL,TR-02,Entregado
ORD-17123,2026-01-18 14:00:00,2026-01-19 21:00:00,2026-01-24 00:00:00,BAQ,TR-02,Entregado
ORD-17124,2026-06-20 12:00:00,2026-06-23 21:00:00,2026-06-24 17:00:00,MED,TR-02,Entregado
ORD-17125,2026-03-14 10:00:00,2026-03-17 14:00:00,2026-03-19 14:00:00,MED,TR-01,Entregado
ORD-17126,2026-05-06 15:00:00,2026-05-07 18:00:00,2026-05-08 15:00:00,BOG,TR-01,Entregado
ORD-17127,2026-02-07 11:00:00,2026-02-11 22:00:00,2026-02-14 02:00:00,BOG,TR-01,Entregado
ORD-17128,2026-06-21 16:00:00,2026-06-23 02:00:00,2026-06-24 07:00:00,BOG,TR-04,Entregado
ORD-17129,2026-03-21 17:00:00,2026-03-25 22:00:00,2026-04-01 21:00:00,BGA,TR-04,Entregado
ORD-17130,2026-03-05 13:00:00,2026-03-06 23:00:00,2026-03-09 01:00:00,MED,TR-02,Entregado
ORD-17131,2026-03-19 16:00:00,2026-03-20 20:00:00,2026-03-21 21:00:00,BOG,TR-03,Entregado
ORD-17132,2026-03-17 12:00:00,2026-03-18 20:00:00,2026-03-21 22:00:00,BAQ,TR-04,Entregado
ORD-17133,2026-05-12 09:00:00,2026-05-13 19:00:00,2026-05-16 18:00:00,MED,TR-03,Entregado
ORD-17134,2026-05-02 19:00:00,2026-05-06 01:00:00,2026-05-07 03:00:00,BOG,TR-04,Entregado
ORD-17135,2026-04-12 19:00:00,2026-04-13 22:00:00,2026-04-14 23:00:00,MED,TR-02,Entregado
ORD-17136,2026-03-03 08:00:00,2026-03-04 11:00:00,2026-03-06 11:00:00,BOG,TR-02,Entregado
ORD-17137,2026-01-17 16:00:00,2026-01-20 18:00:00,2026-01-22 14:00:00,CAL,TR-03,Entregado
ORD-17138,2026-02-28 14:00:00,2026-03-04 00:00:00,2026-03-07 03:00:00,MED,TR-03,Entregado
ORD-17139,2026-05-17 19:00:00,2026-05-19 05:00:00,2026-05-21 01:00:00,CAL,TR-03,Entregado
ORD-17140,2026-04-29 16:00:00,2026-04-30 19:00:00,2026-05-02 23:00:00,CAL,TR-04,Entregado
ORD-17141,2026-05-23 09:00:00,2026-05-26 18:00:00,2026-05-27 21:00:00,BOG,TR-02,Entregado
ORD-17142,2026-03-16 18:00:00,2026-03-18 01:00:00,2026-03-18 22:00:00,BOG,TR-02,Entregado
ORD-17143,2026-01-08 14:00:00,2026-01-10 00:00:00,2026-01-10 21:00:00,BOG,TR-04,Entregado
ORD-17144,2026-05-14 12:00:00,2026-05-15 23:00:00,2026-05-17 04:00:00,BOG,TR-02,Entregado
ORD-17145,2026-05-28 14:00:00,2026-05-29 16:00:00,2026-05-31 16:00:00,BOG,TR-01,Entregado
ORD-17146,2026-04-09 15:00:00,2026-04-10 19:00:00,2026-04-11 23:00:00,MED,TR-03,Entregado
ORD-17147,2026-04-23 18:00:00,2026-04-24 22:00:00,2026-04-27 02:00:00,BGA,TR-03,Entregado
ORD-17148,2026-02-03 16:00:00,2026-02-04 18:00:00,2026-02-07 22:00:00,BAQ,TR-02,Entregado
ORD-17149,2026-04-27 18:00:00,2026-04-29 04:00:00,2026-04-30 00:00:00,CAL,TR-03,Entregado
ORD-17150,2026-04-30 10:00:00,2026-05-01 19:00:00,2026-05-03 20:00:00,BGA,TR-01,Entregado
ORD-17151,2026-03-12 09:00:00,2026-03-13 16:00:00,2026-03-15 20:00:00,MED,TR-02,Entregado
ORD-17152,2026-02-09 14:00:00,2026-02-10 17:00:00,2026-02-11 17:00:00,CAL,TR-02,Entregado
ORD-17153,2026-05-04 12:00:00,2026-05-05 23:00:00,2026-05-09 00:00:00,BGA,TR-01,Entregado
ORD-17154,2026-05-03 11:00:00,2026-05-04 21:00:00,2026-05-07 20:00:00,CAL,TR-04,Entregado
ORD-17155,2026-06-14 19:00:00,2026-06-16 04:00:00,2026-06-19 03:00:00,CAL,TR-03,Entregado
ORD-17156,2026-05-17 17:00:00,2026-05-18 22:00:00,2026-05-21 02:00:00,MED,TR-03,Entregado
ORD-17157,2026-05-28 16:00:00,2026-05-29 23:00:00,2026-05-31 23:00:00,BOG,TR-04,Entregado
ORD-17158,2026-04-02 09:00:00,2026-04-03 17:00:00,2026-04-05 15:00:00,MED,TR-03,Entregado
ORD-17159,2026-05-28 16:00:00,2026-05-29 23:00:00,2026-05-31 01:00:00,BOG,TR-02,Entregado
ORD-17160,2026-06-13 12:00:00,2026-06-17 23:00:00,,CAL,TR-02,Perdido
ORD-17161,2026-01-27 15:00:00,2026-01-28 19:00:00,2026-02-02 17:00:00,BAQ,TR-02,Entregado
ORD-17162,2026-02-01 08:00:00,2026-02-02 10:00:00,2026-02-03 10:00:00,CAL,TR-04,Entregado
ORD-17163,2026-01-17 16:00:00,2026-01-21 18:00:00,2026-01-23 15:00:00,CAL,TR-02,Entregado
ORD-17164,2026-05-17 11:00:00,2026-05-18 21:00:00,2026-05-19 22:00:00,BOG,TR-03,Entregado
ORD-17165,2026-02-14 09:00:00,2026-02-18 18:00:00,2026-02-20 18:00:00,BOG,TR-03,Entregado
ORD-17166,2026-02-01 16:00:00,2026-02-02 19:00:00,2026-02-04 17:00:00,CAL,TR-04,Entregado
ORD-17167,2026-01-30 11:00:00,2026-02-02 16:00:00,2026-02-03 15:00:00,MED,TR-02,Entregado
ORD-17168,2026-06-15 19:00:00,2026-06-16 21:00:00,2026-06-19 02:00:00,CAL,TR-02,Entregado
ORD-17169,2026-01-01 19:00:00,2026-01-02 22:00:00,2026-01-06 02:00:00,BAQ,TR-03,Entregado
ORD-17170,2026-01-05 10:00:00,2026-01-06 18:00:00,2026-01-07 23:00:00,BOG,TR-04,Entregado
ORD-17171,2026-06-13 08:00:00,2026-06-17 17:00:00,2026-06-18 21:00:00,BOG,TR-03,Entregado
ORD-17172,2026-03-19 16:00:00,2026-03-20 23:00:00,2026-03-23 00:00:00,MED,TR-01,Entregado
ORD-17173,2026-06-01 11:00:00,2026-06-02 15:00:00,2026-06-03 20:00:00,BOG,TR-02,Entregado
ORD-17174,2026-04-24 16:00:00,2026-04-28 00:00:00,2026-04-29 03:00:00,BGA,TR-01,Entregado
ORD-17175,2026-01-25 17:00:00,2026-01-27 04:00:00,2026-01-29 05:00:00,BGA,TR-02,Entregado
ORD-17176,2026-05-15 17:00:00,2026-05-18 19:00:00,2026-05-20 18:00:00,CAL,TR-02,Entregado
ORD-17177,2026-05-21 11:00:00,2026-05-22 18:00:00,2026-05-25 17:00:00,BGA,TR-01,Entregado
ORD-17178,2026-02-12 16:00:00,2026-02-14 01:00:00,2026-02-14 21:00:00,BGA,TR-01,Entregado
ORD-17179,2026-06-13 15:00:00,2026-06-16 18:00:00,2026-06-18 23:00:00,MED,TR-02,Entregado
ORD-17180,2026-05-22 09:00:00,2026-05-25 15:00:00,2026-05-28 19:00:00,MED,TR-03,Entregado
ORD-17181,2026-03-13 18:00:00,2026-03-18 02:00:00,2026-03-20 23:00:00,BAQ,TR-03,Entregado
ORD-17182,2026-05-08 17:00:00,2026-05-12 20:00:00,2026-05-14 21:00:00,BOG,TR-01,Entregado
ORD-17183,2026-06-14 14:00:00,2026-06-15 17:00:00,2026-06-17 19:00:00,BGA,TR-03,Entregado
ORD-17184,2026-03-12 19:00:00,2026-03-13 21:00:00,2026-03-16 00:00:00,BGA,TR-02,Entregado
ORD-17185,2026-06-02 10:00:00,2026-06-03 19:00:00,2026-06-04 18:00:00,BOG,TR-01,Entregado
ORD-17186,2026-03-31 11:00:00,2026-04-01 17:00:00,2026-04-02 18:00:00,BOG,TR-02,Entregado
ORD-17187,2026-04-16 11:00:00,2026-04-17 21:00:00,2026-04-19 00:00:00,BOG,TR-04,Entregado
ORD-17188,2026-03-20 17:00:00,2026-03-24 04:00:00,2026-03-25 01:00:00,BOG,TR-02,Entregado
ORD-17189,2026-05-06 13:00:00,2026-05-07 23:00:00,2026-05-09 22:00:00,CAL,TR-03,Entregado
ORD-17190,2026-01-16 10:00:00,2026-01-19 16:00:00,2026-01-21 18:00:00,CAL,TR-02,Entregado
ORD-17191,2026-06-06 11:00:00,2026-06-10 15:00:00,2026-06-12 15:00:00,BGA,TR-03,Entregado
ORD-17192,2026-06-28 09:00:00,2026-06-29 16:00:00,2026-07-01 18:00:00,BOG,TR-01,Entregado
ORD-17193,2026-06-21 16:00:00,2026-06-23 00:00:00,2026-06-24 01:00:00,BOG,TR-04,Entregado
ORD-17194,2026-01-16 08:00:00,2026-01-19 12:00:00,2026-01-20 16:00:00,BOG,TR-04,Entregado
ORD-17195,2026-05-10 15:00:00,2026-05-11 18:00:00,2026-05-14 17:00:00,BAQ,TR-03,Entregado
ORD-17196,2026-03-20 14:00:00,2026-03-24 18:00:00,2026-03-27 22:00:00,CAL,TR-04,Entregado
ORD-17197,2026-01-28 08:00:00,2026-01-29 17:00:00,2026-01-31 22:00:00,BAQ,TR-03,Entregado
ORD-17198,2026-01-05 17:00:00,2026-01-07 01:00:00,,BOG,TR-02,Perdido
ORD-17199,2026-01-22 12:00:00,2026-01-23 14:00:00,2026-01-25 13:00:00,CAL,TR-02,Entregado
ORD-17200,2026-04-10 08:00:00,2026-04-13 11:00:00,2026-04-14 12:00:00,BOG,TR-03,Entregado
ORD-17201,2026-05-24 14:00:00,2026-05-25 22:00:00,2026-05-29 03:00:00,CAL,TR-01,Entregado
ORD-17202,2026-03-27 10:00:00,2026-03-31 19:00:00,2026-04-02 21:00:00,BGA,TR-02,Entregado
ORD-17203,2026-03-20 17:00:00,2026-03-24 04:00:00,2026-03-27 05:00:00,BAQ,TR-02,Entregado
ORD-17204,2026-06-23 11:00:00,2026-06-24 19:00:00,2026-06-26 18:00:00,BOG,TR-03,Entregado
ORD-17205,2026-04-16 12:00:00,2026-04-17 19:00:00,2026-04-18 16:00:00,BOG,TR-02,Entregado
ORD-17206,2026-03-04 19:00:00,2026-03-05 23:00:00,2026-03-06 21:00:00,BOG,TR-04,Entregado
ORD-17207,2026-03-01 08:00:00,2026-03-02 15:00:00,2026-03-04 12:00:00,BGA,TR-02,Entregado
ORD-17208,2026-04-27 08:00:00,2026-04-28 19:00:00,2026-05-01 17:00:00,BAQ,TR-04,Entregado
ORD-17209,2026-04-15 14:00:00,2026-04-16 18:00:00,2026-04-19 14:00:00,BAQ,TR-02,Entregado
ORD-17210,2026-03-12 16:00:00,2026-03-13 23:00:00,2026-03-15 21:00:00,MED,TR-04,Entregado
ORD-17211,2026-03-27 17:00:00,2026-03-30 22:00:00,2026-04-01 01:00:00,CAL,TR-04,Entregado
ORD-17212,2026-05-20 14:00:00,2026-05-22 01:00:00,2026-05-23 05:00:00,BOG,TR-01,Entregado
ORD-17213,2026-02-15 13:00:00,2026-02-16 17:00:00,2026-02-21 16:00:00,BGA,TR-04,Entregado
ORD-17214,2026-05-29 09:00:00,2026-06-01 17:00:00,2026-06-02 15:00:00,BOG,TR-04,Entregado
ORD-17215,2026-05-07 14:00:00,2026-05-08 21:00:00,2026-05-13 23:00:00,BAQ,TR-02,Entregado
ORD-17216,2026-04-11 16:00:00,2026-04-14 23:00:00,2026-04-18 02:00:00,BGA,TR-01,Entregado
ORD-17217,2026-06-10 16:00:00,2026-06-12 00:00:00,2026-06-14 23:00:00,MED,TR-04,Entregado
ORD-17218,2026-01-06 11:00:00,2026-01-07 17:00:00,2026-01-10 16:00:00,BAQ,TR-04,Entregado
ORD-17219,2026-05-06 14:00:00,2026-05-08 00:00:00,2026-05-10 04:00:00,BOG,TR-01,Entregado
ORD-17220,2026-02-06 12:00:00,2026-02-09 18:00:00,2026-02-12 19:00:00,CAL,TR-02,Entregado
ORD-17221,2026-01-08 14:00:00,2026-01-09 17:00:00,2026-01-11 21:00:00,MED,TR-04,Entregado
ORD-17222,2026-03-18 15:00:00,2026-03-19 18:00:00,2026-03-21 15:00:00,MED,TR-03,Entregado
ORD-17223,2026-04-17 19:00:00,2026-04-20 23:00:00,2026-04-23 04:00:00,BGA,TR-03,Entregado
ORD-17224,2026-01-18 16:00:00,2026-01-20 01:00:00,2026-01-21 00:00:00,CAL,TR-01,Entregado
ORD-17225,2026-03-24 13:00:00,2026-03-26 00:00:00,2026-03-27 02:00:00,BOG,TR-03,Entregado
ORD-17226,2026-02-01 13:00:00,2026-02-03 00:00:00,2026-02-06 01:00:00,MED,TR-02,Entregado
ORD-17227,2026-01-25 19:00:00,2026-01-27 02:00:00,2026-01-28 23:00:00,BOG,TR-02,Entregado
ORD-17228,2026-02-02 15:00:00,2026-02-03 20:00:00,2026-02-04 23:00:00,BOG,TR-01,Entregado
ORD-17229,2026-06-07 08:00:00,2026-06-08 16:00:00,2026-06-12 12:00:00,BAQ,TR-04,Entregado
ORD-17230,2026-04-14 09:00:00,2026-04-15 15:00:00,2026-04-18 14:00:00,BGA,TR-02,Entregado
ORD-17231,2026-04-12 13:00:00,2026-04-13 15:00:00,2026-04-17 15:00:00,BAQ,TR-01,Entregado
ORD-17232,2026-03-10 15:00:00,2026-03-11 21:00:00,2026-03-13 02:00:00,BOG,TR-02,Entregado
ORD-17233,2026-06-28 17:00:00,2026-06-30 01:00:00,2026-07-03 06:00:00,MED,TR-03,Entregado
ORD-17234,2026-01-31 11:00:00,2026-02-03 21:00:00,2026-02-06 00:00:00,BOG,TR-04,Entregado
ORD-17235,2026-06-16 14:00:00,2026-06-17 16:00:00,2026-06-19 16:00:00,BOG,TR-04,Entregado
ORD-17236,2026-02-17 19:00:00,2026-02-18 23:00:00,2026-02-21 01:00:00,BGA,TR-02,Entregado
ORD-17237,2026-03-19 15:00:00,2026-03-21 02:00:00,2026-03-23 06:00:00,CAL,TR-04,Entregado
ORD-17238,2026-01-18 18:00:00,2026-01-20 00:00:00,2026-01-22 00:00:00,BAQ,TR-01,Entregado
ORD-17239,2026-01-28 09:00:00,2026-01-29 12:00:00,2026-01-31 11:00:00,BOG,TR-01,Entregado
ORD-17240,2026-03-21 11:00:00,2026-03-25 19:00:00,2026-03-30 22:00:00,BGA,TR-04,Entregado
ORD-17241,2026-01-16 17:00:00,2026-01-20 21:00:00,2026-01-24 19:00:00,BGA,TR-04,Entregado
ORD-17242,2026-05-17 17:00:00,2026-05-19 03:00:00,2026-05-21 08:00:00,BOG,TR-02,Entregado
ORD-17243,2026-01-28 16:00:00,2026-01-30 01:00:00,2026-02-01 02:00:00,MED,TR-02,Entregado
ORD-17244,2026-03-18 11:00:00,2026-03-19 22:00:00,2026-03-23 00:00:00,MED,TR-01,Entregado
ORD-17245,2026-01-09 10:00:00,2026-01-12 14:00:00,2026-01-15 17:00:00,BGA,TR-02,Entregado
ORD-17246,2026-03-17 12:00:00,2026-03-18 18:00:00,2026-03-24 14:00:00,BAQ,TR-02,Entregado
ORD-17247,2026-05-02 16:00:00,2026-05-06 03:00:00,2026-05-08 06:00:00,CAL,TR-02,Entregado
ORD-17248,2026-02-01 13:00:00,2026-02-02 16:00:00,2026-02-05 18:00:00,BGA,TR-02,Entregado
ORD-17249,2026-02-26 13:00:00,2026-02-28 00:00:00,2026-03-01 04:00:00,BOG,TR-01,Entregado
ORD-17250,2026-04-26 11:00:00,2026-04-27 16:00:00,2026-04-30 21:00:00,BAQ,TR-01,Entregado
ORD-17251,2026-02-25 14:00:00,2026-02-26 20:00:00,2026-02-27 16:00:00,CAL,TR-01,Entregado
ORD-17252,2026-01-17 13:00:00,2026-01-21 22:00:00,2026-01-22 20:00:00,BOG,TR-03,Entregado
ORD-17253,2026-06-07 16:00:00,2026-06-09 02:00:00,2026-06-10 02:00:00,CAL,TR-01,Entregado
ORD-17254,2026-03-19 13:00:00,2026-03-20 19:00:00,2026-03-26 00:00:00,BGA,TR-04,Entregado
ORD-17255,2026-04-18 08:00:00,2026-04-22 13:00:00,2026-04-24 11:00:00,CAL,TR-01,Entregado
ORD-17256,2026-01-15 09:00:00,2026-01-16 11:00:00,2026-01-18 10:00:00,BOG,TR-02,Entregado
ORD-17257,2026-02-17 12:00:00,2026-02-18 22:00:00,2026-02-21 18:00:00,BGA,TR-01,Entregado
ORD-17258,2026-04-23 15:00:00,2026-04-25 00:00:00,2026-04-25 23:00:00,BOG,TR-02,Entregado
ORD-17259,2026-04-07 16:00:00,2026-04-09 01:00:00,2026-04-12 06:00:00,BAQ,TR-02,Entregado
ORD-17260,2026-04-01 10:00:00,2026-04-02 20:00:00,2026-04-03 23:00:00,BOG,TR-03,Entregado
ORD-17261,2026-01-16 19:00:00,2026-01-19 22:00:00,2026-01-20 22:00:00,BOG,TR-03,Entregado
ORD-17262,2026-04-08 08:00:00,2026-04-09 15:00:00,2026-04-11 17:00:00,BGA,TR-01,Entregado
ORD-17263,2026-02-10 11:00:00,2026-02-11 20:00:00,2026-02-13 18:00:00,MED,TR-04,Entregado
ORD-17264,2026-04-18 08:00:00,2026-04-21 18:00:00,2026-04-23 18:00:00,BGA,TR-03,Entregado
ORD-17265,2026-06-10 14:00:00,2026-06-11 21:00:00,2026-06-12 23:00:00,BOG,TR-01,Entregado
ORD-17266,2026-05-08 09:00:00,2026-05-12 16:00:00,2026-05-14 14:00:00,BAQ,TR-02,Entregado
ORD-17267,2026-05-31 19:00:00,2026-06-02 00:00:00,2026-06-03 20:00:00,BGA,TR-01,Entregado
ORD-17268,2026-01-30 16:00:00,2026-02-03 20:00:00,,BOG,TR-01,Perdido
ORD-17269,2026-02-14 14:00:00,2026-02-18 17:00:00,2026-02-21 21:00:00,CAL,TR-02,Entregado
ORD-17270,2026-02-14 08:00:00,2026-02-17 18:00:00,2026-02-20 23:00:00,CAL,TR-04,Entregado
ORD-17271,2026-05-20 15:00:00,2026-05-21 23:00:00,2026-05-23 23:00:00,BOG,TR-04,Entregado
ORD-17272,2026-01-24 11:00:00,2026-01-27 20:00:00,2026-01-29 19:00:00,MED,TR-02,Entregado
ORD-17273,2026-01-13 15:00:00,2026-01-14 20:00:00,2026-01-17 23:00:00,BGA,TR-02,Entregado
ORD-17274,2026-05-28 15:00:00,2026-05-29 20:00:00,2026-05-31 01:00:00,BOG,TR-03,Entregado
ORD-17275,2026-02-22 11:00:00,2026-02-23 20:00:00,2026-02-26 17:00:00,CAL,TR-04,Entregado
ORD-17276,2026-02-03 19:00:00,2026-02-05 03:00:00,,BOG,TR-04,Devuelto
ORD-17277,2026-02-19 09:00:00,2026-02-20 17:00:00,2026-02-22 19:00:00,BOG,TR-03,Entregado
ORD-17278,2026-04-21 17:00:00,2026-04-23 00:00:00,2026-04-23 23:00:00,BOG,TR-01,Entregado
ORD-17279,2026-06-28 17:00:00,2026-06-29 20:00:00,2026-06-30 17:00:00,CAL,TR-02,Entregado
ORD-17280,2026-03-25 17:00:00,2026-03-27 01:00:00,2026-03-28 01:00:00,BOG,TR-02,Entregado
ORD-17281,2026-04-02 15:00:00,2026-04-04 00:00:00,2026-04-06 00:00:00,BGA,TR-01,Entregado
ORD-17282,2026-03-16 17:00:00,2026-03-18 04:00:00,2026-03-19 07:00:00,BOG,TR-02,Entregado
ORD-17283,2026-05-31 12:00:00,2026-06-01 15:00:00,2026-06-03 11:00:00,BGA,TR-01,Entregado
ORD-17284,2026-02-10 11:00:00,2026-02-11 17:00:00,2026-02-12 16:00:00,CAL,TR-04,Entregado
ORD-17285,2026-03-23 08:00:00,2026-03-24 17:00:00,2026-03-26 13:00:00,BGA,TR-01,Entregado
ORD-17286,2026-06-04 13:00:00,2026-06-05 23:00:00,,BGA,TR-03,Perdido
ORD-17287,2026-03-15 09:00:00,2026-03-16 17:00:00,2026-03-17 18:00:00,BOG,TR-03,Entregado
ORD-17288,2026-01-24 13:00:00,2026-01-27 15:00:00,2026-01-29 13:00:00,MED,TR-03,Entregado
ORD-17289,2026-01-28 19:00:00,2026-01-30 00:00:00,2026-02-01 04:00:00,BAQ,TR-03,Entregado
ORD-17290,2026-04-27 09:00:00,2026-04-28 15:00:00,,MED,TR-04,Perdido
ORD-17291,2026-03-02 12:00:00,2026-03-03 23:00:00,2026-03-05 00:00:00,BOG,TR-01,Entregado
ORD-17292,2026-04-24 18:00:00,2026-04-28 04:00:00,2026-04-30 00:00:00,CAL,TR-02,Entregado
ORD-17293,2026-06-20 18:00:00,2026-06-24 23:00:00,2026-06-27 19:00:00,CAL,TR-01,Entregado
ORD-17294,2026-05-10 14:00:00,2026-05-11 19:00:00,2026-05-12 17:00:00,BOG,TR-04,Entregado
ORD-17295,2026-04-15 12:00:00,2026-04-16 14:00:00,2026-04-17 12:00:00,CAL,TR-01,Entregado
ORD-17296,2026-05-28 09:00:00,2026-05-29 15:00:00,2026-05-30 17:00:00,BGA,TR-03,Entregado
ORD-17297,2026-02-04 09:00:00,2026-02-05 15:00:00,2026-02-07 19:00:00,MED,TR-03,Entregado
ORD-17298,2026-01-31 14:00:00,2026-02-04 17:00:00,2026-02-07 18:00:00,CAL,TR-02,Entregado
ORD-17299,2026-01-19 11:00:00,2026-01-20 14:00:00,2026-01-21 13:00:00,BOG,TR-01,Entregado
ORD-17300,2026-01-24 11:00:00,2026-01-28 20:00:00,2026-01-29 22:00:00,BOG,TR-01,Entregado
ORD-17301,2026-06-16 19:00:00,2026-06-18 02:00:00,2026-06-20 05:00:00,CAL,TR-03,Entregado
ORD-17302,2026-06-16 08:00:00,2026-06-17 19:00:00,2026-06-18 22:00:00,BOG,TR-03,Entregado
ORD-17303,2026-05-27 13:00:00,2026-05-28 17:00:00,2026-05-29 22:00:00,BOG,TR-01,Entregado
ORD-17304,2026-06-25 10:00:00,2026-06-26 20:00:00,2026-06-29 00:00:00,BOG,TR-01,Entregado
ORD-17305,2026-06-09 14:00:00,2026-06-10 18:00:00,2026-06-13 16:00:00,BGA,TR-01,Entregado
ORD-17306,2026-05-01 10:00:00,2026-05-04 15:00:00,2026-05-05 18:00:00,BOG,TR-04,Entregado
ORD-17307,2026-04-04 08:00:00,2026-04-07 19:00:00,2026-04-08 21:00:00,BOG,TR-03,Entregado
ORD-17308,2026-02-11 13:00:00,2026-02-12 15:00:00,2026-02-19 13:00:00,BGA,TR-04,Entregado
ORD-17309,2026-05-04 08:00:00,2026-05-05 18:00:00,2026-05-09 16:00:00,BAQ,TR-03,Entregado
ORD-17310,2026-01-14 15:00:00,2026-01-15 20:00:00,2026-01-17 22:00:00,MED,TR-03,Entregado
ORD-17311,2026-02-19 16:00:00,2026-02-21 02:00:00,2026-02-23 02:00:00,MED,TR-01,Entregado
ORD-17312,2026-04-14 14:00:00,2026-04-15 21:00:00,2026-04-17 21:00:00,MED,TR-01,Entregado
ORD-17313,2026-04-06 11:00:00,2026-04-07 22:00:00,2026-04-09 03:00:00,MED,TR-04,Entregado
ORD-17314,2026-04-24 12:00:00,2026-04-27 21:00:00,2026-04-28 22:00:00,BOG,TR-03,Entregado
ORD-17315,2026-01-14 18:00:00,2026-01-16 01:00:00,2026-01-18 03:00:00,CAL,TR-04,Entregado
ORD-17316,2026-05-03 10:00:00,2026-05-04 14:00:00,2026-05-07 16:00:00,MED,TR-04,Entregado
ORD-17317,2026-06-08 16:00:00,2026-06-09 18:00:00,2026-06-10 14:00:00,BOG,TR-03,Entregado
ORD-17318,2026-04-12 08:00:00,2026-04-13 18:00:00,2026-04-15 21:00:00,CAL,TR-03,Entregado
ORD-17319,2026-03-24 19:00:00,2026-03-26 04:00:00,2026-03-29 04:00:00,MED,TR-04,Entregado
ORD-17320,2026-03-09 16:00:00,2026-03-11 02:00:00,2026-03-13 06:00:00,BGA,TR-02,Entregado
ORD-17321,2026-03-16 13:00:00,2026-03-17 18:00:00,2026-03-18 15:00:00,BOG,TR-01,Entregado
ORD-17322,2026-05-12 08:00:00,2026-05-13 13:00:00,2026-05-14 09:00:00,BOG,TR-01,Entregado
ORD-17323,2026-02-15 18:00:00,2026-02-16 23:00:00,2026-02-19 03:00:00,BOG,TR-01,Entregado
ORD-17324,2026-06-11 18:00:00,2026-06-12 21:00:00,2026-06-16 00:00:00,BAQ,TR-03,Entregado
ORD-17325,2026-01-31 18:00:00,2026-02-05 05:00:00,2026-02-10 01:00:00,BGA,TR-04,Entregado
ORD-17326,2026-04-30 13:00:00,2026-05-02 00:00:00,2026-05-02 21:00:00,BOG,TR-03,Entregado
ORD-17327,2026-02-25 13:00:00,2026-02-26 21:00:00,2026-02-28 23:00:00,CAL,TR-03,Entregado
ORD-17328,2026-01-21 17:00:00,2026-01-22 20:00:00,2026-01-23 16:00:00,MED,TR-02,Entregado
ORD-17329,2026-06-03 18:00:00,2026-06-05 05:00:00,2026-06-08 08:00:00,MED,TR-04,Entregado
ORD-17330,2026-05-16 14:00:00,2026-05-20 19:00:00,2026-05-21 19:00:00,BOG,TR-01,Entregado
ORD-17331,2026-01-08 19:00:00,2026-01-10 06:00:00,2026-01-12 02:00:00,CAL,TR-03,Entregado
ORD-17332,2026-03-13 14:00:00,2026-03-18 01:00:00,2026-03-19 00:00:00,BGA,TR-02,Entregado
ORD-17333,2026-02-03 18:00:00,2026-02-04 23:00:00,2026-02-06 20:00:00,CAL,TR-02,Entregado
ORD-17334,2026-05-24 16:00:00,2026-05-26 02:00:00,2026-05-29 01:00:00,MED,TR-02,Entregado
ORD-17335,2026-05-21 14:00:00,2026-05-22 22:00:00,2026-05-24 03:00:00,BOG,TR-02,Entregado
ORD-17336,2026-05-30 16:00:00,2026-06-03 02:00:00,2026-06-04 05:00:00,BOG,TR-03,Entregado
ORD-17337,2026-06-04 09:00:00,2026-06-05 11:00:00,2026-06-07 10:00:00,MED,TR-04,Entregado
ORD-17338,2026-04-19 08:00:00,2026-04-20 17:00:00,2026-04-22 18:00:00,CAL,TR-01,Entregado
ORD-17339,2026-01-26 19:00:00,2026-01-28 05:00:00,2026-01-29 09:00:00,CAL,TR-03,Entregado
ORD-17340,2026-03-24 18:00:00,2026-03-26 00:00:00,2026-03-27 20:00:00,BAQ,TR-04,Entregado
ORD-17341,2026-03-10 08:00:00,2026-03-11 14:00:00,2026-03-12 16:00:00,BOG,TR-03,Entregado
ORD-17342,2026-01-30 15:00:00,2026-02-02 19:00:00,2026-02-04 17:00:00,MED,TR-03,Entregado
ORD-17343,2026-02-07 08:00:00,2026-02-11 13:00:00,2026-02-14 14:00:00,BGA,TR-01,Entregado
ORD-17344,2026-04-18 08:00:00,2026-04-22 16:00:00,2026-04-23 16:00:00,BOG,TR-02,Entregado
ORD-17345,2026-03-08 17:00:00,2026-03-09 20:00:00,2026-03-12 19:00:00,BGA,TR-02,Entregado
ORD-17346,2026-04-05 15:00:00,2026-04-06 20:00:00,2026-04-08 20:00:00,BGA,TR-01,Entregado
ORD-17347,2026-02-12 18:00:00,2026-02-13 22:00:00,2026-02-15 23:00:00,BOG,TR-01,Entregado
ORD-17348,2026-02-15 15:00:00,2026-02-17 01:00:00,2026-02-19 06:00:00,BOG,TR-01,Entregado
ORD-17349,2026-05-05 10:00:00,2026-05-06 21:00:00,2026-05-10 19:00:00,BAQ,TR-04,Entregado
ORD-17350,2026-02-08 19:00:00,2026-02-10 02:00:00,2026-02-13 06:00:00,BGA,TR-01,Entregado
ORD-17351,2026-02-20 11:00:00,2026-02-24 14:00:00,2026-02-27 11:00:00,BAQ,TR-03,Entregado
ORD-17352,2026-05-01 11:00:00,2026-05-04 18:00:00,2026-05-07 20:00:00,CAL,TR-03,Entregado
ORD-17353,2026-06-28 12:00:00,2026-06-29 22:00:00,2026-06-30 18:00:00,MED,TR-02,Entregado
ORD-17354,2026-02-24 12:00:00,2026-02-25 16:00:00,2026-02-26 15:00:00,BOG,TR-02,Entregado
ORD-17355,2026-01-20 15:00:00,2026-01-21 21:00:00,2026-01-23 23:00:00,BOG,TR-01,Entregado
ORD-17356,2026-06-13 09:00:00,2026-06-16 16:00:00,2026-06-17 20:00:00,BOG,TR-03,Entregado
ORD-17357,2026-05-02 13:00:00,2026-05-05 16:00:00,2026-05-07 14:00:00,CAL,TR-02,Entregado
ORD-17358,2026-06-11 10:00:00,2026-06-12 19:00:00,2026-06-14 19:00:00,BOG,TR-01,Entregado
ORD-17359,2026-05-25 12:00:00,2026-05-26 14:00:00,2026-05-28 11:00:00,MED,TR-03,Entregado
ORD-17360,2026-03-30 09:00:00,2026-03-31 11:00:00,2026-04-02 07:00:00,BOG,TR-01,Entregado
ORD-17361,2026-02-22 09:00:00,2026-02-23 11:00:00,2026-03-02 13:00:00,BGA,TR-04,Entregado
ORD-17362,2026-03-13 18:00:00,2026-03-18 05:00:00,2026-03-20 03:00:00,BGA,TR-03,Entregado
ORD-17363,2026-06-22 13:00:00,2026-06-23 16:00:00,2026-06-25 14:00:00,CAL,TR-02,Entregado
ORD-17364,2026-01-13 11:00:00,2026-01-14 17:00:00,2026-01-16 21:00:00,BOG,TR-01,Entregado
ORD-17365,2026-03-07 10:00:00,2026-03-11 21:00:00,2026-03-12 22:00:00,BOG,TR-04,Entregado
ORD-17366,2026-02-16 14:00:00,2026-02-17 18:00:00,2026-02-20 22:00:00,MED,TR-03,Entregado
ORD-17367,2026-05-27 12:00:00,2026-05-28 21:00:00,2026-05-30 19:00:00,MED,TR-04,Entregado
ORD-17368,2026-05-02 13:00:00,2026-05-06 15:00:00,2026-05-07 13:00:00,BOG,TR-04,Entregado
ORD-17369,2026-01-06 11:00:00,2026-01-07 22:00:00,2026-01-10 20:00:00,BAQ,TR-01,Entregado
ORD-17370,2026-03-27 10:00:00,2026-03-30 18:00:00,2026-04-02 15:00:00,CAL,TR-02,Entregado
ORD-17371,2026-06-11 18:00:00,2026-06-13 02:00:00,2026-06-14 01:00:00,BOG,TR-02,Entregado
ORD-17372,2026-01-07 10:00:00,2026-01-08 13:00:00,2026-01-14 18:00:00,BAQ,TR-02,Entregado
ORD-17373,2026-06-24 08:00:00,2026-06-25 17:00:00,2026-06-27 16:00:00,BOG,TR-01,Entregado
ORD-17374,2026-01-02 17:00:00,2026-01-06 04:00:00,2026-01-07 04:00:00,BOG,TR-03,Entregado
ORD-17375,2026-03-21 16:00:00,2026-03-24 21:00:00,2026-03-27 17:00:00,BAQ,TR-03,Entregado
ORD-17376,2026-03-01 15:00:00,2026-03-03 02:00:00,2026-03-05 02:00:00,BGA,TR-03,Entregado
ORD-17377,2026-01-15 13:00:00,2026-01-16 17:00:00,2026-01-17 16:00:00,BOG,TR-04,Entregado
ORD-17378,2026-05-14 08:00:00,2026-05-15 17:00:00,2026-05-16 13:00:00,CAL,TR-04,Entregado
ORD-17379,2026-01-18 11:00:00,2026-01-19 17:00:00,2026-01-21 20:00:00,MED,TR-03,Entregado
ORD-17380,2026-04-25 08:00:00,2026-04-29 15:00:00,2026-04-30 20:00:00,BOG,TR-03,Entregado
ORD-17381,2026-02-09 14:00:00,2026-02-10 21:00:00,2026-02-12 00:00:00,MED,TR-03,Entregado
ORD-17382,2026-06-29 19:00:00,2026-07-01 02:00:00,,CAL,TR-04,Devuelto
ORD-17383,2026-04-18 16:00:00,2026-04-23 03:00:00,2026-04-26 07:00:00,BAQ,TR-02,Entregado
ORD-17384,2026-01-27 11:00:00,2026-01-28 14:00:00,2026-01-30 16:00:00,MED,TR-01,Entregado
ORD-17385,2026-04-07 17:00:00,2026-04-08 22:00:00,2026-04-10 21:00:00,BOG,TR-02,Entregado
ORD-17386,2026-01-17 08:00:00,2026-01-21 16:00:00,2026-01-23 20:00:00,BOG,TR-04,Entregado
ORD-17387,2026-02-18 11:00:00,2026-02-19 14:00:00,2026-02-22 17:00:00,CAL,TR-02,Entregado
ORD-17388,2026-03-22 09:00:00,2026-03-23 16:00:00,2026-03-25 13:00:00,CAL,TR-04,Entregado
ORD-17389,2026-04-26 14:00:00,2026-04-27 18:00:00,2026-05-03 14:00:00,BGA,TR-04,Entregado
ORD-17390,2026-04-08 15:00:00,2026-04-09 19:00:00,2026-04-10 16:00:00,BOG,TR-03,Entregado
ORD-17391,2026-05-21 14:00:00,2026-05-22 19:00:00,2026-05-25 18:00:00,MED,TR-02,Entregado
ORD-17392,2026-02-26 13:00:00,2026-02-27 16:00:00,2026-02-28 14:00:00,CAL,TR-02,Entregado
ORD-17393,2026-05-28 13:00:00,2026-05-29 21:00:00,2026-05-31 17:00:00,MED,TR-04,Entregado
ORD-17394,2026-06-29 14:00:00,2026-06-30 21:00:00,2026-07-02 00:00:00,BOG,TR-04,Entregado
ORD-17395,2026-04-15 10:00:00,2026-04-16 15:00:00,2026-04-18 15:00:00,BOG,TR-02,Entregado
ORD-17396,2026-03-08 09:00:00,2026-03-09 11:00:00,2026-03-12 15:00:00,BAQ,TR-01,Entregado
ORD-17397,2026-02-02 08:00:00,2026-02-03 13:00:00,2026-02-04 10:00:00,BOG,TR-04,Entregado
ORD-17398,2026-06-22 10:00:00,2026-06-23 17:00:00,2026-06-25 19:00:00,BOG,TR-04,Entregado
ORD-17399,2026-03-28 18:00:00,2026-04-01 00:00:00,2026-04-01 23:00:00,CAL,TR-04,Entregado
ORD-17400,2026-05-01 09:00:00,2026-05-04 11:00:00,2026-05-06 09:00:00,BOG,TR-03,Entregado
ORD-17401,2026-02-08 08:00:00,2026-02-09 11:00:00,2026-02-10 07:00:00,CAL,TR-01,Entregado
ORD-17402,2026-01-18 13:00:00,2026-01-19 19:00:00,2026-01-22 18:00:00,MED,TR-01,Entregado
ORD-17403,2026-06-09 12:00:00,2026-06-10 22:00:00,2026-06-12 18:00:00,CAL,TR-01,Entregado
ORD-17404,2026-06-17 19:00:00,2026-06-19 04:00:00,2026-06-20 03:00:00,CAL,TR-01,Entregado
ORD-17405,2026-01-27 09:00:00,2026-01-28 16:00:00,2026-01-29 13:00:00,MED,TR-04,Entregado
ORD-17406,2026-04-07 14:00:00,2026-04-08 23:00:00,2026-04-10 19:00:00,CAL,TR-03,Entregado
ORD-17407,2026-02-25 18:00:00,2026-02-26 23:00:00,2026-03-01 00:00:00,BOG,TR-01,Entregado
ORD-17408,2026-05-07 15:00:00,2026-05-08 21:00:00,2026-05-09 18:00:00,MED,TR-01,Entregado
ORD-17409,2026-02-25 13:00:00,2026-02-26 17:00:00,2026-02-28 20:00:00,BAQ,TR-02,Entregado
ORD-17410,2026-01-28 14:00:00,2026-01-29 20:00:00,2026-02-01 01:00:00,BOG,TR-02,Entregado
ORD-17411,2026-06-18 14:00:00,2026-06-20 01:00:00,2026-06-21 23:00:00,BOG,TR-01,Entregado
ORD-17412,2026-04-10 16:00:00,2026-04-14 02:00:00,2026-04-16 01:00:00,BGA,TR-01,Entregado
ORD-17413,2026-01-04 16:00:00,2026-01-06 00:00:00,2026-01-08 22:00:00,CAL,TR-03,Entregado
ORD-17414,2026-06-07 15:00:00,2026-06-09 00:00:00,2026-06-12 03:00:00,MED,TR-01,Entregado
ORD-17415,2026-03-25 15:00:00,2026-03-26 19:00:00,2026-03-28 22:00:00,MED,TR-03,Entregado
ORD-17416,2026-06-08 15:00:00,2026-06-09 23:00:00,2026-06-11 00:00:00,BOG,TR-04,Entregado
ORD-17417,2026-01-07 17:00:00,2026-01-08 21:00:00,2026-01-09 23:00:00,BOG,TR-01,Entregado
ORD-17418,2026-03-18 13:00:00,2026-03-19 20:00:00,2026-03-22 00:00:00,BOG,TR-03,Entregado
ORD-17419,2026-05-16 14:00:00,2026-05-21 00:00:00,2026-05-22 05:00:00,BOG,TR-01,Entregado
ORD-17420,2026-06-21 11:00:00,2026-06-22 18:00:00,2026-06-24 19:00:00,CAL,TR-02,Entregado
ORD-17421,2026-03-19 19:00:00,2026-03-21 06:00:00,2026-03-22 08:00:00,MED,TR-02,Entregado
ORD-17422,2026-06-27 18:00:00,2026-07-02 02:00:00,2026-07-04 23:00:00,MED,TR-03,Entregado
ORD-17423,2026-04-30 16:00:00,2026-05-01 22:00:00,2026-05-04 00:00:00,BGA,TR-01,Entregado
ORD-17424,2026-02-21 11:00:00,2026-02-24 21:00:00,2026-02-25 22:00:00,BOG,TR-04,Entregado
ORD-17425,2026-01-21 09:00:00,2026-01-22 17:00:00,2026-01-24 20:00:00,MED,TR-01,Entregado
ORD-17426,2026-02-08 12:00:00,2026-02-09 17:00:00,2026-02-11 18:00:00,MED,TR-01,Entregado
ORD-17427,2026-02-07 11:00:00,2026-02-10 15:00:00,2026-02-13 16:00:00,BAQ,TR-01,Entregado
ORD-17428,2026-03-13 19:00:00,2026-03-18 03:00:00,2026-03-20 05:00:00,BOG,TR-03,Entregado
ORD-17429,2026-05-24 19:00:00,2026-05-26 05:00:00,2026-05-29 04:00:00,MED,TR-03,Entregado
ORD-17430,2026-04-28 10:00:00,2026-04-29 13:00:00,2026-05-01 11:00:00,BGA,TR-03,Entregado
ORD-17431,2026-05-25 16:00:00,2026-05-26 19:00:00,2026-05-27 17:00:00,MED,TR-03,Entregado
ORD-17432,2026-04-09 11:00:00,2026-04-10 19:00:00,2026-04-12 15:00:00,MED,TR-04,Entregado
ORD-17433,2026-05-20 10:00:00,2026-05-21 17:00:00,2026-05-24 14:00:00,BGA,TR-03,Entregado
ORD-17434,2026-02-17 13:00:00,2026-02-18 16:00:00,2026-02-20 17:00:00,CAL,TR-03,Entregado
ORD-17435,2026-05-03 15:00:00,2026-05-04 17:00:00,2026-05-06 15:00:00,MED,TR-04,Entregado
ORD-17436,2026-05-07 08:00:00,2026-05-08 18:00:00,2026-05-10 14:00:00,CAL,TR-02,Entregado
ORD-17437,2026-02-21 08:00:00,2026-02-24 10:00:00,2026-02-27 07:00:00,BAQ,TR-02,Entregado
ORD-17438,2026-03-07 15:00:00,2026-03-11 02:00:00,2026-03-15 04:00:00,BAQ,TR-03,Entregado
ORD-17439,2026-01-25 09:00:00,2026-01-26 17:00:00,2026-01-28 21:00:00,MED,TR-03,Entregado
ORD-17440,2026-04-04 10:00:00,2026-04-08 20:00:00,2026-04-09 20:00:00,BOG,TR-01,Entregado
ORD-17441,2026-01-15 09:00:00,2026-01-16 16:00:00,2026-01-18 14:00:00,BGA,TR-03,Entregado
ORD-17442,2026-05-02 18:00:00,2026-05-06 23:00:00,2026-05-08 19:00:00,CAL,TR-03,Entregado
ORD-17443,2026-04-14 13:00:00,2026-04-15 20:00:00,2026-04-18 00:00:00,CAL,TR-01,Entregado
ORD-17444,2026-06-17 09:00:00,2026-06-18 14:00:00,2026-06-19 11:00:00,MED,TR-02,Entregado
ORD-17445,2026-04-25 14:00:00,2026-04-29 17:00:00,2026-04-30 21:00:00,BOG,TR-03,Entregado
ORD-17446,2026-04-18 08:00:00,2026-04-21 17:00:00,2026-04-22 22:00:00,BOG,TR-02,Entregado
ORD-17447,2026-05-15 13:00:00,2026-05-18 20:00:00,2026-05-20 18:00:00,BOG,TR-02,Entregado
ORD-17448,2026-02-08 11:00:00,2026-02-09 14:00:00,2026-02-12 13:00:00,BGA,TR-03,Entregado
ORD-17449,2026-02-04 10:00:00,2026-02-05 20:00:00,2026-02-07 18:00:00,CAL,TR-02,Entregado
ORD-17450,2026-02-16 11:00:00,2026-02-17 18:00:00,2026-02-20 21:00:00,BGA,TR-02,Entregado
ORD-17451,2026-03-05 16:00:00,2026-03-06 19:00:00,2026-03-07 22:00:00,BOG,TR-02,Entregado
ORD-17452,2026-04-15 09:00:00,2026-04-16 12:00:00,2026-04-17 14:00:00,BGA,TR-03,Entregado
ORD-17453,2026-05-29 08:00:00,2026-06-02 17:00:00,2026-06-04 22:00:00,BGA,TR-02,Entregado
ORD-17454,2026-01-08 11:00:00,2026-01-09 21:00:00,2026-01-12 01:00:00,BGA,TR-03,Entregado
ORD-17455,2026-02-17 12:00:00,2026-02-18 23:00:00,2026-02-21 04:00:00,BGA,TR-01,Entregado
ORD-17456,2026-02-12 11:00:00,2026-02-13 17:00:00,2026-02-15 19:00:00,MED,TR-01,Entregado
ORD-17457,2026-03-26 18:00:00,2026-03-27 21:00:00,2026-03-30 01:00:00,MED,TR-04,Entregado
ORD-17458,2026-01-19 14:00:00,2026-01-20 19:00:00,2026-01-23 18:00:00,MED,TR-04,Entregado
ORD-17459,2026-04-25 09:00:00,2026-04-29 19:00:00,2026-04-30 19:00:00,BGA,TR-02,Entregado
ORD-17460,2026-06-28 18:00:00,2026-06-30 04:00:00,2026-07-02 07:00:00,MED,TR-04,Entregado
ORD-17461,2026-04-09 15:00:00,2026-04-10 20:00:00,2026-04-11 18:00:00,BOG,TR-03,Entregado
ORD-17462,2026-04-26 10:00:00,2026-04-27 13:00:00,2026-04-29 14:00:00,BAQ,TR-01,Entregado
ORD-17463,2026-04-16 12:00:00,2026-04-17 19:00:00,2026-04-23 19:00:00,BGA,TR-04,Entregado
ORD-17464,2026-06-18 15:00:00,2026-06-19 21:00:00,2026-06-21 01:00:00,BOG,TR-04,Entregado
ORD-17465,2026-05-19 14:00:00,2026-05-20 22:00:00,2026-05-23 00:00:00,CAL,TR-04,Entregado
ORD-17466,2026-06-29 14:00:00,2026-06-30 20:00:00,2026-07-01 21:00:00,BOG,TR-01,Entregado
ORD-17467,2026-02-18 13:00:00,2026-02-20 00:00:00,2026-02-21 21:00:00,CAL,TR-02,Entregado
ORD-17468,2026-02-16 15:00:00,2026-02-17 21:00:00,2026-02-19 19:00:00,BOG,TR-01,Entregado
ORD-17469,2026-01-07 09:00:00,2026-01-08 15:00:00,2026-01-09 12:00:00,BOG,TR-04,Entregado
ORD-17470,2026-03-18 14:00:00,2026-03-20 01:00:00,2026-03-20 23:00:00,BOG,TR-03,Entregado
ORD-17471,2026-06-06 13:00:00,2026-06-09 22:00:00,2026-06-10 20:00:00,BOG,TR-03,Entregado
ORD-17472,2026-05-05 12:00:00,2026-05-06 21:00:00,2026-05-08 22:00:00,BGA,TR-02,Entregado
ORD-17473,2026-03-25 08:00:00,2026-03-26 12:00:00,2026-03-27 16:00:00,BOG,TR-01,Entregado
ORD-17474,2026-01-29 09:00:00,2026-01-30 11:00:00,2026-02-02 16:00:00,CAL,TR-04,Entregado
ORD-17475,2026-03-20 14:00:00,2026-03-24 19:00:00,2026-03-25 21:00:00,MED,TR-03,Entregado
ORD-17476,2026-04-16 10:00:00,2026-04-17 13:00:00,2026-04-19 18:00:00,BOG,TR-01,Entregado
ORD-17477,2026-04-11 15:00:00,2026-04-15 17:00:00,2026-04-16 13:00:00,BOG,TR-04,Entregado
ORD-17478,2026-06-22 15:00:00,2026-06-23 17:00:00,2026-06-25 13:00:00,MED,TR-01,Entregado
ORD-17479,2026-03-27 12:00:00,2026-03-31 18:00:00,2026-04-01 19:00:00,BOG,TR-03,Entregado
ORD-17480,2026-01-29 09:00:00,2026-01-30 11:00:00,2026-01-31 08:00:00,BOG,TR-04,Entregado
ORD-17481,2026-04-23 18:00:00,2026-04-25 02:00:00,2026-04-27 03:00:00,BOG,TR-01,Entregado
ORD-17482,2026-06-27 08:00:00,2026-07-01 16:00:00,2026-07-02 12:00:00,BOG,TR-03,Entregado
ORD-17483,2026-04-18 11:00:00,2026-04-22 13:00:00,2026-04-25 17:00:00,BAQ,TR-02,Entregado
ORD-17484,2026-06-29 12:00:00,2026-06-30 16:00:00,2026-07-02 12:00:00,CAL,TR-01,Entregado
ORD-17485,2026-02-06 15:00:00,2026-02-10 22:00:00,2026-02-15 01:00:00,BAQ,TR-02,Entregado
ORD-17486,2026-01-27 18:00:00,2026-01-29 01:00:00,2026-01-31 01:00:00,BGA,TR-01,Entregado
ORD-17487,2026-05-14 19:00:00,2026-05-16 01:00:00,2026-05-18 01:00:00,BGA,TR-01,Entregado
ORD-17488,2026-02-14 19:00:00,2026-02-18 21:00:00,2026-02-21 18:00:00,CAL,TR-02,Entregado
ORD-17489,2026-03-24 09:00:00,2026-03-25 18:00:00,2026-03-27 23:00:00,BOG,TR-02,Entregado
ORD-17490,2026-04-30 08:00:00,2026-05-01 11:00:00,2026-05-02 16:00:00,BOG,TR-01,Entregado
ORD-17491,2026-01-25 18:00:00,2026-01-27 00:00:00,2026-01-28 23:00:00,BAQ,TR-04,Entregado
ORD-17492,2026-05-15 19:00:00,2026-05-19 01:00:00,2026-05-21 04:00:00,MED,TR-04,Entregado
ORD-17493,2026-04-16 19:00:00,2026-04-18 02:00:00,2026-04-21 05:00:00,MED,TR-01,Entregado
ORD-17494,2026-04-17 11:00:00,2026-04-20 16:00:00,2026-04-21 13:00:00,BOG,TR-04,Entregado
ORD-17495,2026-05-27 13:00:00,2026-05-28 21:00:00,2026-05-30 23:00:00,BAQ,TR-03,Entregado
ORD-17496,2026-06-02 16:00:00,2026-06-03 19:00:00,2026-06-04 19:00:00,BOG,TR-01,Entregado
ORD-17497,2026-06-14 18:00:00,2026-06-16 01:00:00,2026-06-18 01:00:00,CAL,TR-01,Entregado
ORD-17498,2026-01-13 16:00:00,2026-01-15 03:00:00,2026-01-18 06:00:00,MED,TR-01,Entregado
ORD-17499,2026-05-08 09:00:00,2026-05-11 19:00:00,2026-05-13 19:00:00,CAL,TR-04,Entregado
ORD-17500,2026-03-26 08:00:00,2026-03-27 19:00:00,2026-03-30 18:00:00,MED,TR-02,Entregado
ORD-17501,2026-01-24 12:00:00,2026-01-28 22:00:00,2026-01-29 18:00:00,BOG,TR-01,Entregado
ORD-17502,2026-02-13 17:00:00,2026-02-16 22:00:00,2026-02-19 02:00:00,MED,TR-01,Entregado
ORD-17503,2026-04-08 19:00:00,2026-04-10 01:00:00,2026-04-12 03:00:00,BGA,TR-03,Entregado
ORD-17504,2026-01-09 09:00:00,2026-01-13 16:00:00,2026-01-19 12:00:00,BGA,TR-04,Entregado
ORD-17505,2026-02-25 13:00:00,2026-02-26 18:00:00,2026-02-28 18:00:00,BOG,TR-03,Entregado
ORD-17506,2026-03-22 11:00:00,2026-03-23 16:00:00,2026-03-24 20:00:00,BGA,TR-01,Entregado
ORD-17507,2026-01-13 14:00:00,2026-01-15 00:00:00,2026-01-17 01:00:00,MED,TR-04,Entregado
ORD-17508,2026-01-16 08:00:00,2026-01-19 16:00:00,2026-01-22 18:00:00,BGA,TR-02,Entregado
ORD-17509,2026-02-14 08:00:00,2026-02-18 15:00:00,2026-02-20 11:00:00,BOG,TR-04,Entregado
ORD-17510,2026-05-19 13:00:00,2026-05-20 22:00:00,2026-05-22 23:00:00,BOG,TR-04,Entregado
ORD-17511,2026-05-28 10:00:00,2026-05-29 16:00:00,2026-05-30 12:00:00,MED,TR-01,Entregado
ORD-17512,2026-04-11 16:00:00,2026-04-14 22:00:00,2026-04-16 22:00:00,BGA,TR-01,Entregado
ORD-17513,2026-05-20 19:00:00,2026-05-21 21:00:00,2026-05-23 21:00:00,BOG,TR-04,Entregado
ORD-17514,2026-02-11 10:00:00,2026-02-12 19:00:00,2026-02-14 00:00:00,BOG,TR-04,Entregado
ORD-17515,2026-05-13 16:00:00,2026-05-14 22:00:00,2026-05-15 22:00:00,BGA,TR-01,Entregado
ORD-17516,2026-06-04 19:00:00,2026-06-06 05:00:00,2026-06-07 01:00:00,MED,TR-03,Entregado
ORD-17517,2026-01-26 18:00:00,2026-01-27 20:00:00,2026-01-28 22:00:00,BGA,TR-02,Entregado
ORD-17518,2026-04-26 08:00:00,2026-04-27 10:00:00,2026-04-28 07:00:00,BOG,TR-01,Entregado
ORD-17519,2026-05-29 08:00:00,2026-06-02 12:00:00,2026-06-04 15:00:00,MED,TR-01,Entregado
ORD-17520,2026-04-02 17:00:00,2026-04-04 00:00:00,2026-04-05 00:00:00,BOG,TR-01,Entregado
ORD-17521,2026-02-27 14:00:00,2026-03-02 21:00:00,2026-03-03 18:00:00,MED,TR-01,Entregado
ORD-17522,2026-03-22 17:00:00,2026-03-24 01:00:00,2026-03-27 05:00:00,MED,TR-01,Entregado
ORD-17523,2026-06-02 08:00:00,2026-06-03 12:00:00,2026-06-04 13:00:00,BOG,TR-03,Entregado
ORD-17524,2026-03-13 12:00:00,2026-03-17 14:00:00,2026-03-18 13:00:00,BOG,TR-01,Entregado
ORD-17525,2026-01-06 14:00:00,2026-01-07 23:00:00,2026-01-08 20:00:00,BOG,TR-03,Entregado
ORD-17526,2026-06-07 13:00:00,2026-06-08 20:00:00,2026-06-10 00:00:00,MED,TR-04,Entregado
ORD-17527,2026-03-28 18:00:00,2026-04-01 22:00:00,2026-04-02 22:00:00,CAL,TR-03,Entregado
ORD-17528,2026-06-08 13:00:00,2026-06-09 16:00:00,2026-06-11 17:00:00,BGA,TR-02,Entregado
ORD-17529,2026-01-11 19:00:00,2026-01-13 05:00:00,2026-01-14 02:00:00,BGA,TR-02,Entregado
ORD-17530,2026-02-22 10:00:00,2026-02-23 21:00:00,2026-02-24 22:00:00,BOG,TR-03,Entregado
ORD-17531,2026-02-05 08:00:00,2026-02-06 17:00:00,2026-02-08 15:00:00,BGA,TR-03,Entregado
ORD-17532,2026-01-28 19:00:00,2026-01-29 21:00:00,2026-01-31 23:00:00,BGA,TR-03,Entregado
ORD-17533,2026-05-30 13:00:00,2026-06-02 19:00:00,2026-06-04 18:00:00,BOG,TR-03,Entregado
ORD-17534,2026-01-07 18:00:00,2026-01-09 01:00:00,2026-01-10 06:00:00,BOG,TR-04,Entregado
ORD-17535,2026-01-24 10:00:00,2026-01-27 21:00:00,2026-01-29 22:00:00,BGA,TR-02,Entregado
ORD-17536,2026-01-30 13:00:00,2026-02-02 19:00:00,2026-02-08 21:00:00,BGA,TR-04,Entregado
ORD-17537,2026-03-07 16:00:00,2026-03-11 20:00:00,2026-03-14 18:00:00,MED,TR-02,Entregado
ORD-17538,2026-03-23 10:00:00,2026-03-24 21:00:00,2026-03-25 19:00:00,BOG,TR-04,Entregado
ORD-17539,2026-06-21 17:00:00,2026-06-23 00:00:00,2026-06-25 04:00:00,BAQ,TR-03,Entregado
ORD-17540,2026-05-20 09:00:00,2026-05-21 12:00:00,2026-05-23 09:00:00,BGA,TR-03,Entregado
ORD-17541,2026-01-09 08:00:00,2026-01-12 18:00:00,2026-01-13 21:00:00,MED,TR-02,Entregado
ORD-17542,2026-02-17 08:00:00,2026-02-18 13:00:00,2026-02-19 15:00:00,BGA,TR-03,Entregado
ORD-17543,2026-02-22 15:00:00,2026-02-23 21:00:00,2026-02-26 01:00:00,BOG,TR-03,Entregado
ORD-17544,2026-02-09 18:00:00,2026-02-11 02:00:00,2026-02-13 23:00:00,CAL,TR-03,Entregado
ORD-17545,2026-01-24 09:00:00,2026-01-27 12:00:00,2026-01-28 17:00:00,BOG,TR-01,Entregado
ORD-17546,2026-04-18 12:00:00,2026-04-22 14:00:00,2026-04-24 10:00:00,BOG,TR-02,Entregado
ORD-17547,2026-02-02 14:00:00,2026-02-03 22:00:00,2026-02-07 01:00:00,MED,TR-03,Entregado
ORD-17548,2026-03-18 13:00:00,2026-03-19 15:00:00,2026-03-21 11:00:00,BOG,TR-01,Entregado
ORD-17549,2026-02-22 08:00:00,2026-02-23 18:00:00,2026-02-26 21:00:00,CAL,TR-03,Entregado
ORD-17550,2026-03-19 08:00:00,2026-03-20 11:00:00,2026-03-21 13:00:00,BOG,TR-03,Entregado
ORD-17551,2026-04-12 17:00:00,2026-04-14 02:00:00,2026-04-15 05:00:00,MED,TR-03,Entregado
ORD-17552,2026-04-13 17:00:00,2026-04-15 04:00:00,2026-04-16 01:00:00,MED,TR-03,Entregado
ORD-17553,2026-03-31 08:00:00,2026-04-01 16:00:00,2026-04-04 20:00:00,MED,TR-02,Entregado
ORD-17554,2026-06-09 16:00:00,2026-06-10 19:00:00,2026-06-11 17:00:00,BOG,TR-04,Entregado
ORD-17555,2026-05-29 09:00:00,2026-06-01 11:00:00,2026-06-02 12:00:00,BOG,TR-01,Entregado
ORD-17556,2026-03-01 17:00:00,2026-03-03 00:00:00,2026-03-04 00:00:00,BOG,TR-02,Entregado
ORD-17557,2026-05-21 15:00:00,2026-05-22 22:00:00,2026-05-25 03:00:00,CAL,TR-01,Entregado
ORD-17558,2026-01-30 09:00:00,2026-02-02 11:00:00,2026-02-04 09:00:00,BOG,TR-03,Entregado
ORD-17559,2026-03-24 19:00:00,2026-03-26 00:00:00,2026-03-28 05:00:00,CAL,TR-04,Entregado
ORD-17560,2026-04-21 16:00:00,2026-04-22 21:00:00,2026-04-26 17:00:00,BAQ,TR-03,Entregado
ORD-17561,2026-02-19 13:00:00,2026-02-20 18:00:00,2026-02-21 14:00:00,BOG,TR-04,Entregado
ORD-17562,2026-03-17 11:00:00,2026-03-18 16:00:00,2026-03-21 15:00:00,BGA,TR-03,Entregado
ORD-17563,2026-03-28 13:00:00,2026-03-31 16:00:00,2026-04-05 20:00:00,BGA,TR-04,Entregado
ORD-17564,2026-02-27 16:00:00,2026-03-03 22:00:00,2026-03-04 23:00:00,CAL,TR-04,Entregado
ORD-17565,2026-04-04 16:00:00,2026-04-08 20:00:00,2026-04-11 16:00:00,BGA,TR-01,Entregado
ORD-17566,2026-06-13 08:00:00,2026-06-17 11:00:00,2026-06-19 11:00:00,BGA,TR-01,Entregado
ORD-17567,2026-04-08 15:00:00,2026-04-09 22:00:00,2026-04-13 01:00:00,BAQ,TR-02,Entregado
ORD-17568,2026-03-19 17:00:00,2026-03-21 04:00:00,2026-03-24 05:00:00,MED,TR-01,Entregado
ORD-17569,2026-03-13 09:00:00,2026-03-17 17:00:00,2026-03-19 18:00:00,MED,TR-03,Entregado
ORD-17570,2026-04-22 11:00:00,2026-04-23 18:00:00,2026-04-24 14:00:00,BOG,TR-01,Entregado
ORD-17571,2026-02-24 11:00:00,2026-02-25 22:00:00,2026-02-26 19:00:00,BOG,TR-02,Entregado
ORD-17572,2026-05-03 15:00:00,2026-05-04 21:00:00,2026-05-06 22:00:00,BGA,TR-02,Entregado
ORD-17573,2026-06-02 19:00:00,2026-06-03 23:00:00,2026-06-05 00:00:00,BOG,TR-02,Entregado
ORD-17574,2026-01-25 10:00:00,2026-01-26 18:00:00,2026-01-27 19:00:00,MED,TR-03,Entregado
ORD-17575,2026-03-10 13:00:00,2026-03-11 15:00:00,2026-03-12 12:00:00,BOG,TR-01,Entregado
ORD-17576,2026-04-28 17:00:00,2026-04-29 22:00:00,2026-05-01 00:00:00,BOG,TR-02,Entregado
ORD-17577,2026-02-09 13:00:00,2026-02-10 21:00:00,2026-02-12 22:00:00,BOG,TR-02,Entregado
ORD-17578,2026-06-15 11:00:00,2026-06-16 14:00:00,2026-06-17 13:00:00,BGA,TR-03,Entregado
ORD-17579,2026-01-07 15:00:00,2026-01-09 00:00:00,2026-01-11 20:00:00,CAL,TR-03,Entregado
ORD-17580,2026-05-27 14:00:00,2026-05-28 23:00:00,2026-05-31 01:00:00,BGA,TR-01,Entregado
ORD-17581,2026-02-04 15:00:00,2026-02-06 02:00:00,2026-02-11 03:00:00,BGA,TR-04,Entregado
ORD-17582,2026-06-10 08:00:00,2026-06-11 10:00:00,2026-06-12 09:00:00,BOG,TR-04,Entregado
ORD-17583,2026-03-19 13:00:00,2026-03-21 00:00:00,2026-03-24 02:00:00,MED,TR-03,Entregado
ORD-17584,2026-05-18 16:00:00,2026-05-19 21:00:00,2026-05-24 01:00:00,BAQ,TR-04,Entregado
ORD-17585,2026-01-28 11:00:00,2026-01-29 20:00:00,2026-02-01 19:00:00,CAL,TR-01,Entregado
ORD-17586,2026-02-07 19:00:00,2026-02-11 05:00:00,2026-02-13 01:00:00,CAL,TR-03,Entregado
ORD-17587,2026-05-29 19:00:00,2026-06-03 06:00:00,2026-06-04 11:00:00,BOG,TR-01,Entregado
ORD-17588,2026-04-07 13:00:00,2026-04-08 23:00:00,2026-04-11 19:00:00,BGA,TR-02,Entregado
ORD-17589,2026-06-18 19:00:00,2026-06-20 04:00:00,2026-06-21 04:00:00,BOG,TR-04,Entregado
ORD-17590,2026-05-11 18:00:00,2026-05-12 21:00:00,2026-05-15 22:00:00,BAQ,TR-03,Entregado
ORD-17591,2026-02-16 10:00:00,2026-02-17 14:00:00,2026-02-19 11:00:00,MED,TR-04,Entregado
ORD-17592,2026-01-14 09:00:00,2026-01-15 13:00:00,2026-01-17 13:00:00,CAL,TR-01,Entregado
ORD-17593,2026-06-06 11:00:00,2026-06-09 14:00:00,2026-06-10 18:00:00,BOG,TR-03,Entregado
ORD-17594,2026-06-03 10:00:00,2026-06-04 20:00:00,2026-06-05 22:00:00,BOG,TR-04,Entregado
ORD-17595,2026-05-20 09:00:00,2026-05-21 19:00:00,2026-05-24 17:00:00,BAQ,TR-03,Entregado
ORD-17596,2026-05-25 10:00:00,2026-05-26 21:00:00,2026-05-28 21:00:00,BOG,TR-02,Entregado
ORD-17597,2026-01-10 13:00:00,2026-01-15 00:00:00,2026-01-17 00:00:00,BGA,TR-01,Entregado
ORD-17598,2026-06-20 12:00:00,2026-06-23 21:00:00,2026-06-27 00:00:00,MED,TR-03,Entregado
ORD-17599,2026-01-15 10:00:00,2026-01-16 15:00:00,2026-01-17 14:00:00,BOG,TR-01,Entregado
ORD-17600,2026-04-22 12:00:00,2026-04-23 23:00:00,2026-04-25 02:00:00,BOG,TR-02,Entregado
ORD-17601,2026-03-26 12:00:00,2026-03-27 19:00:00,2026-03-29 15:00:00,MED,TR-01,Entregado
ORD-17602,2026-06-21 14:00:00,2026-06-22 22:00:00,2026-06-23 21:00:00,BOG,TR-04,Entregado
ORD-17603,2026-01-05 14:00:00,2026-01-06 16:00:00,2026-01-09 21:00:00,CAL,TR-02,Entregado
ORD-17604,2026-04-27 09:00:00,2026-04-28 14:00:00,2026-05-06 19:00:00,BGA,TR-04,Entregado
ORD-17605,2026-05-29 15:00:00,2026-06-02 19:00:00,2026-06-03 17:00:00,BOG,TR-02,Entregado
ORD-17606,2026-03-15 10:00:00,2026-03-16 13:00:00,2026-03-17 10:00:00,BOG,TR-04,Entregado
ORD-17607,2026-06-18 16:00:00,2026-06-20 00:00:00,2026-06-21 21:00:00,MED,TR-01,Entregado
ORD-17608,2026-01-24 15:00:00,2026-01-27 21:00:00,2026-01-29 23:00:00,BGA,TR-01,Entregado
ORD-17609,2026-06-01 15:00:00,2026-06-02 17:00:00,2026-06-04 15:00:00,BOG,TR-02,Entregado
ORD-17610,2026-02-07 19:00:00,2026-02-11 01:00:00,2026-02-12 06:00:00,BOG,TR-01,Entregado
ORD-17611,2026-06-11 18:00:00,2026-06-13 04:00:00,2026-06-15 00:00:00,BOG,TR-02,Entregado
ORD-17612,2026-04-05 09:00:00,2026-04-06 16:00:00,2026-04-08 19:00:00,MED,TR-01,Entregado
ORD-17613,2026-01-23 19:00:00,2026-01-26 22:00:00,2026-01-28 19:00:00,CAL,TR-01,Entregado
ORD-17614,2026-03-27 18:00:00,2026-03-31 23:00:00,2026-04-03 23:00:00,CAL,TR-02,Entregado
ORD-17615,2026-02-09 16:00:00,2026-02-11 03:00:00,2026-02-12 00:00:00,BOG,TR-02,Entregado
ORD-17616,2026-06-24 14:00:00,2026-06-25 18:00:00,2026-06-26 20:00:00,BOG,TR-04,Entregado
ORD-17617,2026-01-20 08:00:00,2026-01-21 18:00:00,2026-01-22 18:00:00,MED,TR-03,Entregado
ORD-17618,2026-03-09 15:00:00,2026-03-10 21:00:00,2026-03-12 01:00:00,MED,TR-04,Entregado
ORD-17619,2026-02-05 09:00:00,2026-02-06 12:00:00,2026-02-07 09:00:00,BOG,TR-03,Entregado
ORD-17620,2026-01-28 17:00:00,2026-01-30 02:00:00,2026-02-01 03:00:00,MED,TR-04,Entregado
ORD-17621,2026-01-23 11:00:00,2026-01-26 19:00:00,2026-01-28 18:00:00,MED,TR-01,Entregado
ORD-17622,2026-04-01 13:00:00,2026-04-02 23:00:00,2026-04-04 01:00:00,BOG,TR-01,Entregado
ORD-17623,2026-06-12 14:00:00,2026-06-17 00:00:00,2026-06-19 01:00:00,CAL,TR-02,Entregado
ORD-17624,2026-02-07 10:00:00,2026-02-10 18:00:00,2026-02-12 18:00:00,CAL,TR-01,Entregado
ORD-17625,2026-04-04 12:00:00,2026-04-08 20:00:00,2026-04-09 23:00:00,BOG,TR-03,Entregado
ORD-17626,2026-02-07 11:00:00,2026-02-11 20:00:00,2026-02-15 20:00:00,BAQ,TR-02,Entregado
ORD-17627,2026-02-12 14:00:00,2026-02-13 20:00:00,2026-02-16 18:00:00,CAL,TR-01,Entregado
ORD-17628,2026-04-24 11:00:00,2026-04-28 13:00:00,2026-05-01 09:00:00,CAL,TR-02,Entregado
ORD-17629,2026-01-05 11:00:00,2026-01-06 13:00:00,2026-01-07 14:00:00,BGA,TR-03,Entregado
ORD-17630,2026-05-03 16:00:00,2026-05-05 01:00:00,2026-05-12 01:00:00,BGA,TR-04,Entregado
ORD-17631,2026-01-11 09:00:00,2026-01-12 14:00:00,,BOG,TR-01,Devuelto
ORD-17632,2026-05-22 15:00:00,2026-05-26 21:00:00,2026-05-28 00:00:00,BOG,TR-04,Entregado
ORD-17633,2026-06-01 18:00:00,2026-06-03 02:00:00,2026-06-05 07:00:00,BGA,TR-02,Entregado
ORD-17634,2026-06-16 17:00:00,2026-06-18 02:00:00,2026-06-19 07:00:00,BGA,TR-01,Entregado
ORD-17635,2026-06-20 11:00:00,2026-06-24 18:00:00,2026-06-27 20:00:00,MED,TR-02,Entregado
ORD-17636,2026-06-16 17:00:00,2026-06-18 01:00:00,2026-06-22 23:00:00,BGA,TR-04,Entregado
ORD-17637,2026-02-28 13:00:00,2026-03-03 17:00:00,2026-03-05 19:00:00,BOG,TR-02,Entregado
ORD-17638,2026-04-08 15:00:00,2026-04-09 18:00:00,2026-04-12 19:00:00,BGA,TR-03,Entregado
ORD-17639,2026-05-16 18:00:00,2026-05-21 00:00:00,2026-05-23 04:00:00,BOG,TR-01,Entregado
ORD-17640,2026-06-04 16:00:00,2026-06-05 19:00:00,2026-06-07 20:00:00,BOG,TR-01,Entregado
ORD-17641,2026-04-30 16:00:00,2026-05-01 19:00:00,2026-05-03 16:00:00,BOG,TR-03,Entregado
ORD-17642,2026-01-25 13:00:00,2026-01-26 18:00:00,2026-02-02 20:00:00,BGA,TR-04,Entregado
ORD-17643,2026-05-26 19:00:00,2026-05-28 02:00:00,2026-05-29 07:00:00,MED,TR-02,Entregado
ORD-17644,2026-03-28 10:00:00,2026-04-01 14:00:00,2026-04-02 10:00:00,BOG,TR-03,Entregado
ORD-17645,2026-04-19 14:00:00,2026-04-20 17:00:00,2026-04-21 13:00:00,BOG,TR-02,Entregado
ORD-17646,2026-03-30 17:00:00,2026-04-01 01:00:00,2026-04-02 05:00:00,BOG,TR-02,Entregado
ORD-17647,2026-03-15 09:00:00,2026-03-16 16:00:00,2026-03-17 13:00:00,BOG,TR-02,Entregado
ORD-17648,2026-03-18 13:00:00,2026-03-19 16:00:00,2026-03-21 16:00:00,BOG,TR-04,Entregado
ORD-17649,2026-06-06 13:00:00,2026-06-10 23:00:00,2026-06-12 22:00:00,BAQ,TR-04,Entregado
ORD-17650,2026-06-18 16:00:00,2026-06-19 23:00:00,2026-06-23 00:00:00,MED,TR-04,Entregado
ORD-17651,2026-06-14 12:00:00,2026-06-15 23:00:00,2026-06-18 19:00:00,BGA,TR-03,Entregado
ORD-17652,2026-03-14 15:00:00,2026-03-17 18:00:00,2026-03-18 19:00:00,BOG,TR-01,Entregado
ORD-17653,2026-06-16 15:00:00,2026-06-18 02:00:00,2026-06-19 22:00:00,MED,TR-02,Entregado
ORD-17654,2026-02-23 10:00:00,2026-02-24 19:00:00,2026-02-25 23:00:00,BOG,TR-04,Entregado
ORD-17655,2026-04-21 15:00:00,2026-04-23 02:00:00,2026-04-25 00:00:00,CAL,TR-03,Entregado
ORD-17656,2026-06-10 14:00:00,2026-06-11 20:00:00,2026-06-12 16:00:00,BOG,TR-04,Entregado
ORD-17657,2026-01-19 09:00:00,2026-01-20 19:00:00,2026-01-23 15:00:00,BGA,TR-02,Entregado
ORD-17658,2026-02-19 15:00:00,2026-02-20 19:00:00,2026-02-23 17:00:00,BAQ,TR-03,Entregado
ORD-17659,2026-03-24 10:00:00,2026-03-25 19:00:00,2026-03-26 16:00:00,BOG,TR-01,Entregado
ORD-17660,2026-02-23 18:00:00,2026-02-25 05:00:00,2026-02-27 04:00:00,MED,TR-02,Entregado
ORD-17661,2026-03-31 08:00:00,2026-04-01 16:00:00,2026-04-03 18:00:00,BAQ,TR-01,Entregado
ORD-17662,2026-04-28 19:00:00,2026-04-30 03:00:00,2026-05-02 04:00:00,MED,TR-01,Entregado
ORD-17663,2026-01-19 18:00:00,2026-01-20 22:00:00,2026-01-21 20:00:00,BGA,TR-03,Entregado
ORD-17664,2026-06-25 11:00:00,2026-06-26 14:00:00,2026-07-02 10:00:00,BAQ,TR-02,Entregado
ORD-17665,2026-05-27 08:00:00,2026-05-28 17:00:00,2026-05-31 18:00:00,MED,TR-04,Entregado
ORD-17666,2026-06-28 14:00:00,2026-06-30 00:00:00,2026-07-03 05:00:00,MED,TR-03,Entregado
ORD-17667,2026-06-06 14:00:00,2026-06-10 19:00:00,2026-06-11 19:00:00,BOG,TR-02,Entregado
ORD-17668,2026-06-20 12:00:00,2026-06-23 22:00:00,2026-06-24 19:00:00,BOG,TR-04,Entregado
ORD-17669,2026-04-04 08:00:00,2026-04-08 15:00:00,2026-04-09 18:00:00,BGA,TR-01,Entregado
ORD-17670,2026-04-17 15:00:00,2026-04-20 20:00:00,2026-04-21 23:00:00,MED,TR-03,Entregado
ORD-17671,2026-05-16 17:00:00,2026-05-21 00:00:00,2026-05-24 02:00:00,BGA,TR-03,Entregado
ORD-17672,2026-02-11 17:00:00,2026-02-12 20:00:00,2026-02-13 17:00:00,BOG,TR-01,Entregado
ORD-17673,2026-01-18 17:00:00,2026-01-19 21:00:00,2026-01-22 20:00:00,BAQ,TR-04,Entregado
ORD-17674,2026-02-20 11:00:00,2026-02-23 21:00:00,2026-02-24 21:00:00,BOG,TR-01,Entregado
ORD-17675,2026-04-23 11:00:00,2026-04-24 18:00:00,2026-04-25 14:00:00,MED,TR-04,Entregado
ORD-17676,2026-05-24 12:00:00,2026-05-25 23:00:00,2026-05-26 23:00:00,BOG,TR-02,Entregado
ORD-17677,2026-01-03 18:00:00,2026-01-08 04:00:00,2026-01-10 04:00:00,BOG,TR-04,Entregado
ORD-17678,2026-03-20 17:00:00,2026-03-24 22:00:00,2026-03-25 22:00:00,CAL,TR-02,Entregado
ORD-17679,2026-04-08 13:00:00,2026-04-09 16:00:00,,MED,TR-02,Perdido
ORD-17680,2026-01-23 18:00:00,2026-01-27 02:00:00,2026-01-27 23:00:00,MED,TR-04,Entregado
ORD-17681,2026-04-23 11:00:00,2026-04-24 13:00:00,2026-04-28 15:00:00,BAQ,TR-02,Entregado
ORD-17682,2026-02-23 16:00:00,2026-02-25 01:00:00,2026-02-26 00:00:00,MED,TR-01,Entregado
ORD-17683,2026-05-31 19:00:00,2026-06-02 00:00:00,2026-06-03 22:00:00,MED,TR-03,Entregado
ORD-17684,2026-03-14 15:00:00,2026-03-18 22:00:00,2026-03-20 23:00:00,MED,TR-01,Entregado
ORD-17685,2026-02-24 12:00:00,2026-02-25 20:00:00,2026-02-26 17:00:00,MED,TR-01,Entregado
ORD-17686,2026-03-04 15:00:00,2026-03-05 20:00:00,2026-03-07 00:00:00,BGA,TR-02,Entregado
ORD-17687,2026-02-24 16:00:00,2026-02-26 03:00:00,2026-03-01 01:00:00,CAL,TR-03,Entregado
ORD-17688,2026-01-26 08:00:00,2026-01-27 11:00:00,2026-01-29 12:00:00,BOG,TR-03,Entregado
ORD-17689,2026-03-04 16:00:00,2026-03-06 03:00:00,2026-03-09 02:00:00,BAQ,TR-01,Entregado
ORD-17690,2026-03-20 14:00:00,2026-03-24 16:00:00,2026-03-26 17:00:00,BOG,TR-04,Entregado
ORD-17691,2026-03-06 12:00:00,2026-03-10 16:00:00,2026-03-12 14:00:00,BGA,TR-03,Entregado
ORD-17692,2026-01-09 19:00:00,2026-01-13 21:00:00,2026-01-16 18:00:00,BGA,TR-01,Entregado
ORD-17693,2026-06-05 17:00:00,2026-06-09 04:00:00,2026-06-11 02:00:00,BOG,TR-02,Entregado
ORD-17694,2026-01-28 15:00:00,2026-01-29 17:00:00,2026-01-31 19:00:00,BOG,TR-01,Entregado
ORD-17695,2026-05-23 13:00:00,2026-05-26 16:00:00,2026-05-28 18:00:00,BOG,TR-03,Entregado
ORD-17696,2026-01-27 13:00:00,2026-01-28 16:00:00,2026-01-31 18:00:00,MED,TR-03,Entregado
ORD-17697,2026-03-26 09:00:00,2026-03-27 15:00:00,2026-03-29 17:00:00,BOG,TR-04,Entregado
ORD-17698,2026-04-09 10:00:00,2026-04-10 12:00:00,2026-04-11 13:00:00,BOG,TR-01,Entregado
ORD-17699,2026-01-12 18:00:00,2026-01-14 03:00:00,2026-01-16 08:00:00,BOG,TR-04,Entregado
ORD-17700,2026-01-30 12:00:00,2026-02-02 18:00:00,2026-02-03 14:00:00,BOG,TR-01,Entregado
ORD-17701,2026-02-07 12:00:00,2026-02-10 20:00:00,2026-02-12 23:00:00,MED,TR-04,Entregado
ORD-17702,2026-03-01 13:00:00,2026-03-02 23:00:00,2026-03-03 21:00:00,BOG,TR-01,Entregado
ORD-17703,2026-04-14 09:00:00,2026-04-15 12:00:00,2026-04-16 15:00:00,BOG,TR-02,Entregado
ORD-17704,2026-06-29 13:00:00,2026-06-30 22:00:00,2026-07-03 02:00:00,BGA,TR-02,Entregado
ORD-17705,2026-01-21 08:00:00,2026-01-22 14:00:00,2026-01-23 15:00:00,BOG,TR-04,Entregado
ORD-17706,2026-05-26 16:00:00,2026-05-27 20:00:00,2026-05-31 01:00:00,BAQ,TR-01,Entregado
ORD-17707,2026-04-29 12:00:00,2026-04-30 17:00:00,2026-05-01 21:00:00,BOG,TR-01,Entregado
ORD-17708,2026-03-01 13:00:00,2026-03-03 00:00:00,2026-03-03 21:00:00,BOG,TR-03,Entregado
ORD-17709,2026-05-20 18:00:00,2026-05-22 00:00:00,2026-05-25 02:00:00,MED,TR-03,Entregado
ORD-17710,2026-04-23 11:00:00,2026-04-24 13:00:00,2026-04-26 13:00:00,CAL,TR-02,Entregado
ORD-17711,2026-05-09 17:00:00,2026-05-12 22:00:00,2026-05-15 01:00:00,CAL,TR-03,Entregado
ORD-17712,2026-01-03 12:00:00,2026-01-06 20:00:00,2026-01-08 19:00:00,MED,TR-04,Entregado
ORD-17713,2026-01-23 16:00:00,2026-01-26 21:00:00,2026-02-01 01:00:00,BGA,TR-04,Entregado
ORD-17714,2026-03-24 14:00:00,2026-03-25 21:00:00,2026-03-27 00:00:00,MED,TR-03,Entregado
ORD-17715,2026-04-20 11:00:00,2026-04-21 14:00:00,2026-04-22 16:00:00,BOG,TR-01,Entregado
ORD-17716,2026-05-27 14:00:00,2026-05-28 23:00:00,2026-05-29 22:00:00,BOG,TR-02,Entregado
ORD-17717,2026-06-16 11:00:00,2026-06-17 16:00:00,2026-06-19 18:00:00,BAQ,TR-01,Entregado
ORD-17718,2026-01-27 09:00:00,2026-01-28 17:00:00,2026-01-30 20:00:00,BOG,TR-03,Entregado
ORD-17719,2026-02-02 19:00:00,2026-02-04 02:00:00,2026-02-07 05:00:00,CAL,TR-02,Entregado
ORD-17720,2026-04-06 09:00:00,2026-04-07 18:00:00,2026-04-08 22:00:00,BOG,TR-02,Entregado
ORD-17721,2026-05-28 15:00:00,2026-05-30 00:00:00,2026-05-30 23:00:00,BOG,TR-02,Entregado
ORD-17722,2026-04-05 17:00:00,2026-04-06 22:00:00,2026-04-07 20:00:00,BOG,TR-04,Entregado
ORD-17723,2026-06-08 13:00:00,2026-06-09 18:00:00,2026-06-10 16:00:00,BOG,TR-01,Entregado
ORD-17724,2026-06-22 16:00:00,2026-06-24 00:00:00,2026-06-27 04:00:00,MED,TR-02,Entregado
ORD-17725,2026-05-17 11:00:00,2026-05-18 15:00:00,2026-05-19 19:00:00,BOG,TR-03,Entregado
ORD-17726,2026-05-17 13:00:00,2026-05-18 15:00:00,2026-05-20 13:00:00,BGA,TR-01,Entregado
ORD-17727,2026-01-16 09:00:00,2026-01-20 17:00:00,2026-01-21 18:00:00,MED,TR-04,Entregado
ORD-17728,2026-05-22 18:00:00,2026-05-26 04:00:00,2026-06-01 04:00:00,BGA,TR-04,Entregado
ORD-17729,2026-02-07 09:00:00,2026-02-10 16:00:00,2026-02-11 13:00:00,BOG,TR-03,Entregado
ORD-17730,2026-05-16 11:00:00,2026-05-19 17:00:00,2026-05-22 19:00:00,BGA,TR-01,Entregado
ORD-17731,2026-01-21 15:00:00,2026-01-22 22:00:00,2026-01-25 01:00:00,BOG,TR-01,Entregado
ORD-17732,2026-02-15 18:00:00,2026-02-16 21:00:00,2026-02-18 23:00:00,MED,TR-02,Entregado
ORD-17733,2026-04-30 19:00:00,2026-05-02 02:00:00,2026-05-03 03:00:00,BOG,TR-04,Entregado
ORD-17734,2026-02-15 19:00:00,2026-02-16 21:00:00,2026-02-18 19:00:00,BGA,TR-01,Entregado
ORD-17735,2026-02-17 13:00:00,2026-02-18 21:00:00,2026-02-20 18:00:00,BOG,TR-04,Entregado
ORD-17736,2026-03-25 08:00:00,2026-03-26 16:00:00,2026-03-27 20:00:00,MED,TR-03,Entregado
ORD-17737,2026-06-21 14:00:00,2026-06-22 21:00:00,2026-06-25 22:00:00,MED,TR-04,Entregado
ORD-17738,2026-01-08 16:00:00,2026-01-10 03:00:00,2026-01-11 04:00:00,MED,TR-04,Entregado
ORD-17739,2026-05-10 08:00:00,2026-05-11 12:00:00,2026-05-14 10:00:00,CAL,TR-03,Entregado
ORD-17740,2026-02-21 12:00:00,2026-02-24 20:00:00,2026-02-26 16:00:00,BAQ,TR-01,Entregado
ORD-17741,2026-06-19 19:00:00,2026-06-23 00:00:00,,MED,TR-01,Devuelto
ORD-17742,2026-04-27 13:00:00,2026-04-28 22:00:00,2026-04-29 23:00:00,MED,TR-02,Entregado
ORD-17743,2026-04-09 19:00:00,2026-04-11 02:00:00,2026-04-14 07:00:00,BGA,TR-03,Entregado
ORD-17744,2026-01-06 11:00:00,2026-01-07 18:00:00,2026-01-09 17:00:00,BGA,TR-01,Entregado
ORD-17745,2026-06-28 12:00:00,2026-06-29 17:00:00,2026-07-02 17:00:00,MED,TR-02,Entregado
ORD-17746,2026-06-12 17:00:00,2026-06-17 00:00:00,2026-06-24 01:00:00,BGA,TR-04,Entregado
ORD-17747,2026-05-14 18:00:00,2026-05-15 21:00:00,2026-05-18 02:00:00,MED,TR-01,Entregado
ORD-17748,2026-01-30 11:00:00,2026-02-03 21:00:00,2026-02-04 22:00:00,BOG,TR-03,Entregado
ORD-17749,2026-04-10 09:00:00,2026-04-14 11:00:00,,BGA,TR-03,Perdido
ORD-17750,2026-02-27 11:00:00,2026-03-02 20:00:00,2026-03-04 19:00:00,BOG,TR-04,Entregado
ORD-17751,2026-03-13 17:00:00,2026-03-16 21:00:00,2026-03-18 22:00:00,MED,TR-01,Entregado
ORD-17752,2026-05-17 08:00:00,2026-05-18 18:00:00,2026-05-21 22:00:00,MED,TR-01,Entregado
ORD-17753,2026-03-18 09:00:00,2026-03-19 11:00:00,2026-03-22 11:00:00,MED,TR-03,Entregado
ORD-17754,2026-02-01 09:00:00,2026-02-02 20:00:00,2026-02-04 21:00:00,CAL,TR-04,Entregado
ORD-17755,2026-02-12 13:00:00,2026-02-13 16:00:00,2026-02-15 13:00:00,MED,TR-01,Entregado
ORD-17756,2026-02-16 14:00:00,2026-02-17 19:00:00,2026-02-20 22:00:00,MED,TR-01,Entregado
ORD-17757,2026-06-06 10:00:00,2026-06-10 13:00:00,2026-06-12 12:00:00,BAQ,TR-02,Entregado
ORD-17758,2026-04-01 16:00:00,2026-04-02 21:00:00,2026-04-08 22:00:00,BGA,TR-04,Entregado
ORD-17759,2026-04-11 12:00:00,2026-04-15 20:00:00,2026-04-17 00:00:00,BOG,TR-04,Entregado
ORD-17760,2026-04-17 19:00:00,2026-04-22 06:00:00,2026-04-23 06:00:00,MED,TR-03,Entregado
ORD-17761,2026-02-21 16:00:00,2026-02-26 02:00:00,2026-02-27 04:00:00,BOG,TR-03,Entregado
ORD-17762,2026-01-28 11:00:00,2026-01-29 22:00:00,2026-01-30 22:00:00,BOG,TR-04,Entregado
ORD-17763,2026-04-26 09:00:00,2026-04-27 12:00:00,2026-04-29 17:00:00,BGA,TR-02,Entregado
ORD-17764,2026-03-30 10:00:00,2026-03-31 20:00:00,2026-04-01 20:00:00,CAL,TR-02,Entregado
ORD-17765,2026-03-19 14:00:00,2026-03-20 16:00:00,2026-03-21 19:00:00,BOG,TR-04,Entregado
ORD-17766,2026-03-31 15:00:00,2026-04-01 17:00:00,2026-04-03 19:00:00,CAL,TR-03,Entregado
ORD-17767,2026-01-15 14:00:00,2026-01-17 01:00:00,2026-01-19 06:00:00,BGA,TR-02,Entregado
ORD-17768,2026-01-17 13:00:00,2026-01-21 20:00:00,2026-01-23 01:00:00,BOG,TR-03,Entregado
ORD-17769,2026-04-28 19:00:00,2026-04-29 23:00:00,2026-05-01 23:00:00,BOG,TR-03,Entregado
ORD-17770,2026-02-25 12:00:00,2026-02-26 18:00:00,2026-02-28 14:00:00,CAL,TR-04,Entregado
ORD-17771,2026-01-16 12:00:00,2026-01-19 16:00:00,2026-01-21 19:00:00,BOG,TR-01,Entregado
ORD-17772,2026-01-02 11:00:00,2026-01-06 19:00:00,2026-01-07 22:00:00,BOG,TR-02,Entregado
ORD-17773,2026-04-02 16:00:00,2026-04-04 03:00:00,2026-04-05 01:00:00,BOG,TR-02,Entregado
ORD-17774,2026-04-15 13:00:00,2026-04-17 00:00:00,2026-04-19 02:00:00,MED,TR-02,Entregado
ORD-17775,2026-06-04 16:00:00,2026-06-06 02:00:00,2026-06-09 01:00:00,BGA,TR-01,Entregado
ORD-17776,2026-06-13 18:00:00,2026-06-16 23:00:00,2026-06-19 21:00:00,MED,TR-01,Entregado
ORD-17777,2026-03-06 09:00:00,2026-03-09 12:00:00,2026-03-12 14:00:00,MED,TR-02,Entregado
ORD-17778,2026-01-01 15:00:00,2026-01-02 18:00:00,2026-01-03 16:00:00,MED,TR-04,Entregado
ORD-17779,2026-05-24 17:00:00,2026-05-25 21:00:00,2026-05-27 23:00:00,MED,TR-03,Entregado
ORD-17780,2026-01-28 13:00:00,2026-01-29 22:00:00,2026-01-30 22:00:00,MED,TR-01,Entregado
ORD-17781,2026-03-23 13:00:00,2026-03-24 18:00:00,2026-03-26 23:00:00,BGA,TR-01,Entregado
ORD-17782,2026-02-10 19:00:00,2026-02-11 22:00:00,2026-02-12 21:00:00,MED,TR-01,Entregado
ORD-17783,2026-05-27 16:00:00,2026-05-29 00:00:00,2026-05-31 03:00:00,MED,TR-01,Entregado
ORD-17784,2026-06-27 18:00:00,2026-07-02 05:00:00,2026-07-03 03:00:00,BOG,TR-04,Entregado
ORD-17785,2026-03-10 18:00:00,2026-03-11 20:00:00,2026-03-13 17:00:00,BGA,TR-01,Entregado
ORD-17786,2026-06-11 14:00:00,2026-06-12 21:00:00,2026-06-13 20:00:00,BOG,TR-04,Entregado
ORD-17787,2026-05-03 17:00:00,2026-05-05 04:00:00,2026-05-07 06:00:00,MED,TR-01,Entregado
ORD-17788,2026-01-07 19:00:00,2026-01-08 21:00:00,2026-01-11 01:00:00,BOG,TR-04,Entregado
ORD-17789,2026-04-11 11:00:00,2026-04-15 17:00:00,2026-04-18 22:00:00,MED,TR-04,Entregado
ORD-17790,2026-02-21 17:00:00,2026-02-25 20:00:00,2026-02-27 19:00:00,BGA,TR-03,Entregado
ORD-17791,2026-01-24 17:00:00,2026-01-29 01:00:00,2026-01-30 05:00:00,BOG,TR-03,Entregado
ORD-17792,2026-05-05 17:00:00,2026-05-06 20:00:00,2026-05-08 22:00:00,MED,TR-01,Entregado
ORD-17793,2026-03-31 17:00:00,2026-04-02 03:00:00,2026-04-06 06:00:00,BAQ,TR-03,Entregado
ORD-17794,2026-01-10 08:00:00,2026-01-14 14:00:00,2026-01-15 16:00:00,MED,TR-03,Entregado
ORD-17795,2026-01-02 18:00:00,2026-01-06 01:00:00,2026-01-07 21:00:00,BGA,TR-02,Entregado
ORD-17796,2026-03-12 17:00:00,2026-03-13 19:00:00,2026-03-16 18:00:00,CAL,TR-01,Entregado
ORD-17797,2026-04-28 16:00:00,2026-04-29 19:00:00,2026-05-02 18:00:00,BGA,TR-03,Entregado
ORD-17798,2026-03-27 14:00:00,2026-03-31 00:00:00,2026-04-02 01:00:00,BGA,TR-03,Entregado
ORD-17799,2026-03-14 18:00:00,2026-03-18 05:00:00,2026-03-20 05:00:00,CAL,TR-04,Entregado
ORD-17800,2026-04-03 08:00:00,2026-04-06 19:00:00,2026-04-08 19:00:00,BAQ,TR-03,Entregado
ORD-17801,2026-03-25 14:00:00,2026-03-27 01:00:00,2026-03-29 22:00:00,BGA,TR-03,Entregado
ORD-17802,2026-02-12 15:00:00,2026-02-13 20:00:00,2026-02-14 21:00:00,BOG,TR-04,Entregado
ORD-17803,2026-01-07 19:00:00,2026-01-09 00:00:00,2026-01-11 21:00:00,MED,TR-02,Entregado
ORD-17804,2026-03-24 11:00:00,2026-03-25 15:00:00,2026-03-26 11:00:00,BOG,TR-04,Entregado
ORD-17805,2026-02-13 14:00:00,2026-02-17 21:00:00,2026-02-18 17:00:00,BOG,TR-04,Entregado
ORD-17806,2026-02-09 14:00:00,2026-02-10 19:00:00,2026-02-12 16:00:00,CAL,TR-04,Entregado
ORD-17807,2026-01-25 16:00:00,2026-01-26 22:00:00,2026-01-27 20:00:00,MED,TR-01,Entregado
ORD-17808,2026-02-28 14:00:00,2026-03-03 20:00:00,2026-03-05 00:00:00,BOG,TR-04,Entregado
ORD-17809,2026-03-27 08:00:00,2026-03-31 15:00:00,2026-04-01 12:00:00,MED,TR-04,Entregado
ORD-17810,2026-04-22 13:00:00,2026-04-23 15:00:00,2026-04-24 15:00:00,BGA,TR-01,Entregado
ORD-17811,2026-04-08 15:00:00,2026-04-09 22:00:00,2026-04-12 22:00:00,BGA,TR-01,Entregado
ORD-17812,2026-04-23 09:00:00,2026-04-24 17:00:00,2026-04-26 18:00:00,CAL,TR-04,Entregado
ORD-17813,2026-03-01 13:00:00,2026-03-02 19:00:00,2026-03-03 17:00:00,MED,TR-04,Entregado
ORD-17814,2026-03-01 17:00:00,2026-03-02 21:00:00,2026-03-03 22:00:00,BOG,TR-03,Entregado
ORD-17815,2026-01-02 09:00:00,2026-01-06 15:00:00,2026-01-07 14:00:00,BOG,TR-04,Entregado
ORD-17816,2026-04-01 14:00:00,2026-04-02 20:00:00,2026-04-04 21:00:00,MED,TR-04,Entregado
ORD-17817,2026-02-25 19:00:00,2026-02-26 22:00:00,2026-02-28 20:00:00,BOG,TR-04,Entregado
ORD-17818,2026-02-24 19:00:00,2026-02-26 06:00:00,2026-03-04 09:00:00,BGA,TR-04,Entregado
ORD-17819,2026-04-20 16:00:00,2026-04-22 03:00:00,2026-04-24 04:00:00,CAL,TR-01,Entregado
ORD-17820,2026-01-04 17:00:00,2026-01-06 00:00:00,2026-01-08 20:00:00,BAQ,TR-01,Entregado
ORD-17821,2026-02-05 09:00:00,2026-02-06 20:00:00,2026-02-08 22:00:00,BGA,TR-02,Entregado
ORD-17822,2026-05-11 08:00:00,2026-05-12 16:00:00,2026-05-14 16:00:00,CAL,TR-01,Entregado
ORD-17823,2026-01-17 14:00:00,2026-01-20 17:00:00,2026-01-23 15:00:00,MED,TR-03,Entregado
ORD-17824,2026-03-03 12:00:00,2026-03-04 23:00:00,,CAL,TR-03,Devuelto
ORD-17825,2026-05-27 14:00:00,2026-05-29 00:00:00,2026-06-01 05:00:00,BAQ,TR-03,Entregado
ORD-17826,2026-04-20 09:00:00,2026-04-21 17:00:00,2026-04-22 18:00:00,BOG,TR-02,Entregado
ORD-17827,2026-06-26 15:00:00,2026-06-30 21:00:00,2026-07-02 17:00:00,BOG,TR-03,Entregado
ORD-17828,2026-06-24 14:00:00,2026-06-25 17:00:00,2026-06-26 17:00:00,BOG,TR-01,Entregado
ORD-17829,2026-04-01 16:00:00,2026-04-03 03:00:00,2026-04-04 03:00:00,MED,TR-03,Entregado
ORD-17830,2026-04-24 09:00:00,2026-04-27 15:00:00,2026-04-29 18:00:00,MED,TR-01,Entregado
ORD-17831,2026-03-30 17:00:00,2026-03-31 22:00:00,2026-04-01 20:00:00,BOG,TR-02,Entregado
ORD-17832,2026-02-25 16:00:00,2026-02-26 23:00:00,2026-03-04 23:00:00,BGA,TR-04,Entregado
ORD-17833,2026-05-12 09:00:00,2026-05-13 13:00:00,2026-05-14 17:00:00,MED,TR-02,Entregado
ORD-17834,2026-03-19 17:00:00,2026-03-20 23:00:00,,CAL,TR-02,Devuelto
ORD-17835,2026-04-16 11:00:00,2026-04-17 18:00:00,2026-04-21 22:00:00,BAQ,TR-04,Entregado
ORD-17836,2026-03-15 17:00:00,2026-03-17 04:00:00,2026-03-20 00:00:00,MED,TR-04,Entregado
ORD-17837,2026-05-03 15:00:00,2026-05-04 17:00:00,2026-05-06 22:00:00,MED,TR-02,Entregado
ORD-17838,2026-02-03 19:00:00,2026-02-04 21:00:00,2026-02-05 21:00:00,BOG,TR-01,Entregado
ORD-17839,2026-06-04 15:00:00,2026-06-05 18:00:00,2026-06-07 15:00:00,MED,TR-03,Entregado
ORD-17840,2026-05-07 08:00:00,2026-05-08 13:00:00,2026-05-11 10:00:00,MED,TR-02,Entregado
ORD-17841,2026-03-12 16:00:00,2026-03-14 02:00:00,2026-03-16 03:00:00,CAL,TR-02,Entregado
ORD-17842,2026-05-24 12:00:00,2026-05-25 15:00:00,2026-05-26 13:00:00,BOG,TR-02,Entregado
ORD-17843,2026-04-08 19:00:00,2026-04-09 21:00:00,2026-04-13 02:00:00,MED,TR-03,Entregado
ORD-17844,2026-05-31 18:00:00,2026-06-02 04:00:00,2026-06-04 03:00:00,MED,TR-03,Entregado
ORD-17845,2026-04-24 16:00:00,2026-04-28 02:00:00,2026-05-03 23:00:00,BAQ,TR-02,Entregado
ORD-17846,2026-06-28 15:00:00,2026-06-29 20:00:00,2026-06-30 23:00:00,BOG,TR-03,Entregado
ORD-17847,2026-05-19 11:00:00,2026-05-20 15:00:00,2026-05-21 12:00:00,BOG,TR-04,Entregado
ORD-17848,2026-01-17 12:00:00,2026-01-21 14:00:00,2026-01-22 14:00:00,BOG,TR-03,Entregado
ORD-17849,2026-01-13 18:00:00,2026-01-15 02:00:00,2026-01-15 22:00:00,BOG,TR-03,Entregado
ORD-17850,2026-03-25 08:00:00,2026-03-26 13:00:00,2026-03-29 18:00:00,MED,TR-04,Entregado
ORD-17851,2026-04-16 15:00:00,2026-04-18 02:00:00,2026-04-19 00:00:00,MED,TR-04,Entregado
ORD-17852,2026-02-25 15:00:00,2026-02-26 21:00:00,2026-03-01 02:00:00,CAL,TR-04,Entregado
ORD-17853,2026-03-24 13:00:00,2026-03-25 19:00:00,2026-03-26 16:00:00,CAL,TR-01,Entregado
ORD-17854,2026-02-13 19:00:00,2026-02-18 00:00:00,2026-02-20 04:00:00,MED,TR-04,Entregado
ORD-17855,2026-04-13 16:00:00,2026-04-15 02:00:00,2026-04-17 05:00:00,BAQ,TR-04,Entregado
ORD-17856,2026-05-29 16:00:00,2026-06-02 01:00:00,2026-06-04 01:00:00,MED,TR-01,Entregado
ORD-17857,2026-02-11 17:00:00,2026-02-13 04:00:00,2026-02-15 02:00:00,BAQ,TR-04,Entregado
ORD-17858,2026-06-06 08:00:00,2026-06-09 11:00:00,2026-06-11 11:00:00,BOG,TR-03,Entregado
ORD-17859,2026-05-25 17:00:00,2026-05-27 03:00:00,2026-05-29 07:00:00,CAL,TR-01,Entregado
ORD-17860,2026-05-05 10:00:00,2026-05-06 15:00:00,2026-05-07 19:00:00,MED,TR-04,Entregado
ORD-17861,2026-02-22 12:00:00,2026-02-23 14:00:00,2026-02-25 18:00:00,CAL,TR-04,Entregado
ORD-17862,2026-01-17 15:00:00,2026-01-22 00:00:00,2026-01-23 00:00:00,BOG,TR-01,Entregado
ORD-17863,2026-04-15 15:00:00,2026-04-16 21:00:00,2026-04-18 21:00:00,BOG,TR-02,Entregado
ORD-17864,2026-06-22 08:00:00,2026-06-23 10:00:00,2026-06-26 12:00:00,BGA,TR-03,Entregado
ORD-17865,2026-05-27 19:00:00,2026-05-28 22:00:00,2026-05-31 00:00:00,BAQ,TR-02,Entregado
ORD-17866,2026-03-22 08:00:00,2026-03-23 11:00:00,2026-03-24 12:00:00,MED,TR-03,Entregado
ORD-17867,2026-02-06 16:00:00,2026-02-10 23:00:00,2026-02-15 03:00:00,BAQ,TR-02,Entregado
ORD-17868,2026-03-11 17:00:00,2026-03-13 01:00:00,2026-03-13 23:00:00,MED,TR-04,Entregado
ORD-17869,2026-05-10 18:00:00,2026-05-12 03:00:00,,CAL,TR-01,Devuelto
ORD-17870,2026-04-28 12:00:00,2026-04-29 20:00:00,2026-04-30 23:00:00,MED,TR-02,Entregado
ORD-17871,2026-02-06 19:00:00,2026-02-11 04:00:00,2026-02-14 03:00:00,MED,TR-03,Entregado
ORD-17872,2026-04-09 13:00:00,2026-04-10 17:00:00,2026-04-13 19:00:00,BAQ,TR-01,Entregado
ORD-17873,2026-01-15 11:00:00,2026-01-16 22:00:00,2026-01-20 02:00:00,MED,TR-04,Entregado
ORD-17874,2026-03-18 19:00:00,2026-03-20 06:00:00,2026-03-23 11:00:00,CAL,TR-03,Entregado
ORD-17875,2026-06-19 09:00:00,2026-06-23 11:00:00,2026-06-25 11:00:00,MED,TR-02,Entregado
ORD-17876,2026-03-05 10:00:00,2026-03-06 18:00:00,2026-03-07 18:00:00,BOG,TR-02,Entregado
ORD-17877,2026-01-09 18:00:00,2026-01-13 03:00:00,2026-01-15 08:00:00,BOG,TR-03,Entregado
ORD-17878,2026-06-02 13:00:00,2026-06-03 17:00:00,2026-06-06 20:00:00,BAQ,TR-04,Entregado
ORD-17879,2026-02-11 17:00:00,2026-02-12 23:00:00,2026-02-14 03:00:00,BOG,TR-03,Entregado
ORD-17880,2026-06-23 16:00:00,2026-06-25 03:00:00,2026-06-30 06:00:00,BGA,TR-04,Entregado
ORD-17881,2026-03-25 18:00:00,2026-03-27 03:00:00,2026-03-29 03:00:00,CAL,TR-01,Entregado
ORD-17882,2026-01-21 17:00:00,2026-01-22 23:00:00,2026-01-24 23:00:00,BAQ,TR-04,Entregado
ORD-17883,2026-05-30 16:00:00,2026-06-03 20:00:00,2026-06-06 21:00:00,BAQ,TR-01,Entregado
ORD-17884,2026-03-02 12:00:00,2026-03-03 14:00:00,2026-03-04 17:00:00,BOG,TR-03,Entregado
ORD-17885,2026-06-17 18:00:00,2026-06-19 04:00:00,2026-06-20 01:00:00,BOG,TR-01,Entregado
ORD-17886,2026-05-09 12:00:00,2026-05-12 18:00:00,2026-05-14 16:00:00,BGA,TR-02,Entregado
ORD-17887,2026-04-16 08:00:00,2026-04-17 14:00:00,2026-04-19 10:00:00,CAL,TR-01,Entregado
ORD-17888,2026-05-02 13:00:00,2026-05-06 16:00:00,2026-05-09 12:00:00,BAQ,TR-04,Entregado
ORD-17889,2026-04-13 19:00:00,2026-04-15 02:00:00,2026-04-17 06:00:00,BOG,TR-01,Entregado
ORD-17890,2026-02-15 12:00:00,2026-02-16 20:00:00,2026-02-19 18:00:00,CAL,TR-02,Entregado
ORD-17891,2026-04-23 13:00:00,2026-04-24 18:00:00,2026-04-26 15:00:00,MED,TR-04,Entregado
ORD-17892,2026-03-11 18:00:00,2026-03-12 23:00:00,2026-03-15 21:00:00,CAL,TR-04,Entregado
ORD-17893,2026-05-18 14:00:00,2026-05-19 16:00:00,2026-05-22 19:00:00,CAL,TR-04,Entregado
ORD-17894,2026-04-08 19:00:00,2026-04-10 01:00:00,2026-04-12 21:00:00,MED,TR-02,Entregado
ORD-17895,2026-04-18 13:00:00,2026-04-22 16:00:00,2026-04-23 15:00:00,MED,TR-03,Entregado
ORD-17896,2026-03-08 09:00:00,2026-03-09 16:00:00,2026-03-10 16:00:00,BOG,TR-02,Entregado
ORD-17897,2026-02-21 12:00:00,2026-02-24 23:00:00,,BOG,TR-02,Perdido
ORD-17898,2026-05-19 17:00:00,2026-05-20 21:00:00,2026-05-23 00:00:00,BAQ,TR-03,Entregado
ORD-17899,2026-01-25 10:00:00,2026-01-26 14:00:00,2026-01-28 14:00:00,BOG,TR-04,Entregado
ORD-17900,2026-06-12 13:00:00,2026-06-15 17:00:00,2026-06-17 16:00:00,CAL,TR-04,Entregado
ORD-17901,2026-06-14 13:00:00,2026-06-15 20:00:00,2026-06-17 00:00:00,BOG,TR-02,Entregado
ORD-17902,2026-04-06 10:00:00,2026-04-07 21:00:00,2026-04-09 19:00:00,CAL,TR-03,Entregado
ORD-17903,2026-04-27 15:00:00,2026-04-28 23:00:00,2026-04-29 23:00:00,BOG,TR-01,Entregado
ORD-17904,2026-01-20 17:00:00,2026-01-21 21:00:00,2026-01-23 18:00:00,MED,TR-02,Entregado
ORD-17905,2026-01-04 09:00:00,2026-01-05 19:00:00,2026-01-07 15:00:00,MED,TR-04,Entregado
ORD-17906,2026-02-20 11:00:00,2026-02-23 19:00:00,2026-02-26 20:00:00,CAL,TR-04,Entregado
ORD-17907,2026-01-20 17:00:00,2026-01-22 01:00:00,2026-01-23 03:00:00,BOG,TR-02,Entregado
ORD-17908,2026-05-17 17:00:00,2026-05-19 00:00:00,2026-05-20 01:00:00,BOG,TR-01,Entregado
ORD-17909,2026-04-12 16:00:00,2026-04-13 19:00:00,2026-04-14 20:00:00,BGA,TR-01,Entregado
ORD-17910,2026-06-18 18:00:00,2026-06-20 04:00:00,2026-06-22 09:00:00,CAL,TR-01,Entregado
ORD-17911,2026-02-14 16:00:00,2026-02-18 22:00:00,2026-02-22 00:00:00,MED,TR-01,Entregado
ORD-17912,2026-02-07 12:00:00,2026-02-10 19:00:00,2026-02-12 19:00:00,BOG,TR-03,Entregado
ORD-17913,2026-01-19 12:00:00,2026-01-20 22:00:00,2026-01-22 01:00:00,BOG,TR-03,Entregado
ORD-17914,2026-05-23 10:00:00,2026-05-26 17:00:00,2026-05-27 22:00:00,BOG,TR-01,Entregado
ORD-17915,2026-02-06 12:00:00,2026-02-10 21:00:00,2026-02-12 23:00:00,BGA,TR-01,Entregado
ORD-17916,2026-06-23 16:00:00,2026-06-24 20:00:00,2026-06-28 01:00:00,BGA,TR-02,Entregado
ORD-17917,2026-01-07 13:00:00,2026-01-08 20:00:00,2026-01-10 01:00:00,BOG,TR-04,Entregado
ORD-17918,2026-01-15 11:00:00,2026-01-16 18:00:00,2026-01-18 19:00:00,BGA,TR-02,Entregado
ORD-17919,2026-03-13 09:00:00,2026-03-16 17:00:00,2026-03-20 15:00:00,BAQ,TR-04,Entregado
ORD-17920,2026-04-14 08:00:00,2026-04-15 14:00:00,2026-04-17 10:00:00,MED,TR-02,Entregado
ORD-17921,2026-04-06 17:00:00,2026-04-08 00:00:00,2026-04-09 02:00:00,BOG,TR-02,Entregado
ORD-17922,2026-04-25 12:00:00,2026-04-28 23:00:00,2026-05-01 21:00:00,BAQ,TR-01,Entregado
ORD-17923,2026-05-28 14:00:00,2026-05-30 01:00:00,2026-05-31 03:00:00,CAL,TR-04,Entregado
ORD-17924,2026-05-15 09:00:00,2026-05-18 15:00:00,2026-05-20 14:00:00,BOG,TR-02,Entregado
ORD-17925,2026-05-10 09:00:00,2026-05-11 18:00:00,2026-05-16 22:00:00,BGA,TR-04,Entregado
ORD-17926,2026-02-10 12:00:00,2026-02-11 18:00:00,2026-02-13 21:00:00,BOG,TR-03,Entregado
ORD-17927,2026-01-05 18:00:00,2026-01-06 20:00:00,2026-01-08 17:00:00,BOG,TR-02,Entregado
ORD-17928,2026-01-05 08:00:00,2026-01-06 13:00:00,2026-01-07 17:00:00,BOG,TR-04,Entregado
ORD-17929,2026-04-28 11:00:00,2026-04-29 14:00:00,2026-05-01 11:00:00,MED,TR-03,Entregado
ORD-17930,2026-03-20 10:00:00,2026-03-24 14:00:00,2026-03-25 16:00:00,BOG,TR-02,Entregado
ORD-17931,2026-01-22 09:00:00,2026-01-23 18:00:00,2026-01-24 16:00:00,BOG,TR-02,Entregado
ORD-17932,2026-02-25 08:00:00,2026-02-26 12:00:00,2026-02-27 17:00:00,MED,TR-02,Entregado
ORD-17933,2026-01-17 17:00:00,2026-01-21 00:00:00,2026-01-21 21:00:00,BOG,TR-02,Entregado
ORD-17934,2026-05-26 15:00:00,2026-05-27 20:00:00,2026-05-28 18:00:00,BOG,TR-02,Entregado
ORD-17935,2026-03-21 09:00:00,2026-03-25 20:00:00,2026-03-27 00:00:00,BOG,TR-02,Entregado
ORD-17936,2026-02-27 09:00:00,2026-03-03 15:00:00,2026-03-04 20:00:00,BOG,TR-03,Entregado
ORD-17937,2026-05-15 19:00:00,2026-05-19 02:00:00,2026-05-24 04:00:00,BGA,TR-04,Entregado
ORD-17938,2026-01-10 12:00:00,2026-01-13 18:00:00,2026-01-14 19:00:00,BOG,TR-02,Entregado
ORD-17939,2026-03-26 10:00:00,2026-03-27 14:00:00,2026-03-30 13:00:00,BAQ,TR-04,Entregado
ORD-17940,2026-03-24 19:00:00,2026-03-26 06:00:00,2026-03-27 08:00:00,BOG,TR-02,Entregado
ORD-17941,2026-05-22 11:00:00,2026-05-26 15:00:00,2026-05-29 14:00:00,BAQ,TR-01,Entregado
ORD-17942,2026-01-18 10:00:00,2026-01-19 12:00:00,2026-01-21 08:00:00,MED,TR-03,Entregado
ORD-17943,2026-06-29 13:00:00,2026-06-30 19:00:00,2026-07-01 15:00:00,MED,TR-01,Entregado
ORD-17944,2026-05-28 15:00:00,2026-05-30 00:00:00,2026-05-31 23:00:00,MED,TR-04,Entregado
ORD-17945,2026-06-21 10:00:00,2026-06-22 18:00:00,2026-06-24 16:00:00,CAL,TR-02,Entregado
ORD-17946,2026-01-19 15:00:00,2026-01-20 20:00:00,2026-01-23 22:00:00,CAL,TR-02,Entregado
ORD-17947,2026-03-09 08:00:00,2026-03-10 15:00:00,2026-03-12 19:00:00,BGA,TR-01,Entregado
ORD-17948,2026-03-07 17:00:00,2026-03-11 03:00:00,2026-03-14 23:00:00,BAQ,TR-03,Entregado
ORD-17949,2026-06-07 09:00:00,2026-06-08 13:00:00,2026-06-09 16:00:00,CAL,TR-02,Entregado
ORD-17950,2026-06-07 10:00:00,2026-06-08 18:00:00,2026-06-10 23:00:00,MED,TR-02,Entregado
ORD-17951,2026-03-29 19:00:00,2026-03-30 23:00:00,2026-04-02 04:00:00,BAQ,TR-04,Entregado
ORD-17952,2026-02-02 16:00:00,2026-02-03 18:00:00,2026-02-04 20:00:00,BOG,TR-03,Entregado
ORD-17953,2026-03-15 09:00:00,2026-03-16 12:00:00,2026-03-18 13:00:00,MED,TR-01,Entregado
ORD-17954,2026-01-19 14:00:00,2026-01-20 23:00:00,2026-01-22 00:00:00,BOG,TR-03,Entregado
ORD-17955,2026-02-26 10:00:00,2026-02-27 16:00:00,2026-03-02 15:00:00,BAQ,TR-01,Entregado
ORD-17956,2026-03-20 16:00:00,2026-03-24 02:00:00,2026-03-26 00:00:00,MED,TR-02,Entregado
ORD-17957,2026-02-11 14:00:00,2026-02-12 19:00:00,2026-02-13 16:00:00,BOG,TR-02,Entregado
ORD-17958,2026-06-29 11:00:00,2026-06-30 22:00:00,2026-07-03 19:00:00,MED,TR-02,Entregado
ORD-17959,2026-01-04 13:00:00,2026-01-05 15:00:00,2026-01-06 13:00:00,BOG,TR-01,Entregado
ORD-17960,2026-01-04 12:00:00,2026-01-05 14:00:00,2026-01-06 15:00:00,BOG,TR-04,Entregado
ORD-17961,2026-02-10 19:00:00,2026-02-12 03:00:00,2026-02-13 08:00:00,CAL,TR-03,Entregado
ORD-17962,2026-03-28 15:00:00,2026-03-31 20:00:00,2026-04-05 16:00:00,BGA,TR-04,Entregado
ORD-17963,2026-04-27 12:00:00,2026-04-28 18:00:00,2026-05-01 19:00:00,MED,TR-01,Entregado
ORD-17964,2026-03-16 14:00:00,2026-03-18 01:00:00,2026-03-19 23:00:00,CAL,TR-03,Entregado
ORD-17965,2026-03-16 19:00:00,2026-03-18 01:00:00,2026-03-19 03:00:00,BOG,TR-04,Entregado
ORD-17966,2026-01-25 09:00:00,2026-01-26 14:00:00,2026-01-28 19:00:00,BOG,TR-01,Entregado
ORD-17967,2026-04-25 19:00:00,2026-04-29 22:00:00,2026-05-02 02:00:00,MED,TR-02,Entregado
ORD-17968,2026-03-23 17:00:00,2026-03-24 20:00:00,2026-03-26 01:00:00,BOG,TR-04,Entregado
ORD-17969,2026-02-19 19:00:00,2026-02-20 22:00:00,2026-02-21 22:00:00,BOG,TR-02,Entregado
ORD-17970,2026-05-22 09:00:00,2026-05-25 13:00:00,2026-05-27 16:00:00,BAQ,TR-04,Entregado
ORD-17971,2026-06-07 09:00:00,2026-06-08 15:00:00,2026-06-11 16:00:00,BAQ,TR-04,Entregado
ORD-17972,2026-01-31 19:00:00,2026-02-05 04:00:00,2026-02-08 03:00:00,BGA,TR-01,Entregado
ORD-17973,2026-03-18 11:00:00,2026-03-19 13:00:00,2026-03-22 13:00:00,BAQ,TR-01,Entregado
ORD-17974,2026-06-26 09:00:00,2026-06-29 17:00:00,2026-07-02 15:00:00,MED,TR-04,Entregado
ORD-17975,2026-02-04 14:00:00,2026-02-06 01:00:00,2026-02-13 03:00:00,BGA,TR-04,Entregado
ORD-17976,2026-04-16 08:00:00,2026-04-17 11:00:00,2026-04-18 14:00:00,BOG,TR-04,Entregado
ORD-17977,2026-04-25 11:00:00,2026-04-29 19:00:00,2026-04-30 21:00:00,BOG,TR-03,Entregado
ORD-17978,2026-02-24 10:00:00,2026-02-25 16:00:00,2026-02-28 21:00:00,CAL,TR-02,Entregado
ORD-17979,2026-01-08 15:00:00,2026-01-09 19:00:00,2026-01-11 22:00:00,MED,TR-04,Entregado
ORD-17980,2026-02-28 14:00:00,2026-03-03 21:00:00,2026-03-04 18:00:00,BOG,TR-03,Entregado
ORD-17981,2026-01-02 12:00:00,2026-01-05 16:00:00,2026-01-06 15:00:00,BOG,TR-01,Entregado
ORD-17982,2026-05-14 19:00:00,2026-05-15 22:00:00,2026-05-20 03:00:00,BAQ,TR-02,Entregado
ORD-17983,2026-04-16 11:00:00,2026-04-17 13:00:00,2026-04-23 16:00:00,BAQ,TR-02,Entregado
ORD-17984,2026-06-09 17:00:00,2026-06-11 00:00:00,2026-06-13 22:00:00,BAQ,TR-01,Entregado
ORD-17985,2026-02-22 16:00:00,2026-02-23 20:00:00,2026-02-24 22:00:00,CAL,TR-01,Entregado
ORD-17986,2026-03-28 09:00:00,2026-03-31 13:00:00,2026-04-02 09:00:00,BOG,TR-01,Entregado
ORD-17987,2026-03-16 08:00:00,2026-03-17 17:00:00,2026-03-18 21:00:00,CAL,TR-02,Entregado
ORD-17988,2026-05-10 10:00:00,2026-05-11 18:00:00,2026-05-14 17:00:00,BGA,TR-02,Entregado
ORD-17989,2026-01-11 09:00:00,2026-01-12 11:00:00,2026-01-13 10:00:00,BOG,TR-03,Entregado
ORD-17990,2026-06-12 17:00:00,2026-06-15 21:00:00,2026-06-17 18:00:00,MED,TR-01,Entregado
ORD-17991,2026-05-23 18:00:00,2026-05-27 04:00:00,2026-05-29 02:00:00,MED,TR-04,Entregado
ORD-17992,2026-03-16 19:00:00,2026-03-17 21:00:00,2026-03-19 20:00:00,BOG,TR-01,Entregado
ORD-17993,2026-06-05 16:00:00,2026-06-10 03:00:00,2026-06-11 05:00:00,BOG,TR-02,Entregado
ORD-17994,2026-04-02 16:00:00,2026-04-04 00:00:00,2026-04-06 03:00:00,CAL,TR-02,Entregado
ORD-17995,2026-03-16 10:00:00,2026-03-17 17:00:00,2026-03-23 13:00:00,BGA,TR-04,Entregado
ORD-17996,2026-04-02 08:00:00,2026-04-03 19:00:00,2026-04-04 18:00:00,BOG,TR-02,Entregado
ORD-17997,2026-02-11 09:00:00,2026-02-12 14:00:00,2026-02-16 10:00:00,BAQ,TR-03,Entregado
ORD-17998,2026-01-18 10:00:00,2026-01-19 17:00:00,2026-01-21 17:00:00,CAL,TR-03,Entregado
ORD-17999,2026-05-13 11:00:00,2026-05-14 18:00:00,2026-05-15 19:00:00,CAL,TR-02,Entregado
ORD-18000,2026-05-07 18:00:00,2026-05-09 03:00:00,2026-05-10 03:00:00,MED,TR-02,Entregado
ORD-18001,2026-03-03 17:00:00,2026-03-04 22:00:00,2026-03-05 19:00:00,BGA,TR-02,Entregado
ORD-18002,2026-06-27 13:00:00,2026-07-01 17:00:00,2026-07-03 22:00:00,BOG,TR-03,Entregado
ORD-18003,2026-01-28 17:00:00,2026-01-29 20:00:00,2026-01-30 16:00:00,BOG,TR-04,Entregado
ORD-18004,2026-03-22 13:00:00,2026-03-23 22:00:00,2026-03-25 02:00:00,MED,TR-01,Entregado
ORD-18005,2026-06-20 10:00:00,2026-06-24 14:00:00,2026-06-25 17:00:00,MED,TR-01,Entregado
ORD-18006,2026-06-13 17:00:00,2026-06-18 01:00:00,2026-06-19 00:00:00,BOG,TR-04,Entregado
ORD-18007,2026-05-03 11:00:00,2026-05-04 13:00:00,2026-05-06 14:00:00,MED,TR-03,Entregado
ORD-18008,2026-06-13 19:00:00,2026-06-18 05:00:00,2026-06-20 07:00:00,BOG,TR-02,Entregado
ORD-18009,2026-03-19 17:00:00,2026-03-21 01:00:00,2026-03-22 23:00:00,MED,TR-03,Entregado
ORD-18010,2026-06-13 13:00:00,2026-06-17 15:00:00,2026-06-18 14:00:00,BOG,TR-01,Entregado
ORD-18011,2026-05-17 12:00:00,2026-05-18 19:00:00,2026-05-19 20:00:00,BOG,TR-03,Entregado
ORD-18012,2026-03-05 19:00:00,2026-03-07 04:00:00,2026-03-08 06:00:00,BOG,TR-02,Entregado
ORD-18013,2026-03-02 17:00:00,2026-03-04 02:00:00,2026-03-05 01:00:00,CAL,TR-02,Entregado
ORD-18014,2026-04-05 15:00:00,2026-04-06 21:00:00,2026-04-10 01:00:00,BGA,TR-02,Entregado
ORD-18015,2026-01-04 18:00:00,2026-01-05 23:00:00,2026-01-08 03:00:00,BOG,TR-01,Entregado
ORD-18016,2026-06-02 12:00:00,2026-06-03 14:00:00,2026-06-06 13:00:00,BAQ,TR-04,Entregado
ORD-18017,2026-03-11 12:00:00,2026-03-12 15:00:00,2026-03-14 14:00:00,BOG,TR-03,Entregado
ORD-18018,2026-04-25 18:00:00,2026-04-29 23:00:00,2026-05-01 23:00:00,MED,TR-03,Entregado
ORD-18019,2026-01-08 16:00:00,2026-01-09 20:00:00,2026-01-12 18:00:00,CAL,TR-02,Entregado
ORD-18020,2026-01-15 11:00:00,2026-01-16 19:00:00,2026-01-19 18:00:00,MED,TR-01,Entregado
ORD-18021,2026-04-15 14:00:00,2026-04-17 00:00:00,2026-04-20 04:00:00,BAQ,TR-01,Entregado
ORD-18022,2026-03-13 10:00:00,2026-03-16 12:00:00,2026-03-18 09:00:00,BOG,TR-04,Entregado
ORD-18023,2026-01-15 12:00:00,2026-01-16 16:00:00,2026-01-21 18:00:00,BGA,TR-04,Entregado
ORD-18024,2026-03-24 14:00:00,2026-03-26 00:00:00,2026-03-28 00:00:00,CAL,TR-04,Entregado
ORD-18025,2026-05-14 18:00:00,2026-05-15 20:00:00,2026-05-17 19:00:00,BOG,TR-04,Entregado
ORD-18026,2026-02-26 19:00:00,2026-02-27 21:00:00,2026-02-28 20:00:00,BOG,TR-02,Entregado
ORD-18027,2026-03-22 17:00:00,2026-03-24 01:00:00,2026-03-25 23:00:00,BOG,TR-04,Entregado
ORD-18028,2026-05-27 18:00:00,2026-05-28 22:00:00,2026-05-31 03:00:00,BAQ,TR-04,Entregado
ORD-18029,2026-03-20 17:00:00,2026-03-23 22:00:00,2026-03-24 20:00:00,BOG,TR-04,Entregado
ORD-18030,2026-04-17 14:00:00,2026-04-20 19:00:00,2026-04-21 17:00:00,BOG,TR-02,Entregado
ORD-18031,2026-03-08 10:00:00,2026-03-09 16:00:00,2026-03-13 20:00:00,BAQ,TR-04,Entregado
ORD-18032,2026-05-26 16:00:00,2026-05-27 22:00:00,2026-05-29 00:00:00,BGA,TR-03,Entregado
ORD-18033,2026-04-17 11:00:00,2026-04-20 13:00:00,2026-04-23 11:00:00,MED,TR-03,Entregado
ORD-18034,2026-04-03 13:00:00,2026-04-06 21:00:00,2026-04-09 17:00:00,BAQ,TR-01,Entregado
ORD-18035,2026-06-27 16:00:00,2026-07-01 03:00:00,2026-07-02 04:00:00,MED,TR-01,Entregado
ORD-18036,2026-03-20 14:00:00,2026-03-23 23:00:00,2026-03-25 00:00:00,MED,TR-01,Entregado
ORD-18037,2026-01-10 12:00:00,2026-01-14 21:00:00,2026-01-16 18:00:00,CAL,TR-03,Entregado
ORD-18038,2026-01-29 17:00:00,2026-01-30 23:00:00,2026-02-01 02:00:00,BOG,TR-03,Entregado
ORD-18039,2026-01-13 14:00:00,2026-01-15 00:00:00,2026-01-15 21:00:00,BOG,TR-04,Entregado
ORD-18040,2026-02-19 14:00:00,2026-02-20 18:00:00,2026-02-21 18:00:00,BOG,TR-02,Entregado
ORD-18041,2026-05-12 11:00:00,2026-05-13 18:00:00,2026-05-16 22:00:00,CAL,TR-01,Entregado
ORD-18042,2026-04-23 19:00:00,2026-04-24 23:00:00,2026-04-26 01:00:00,BOG,TR-04,Entregado
ORD-18043,2026-03-26 12:00:00,2026-03-27 16:00:00,2026-03-28 14:00:00,BGA,TR-01,Entregado
ORD-18044,2026-05-10 11:00:00,2026-05-11 18:00:00,2026-05-17 14:00:00,BAQ,TR-02,Entregado
ORD-18045,2026-03-20 16:00:00,2026-03-24 22:00:00,2026-03-25 19:00:00,MED,TR-01,Entregado
ORD-18046,2026-04-07 13:00:00,2026-04-08 22:00:00,2026-04-09 21:00:00,BOG,TR-01,Entregado
ORD-18047,2026-05-15 10:00:00,2026-05-19 16:00:00,2026-05-23 21:00:00,BAQ,TR-01,Entregado
ORD-18048,2026-06-21 08:00:00,2026-06-22 19:00:00,2026-06-24 22:00:00,MED,TR-03,Entregado
ORD-18049,2026-02-08 10:00:00,2026-02-09 13:00:00,2026-02-12 10:00:00,BAQ,TR-01,Entregado
ORD-18050,2026-04-19 17:00:00,2026-04-21 02:00:00,2026-04-24 07:00:00,BAQ,TR-04,Entregado
ORD-18051,2026-06-21 19:00:00,2026-06-23 00:00:00,2026-06-23 20:00:00,BOG,TR-04,Entregado
ORD-18052,2026-05-30 19:00:00,2026-06-03 01:00:00,2026-06-04 23:00:00,BGA,TR-03,Entregado
ORD-18053,2026-05-22 13:00:00,2026-05-26 20:00:00,2026-05-27 21:00:00,BOG,TR-02,Entregado
ORD-18054,2026-01-30 19:00:00,2026-02-03 23:00:00,2026-02-04 22:00:00,MED,TR-01,Entregado
ORD-18055,2026-06-15 18:00:00,2026-06-17 04:00:00,2026-06-18 03:00:00,BOG,TR-01,Entregado
ORD-18056,2026-06-19 11:00:00,2026-06-22 14:00:00,2026-06-23 19:00:00,MED,TR-03,Entregado
ORD-18057,2026-03-04 15:00:00,2026-03-05 22:00:00,2026-03-07 01:00:00,BOG,TR-02,Entregado
ORD-18058,2026-04-15 09:00:00,2026-04-16 14:00:00,,BOG,TR-03,Devuelto
ORD-18059,2026-02-08 16:00:00,2026-02-09 18:00:00,,MED,TR-03,Devuelto
ORD-18060,2026-05-01 19:00:00,2026-05-06 04:00:00,2026-05-07 05:00:00,BOG,TR-04,Entregado
ORD-18061,2026-06-14 08:00:00,2026-06-15 16:00:00,2026-06-16 21:00:00,BGA,TR-01,Entregado
ORD-18062,2026-04-28 15:00:00,2026-04-30 02:00:00,2026-05-01 06:00:00,BOG,TR-02,Entregado
ORD-18063,2026-04-07 09:00:00,2026-04-08 18:00:00,2026-04-09 21:00:00,BGA,TR-03,Entregado
ORD-18064,2026-06-22 08:00:00,2026-06-23 17:00:00,2026-06-26 13:00:00,MED,TR-04,Entregado
ORD-18065,2026-01-05 09:00:00,2026-01-06 19:00:00,2026-01-08 22:00:00,MED,TR-04,Entregado
ORD-18066,2026-05-07 17:00:00,2026-05-08 21:00:00,2026-05-10 01:00:00,BOG,TR-03,Entregado
ORD-18067,2026-03-15 11:00:00,2026-03-16 16:00:00,2026-03-17 12:00:00,BOG,TR-02,Entregado
ORD-18068,2026-05-31 15:00:00,2026-06-01 22:00:00,2026-06-08 02:00:00,BAQ,TR-02,Entregado
ORD-18069,2026-01-05 09:00:00,2026-01-06 18:00:00,2026-01-08 19:00:00,CAL,TR-04,Entregado
ORD-18070,2026-01-24 08:00:00,2026-01-28 16:00:00,2026-01-31 12:00:00,BGA,TR-02,Entregado
ORD-18071,2026-04-05 14:00:00,2026-04-06 23:00:00,2026-04-09 20:00:00,BAQ,TR-02,Entregado
ORD-18072,2026-04-02 13:00:00,2026-04-03 18:00:00,2026-04-04 21:00:00,BOG,TR-04,Entregado
ORD-18073,2026-05-05 13:00:00,2026-05-06 20:00:00,2026-05-10 22:00:00,BAQ,TR-01,Entregado
ORD-18074,2026-01-15 12:00:00,2026-01-16 15:00:00,2026-01-17 14:00:00,BOG,TR-03,Entregado
ORD-18075,2026-01-15 09:00:00,2026-01-16 15:00:00,2026-01-19 20:00:00,BAQ,TR-04,Entregado
ORD-18076,2026-06-02 12:00:00,2026-06-03 18:00:00,2026-06-10 16:00:00,BGA,TR-04,Entregado
ORD-18077,2026-05-29 14:00:00,2026-06-01 22:00:00,2026-06-03 02:00:00,BOG,TR-04,Entregado
ORD-18078,2026-04-12 09:00:00,2026-04-13 19:00:00,2026-04-15 21:00:00,CAL,TR-01,Entregado
ORD-18079,2026-04-23 12:00:00,2026-04-24 18:00:00,2026-04-27 22:00:00,CAL,TR-04,Entregado
ORD-18080,2026-06-21 10:00:00,2026-06-22 14:00:00,2026-06-24 10:00:00,MED,TR-01,Entregado
ORD-18081,2026-01-14 11:00:00,2026-01-15 21:00:00,2026-01-17 02:00:00,MED,TR-03,Entregado
ORD-18082,2026-02-03 11:00:00,2026-02-04 21:00:00,2026-02-06 01:00:00,BOG,TR-02,Entregado
ORD-18083,2026-03-24 16:00:00,2026-03-26 01:00:00,2026-03-31 00:00:00,BGA,TR-04,Entregado
ORD-18084,2026-06-07 18:00:00,2026-06-08 20:00:00,2026-06-13 01:00:00,BAQ,TR-01,Entregado
ORD-18085,2026-06-12 15:00:00,2026-06-15 18:00:00,2026-06-17 22:00:00,BOG,TR-01,Entregado
ORD-18086,2026-01-09 14:00:00,2026-01-13 18:00:00,2026-01-16 21:00:00,BAQ,TR-04,Entregado
ORD-18087,2026-02-05 12:00:00,2026-02-06 15:00:00,2026-02-08 19:00:00,BOG,TR-04,Entregado
ORD-18088,2026-01-03 09:00:00,2026-01-06 15:00:00,2026-01-09 17:00:00,BAQ,TR-01,Entregado
ORD-18089,2026-01-19 19:00:00,2026-01-21 02:00:00,2026-01-22 07:00:00,BOG,TR-02,Entregado
ORD-18090,2026-01-23 15:00:00,2026-01-27 17:00:00,2026-01-29 14:00:00,BGA,TR-01,Entregado
ORD-18091,2026-05-15 16:00:00,2026-05-19 00:00:00,2026-05-21 02:00:00,BOG,TR-02,Entregado
ORD-18092,2026-05-22 10:00:00,2026-05-25 15:00:00,2026-05-28 12:00:00,MED,TR-01,Entregado
ORD-18093,2026-01-15 10:00:00,2026-01-16 18:00:00,2026-01-18 23:00:00,MED,TR-01,Entregado
ORD-18094,2026-04-20 15:00:00,2026-04-21 22:00:00,2026-04-24 03:00:00,BOG,TR-01,Entregado
ORD-18095,2026-03-10 10:00:00,2026-03-11 12:00:00,2026-03-12 14:00:00,BOG,TR-04,Entregado
ORD-18096,2026-03-04 11:00:00,2026-03-05 18:00:00,2026-03-06 22:00:00,BOG,TR-04,Entregado
ORD-18097,2026-05-24 11:00:00,2026-05-25 17:00:00,2026-05-26 13:00:00,BOG,TR-02,Entregado
ORD-18098,2026-06-01 13:00:00,2026-06-02 23:00:00,2026-06-03 19:00:00,BOG,TR-02,Entregado
ORD-18099,2026-04-29 16:00:00,2026-05-01 00:00:00,2026-05-05 05:00:00,BGA,TR-04,Entregado
ORD-18100,2026-01-31 13:00:00,2026-02-03 17:00:00,2026-02-05 15:00:00,BGA,TR-03,Entregado
ORD-18101,2026-06-06 10:00:00,2026-06-10 15:00:00,2026-06-12 16:00:00,MED,TR-03,Entregado
ORD-18102,2026-05-11 19:00:00,2026-05-12 23:00:00,2026-05-13 21:00:00,BOG,TR-04,Entregado
ORD-18103,2026-03-15 09:00:00,2026-03-16 18:00:00,2026-03-17 15:00:00,CAL,TR-01,Entregado
ORD-18104,2026-04-07 18:00:00,2026-04-09 03:00:00,2026-04-10 04:00:00,BOG,TR-04,Entregado
ORD-18105,2026-05-18 08:00:00,2026-05-19 10:00:00,2026-05-20 10:00:00,BOG,TR-04,Entregado
ORD-18106,2026-05-20 16:00:00,2026-05-21 20:00:00,2026-05-23 23:00:00,MED,TR-02,Entregado
ORD-18107,2026-02-13 15:00:00,2026-02-17 21:00:00,2026-02-19 01:00:00,BOG,TR-02,Entregado
ORD-18108,2026-06-21 16:00:00,2026-06-22 22:00:00,2026-06-24 19:00:00,BOG,TR-03,Entregado
ORD-18109,2026-04-06 12:00:00,2026-04-07 16:00:00,2026-04-08 17:00:00,BOG,TR-01,Entregado
ORD-18110,2026-04-30 11:00:00,2026-05-01 22:00:00,2026-05-02 21:00:00,BOG,TR-01,Entregado
ORD-18111,2026-05-29 19:00:00,2026-06-01 22:00:00,2026-06-04 19:00:00,MED,TR-03,Entregado
ORD-18112,2026-02-20 12:00:00,2026-02-24 14:00:00,2026-02-25 18:00:00,BOG,TR-02,Entregado
ORD-18113,2026-03-01 10:00:00,2026-03-02 21:00:00,2026-03-03 18:00:00,BOG,TR-04,Entregado
ORD-18114,2026-01-21 18:00:00,2026-01-22 20:00:00,2026-01-24 19:00:00,BOG,TR-03,Entregado
ORD-18115,2026-05-06 12:00:00,2026-05-07 19:00:00,2026-05-08 16:00:00,BOG,TR-03,Entregado
ORD-18116,2026-05-14 16:00:00,2026-05-15 22:00:00,2026-05-17 23:00:00,MED,TR-04,Entregado
ORD-18117,2026-03-17 17:00:00,2026-03-19 02:00:00,2026-03-21 05:00:00,BOG,TR-04,Entregado
ORD-18118,2026-03-19 13:00:00,2026-03-20 15:00:00,2026-03-22 19:00:00,MED,TR-04,Entregado
ORD-18119,2026-03-06 13:00:00,2026-03-11 00:00:00,2026-03-13 04:00:00,BOG,TR-03,Entregado
ORD-18120,2026-02-03 15:00:00,2026-02-04 19:00:00,2026-02-06 17:00:00,BOG,TR-01,Entregado
ORD-18121,2026-03-16 10:00:00,2026-03-17 16:00:00,2026-03-18 14:00:00,CAL,TR-03,Entregado
ORD-18122,2026-06-19 13:00:00,2026-06-24 00:00:00,2026-06-24 22:00:00,BGA,TR-01,Entregado
ORD-18123,2026-01-06 11:00:00,2026-01-07 16:00:00,2026-01-08 14:00:00,MED,TR-02,Entregado
ORD-18124,2026-05-29 09:00:00,2026-06-01 14:00:00,2026-06-04 16:00:00,BAQ,TR-01,Entregado
ORD-18125,2026-03-31 15:00:00,2026-04-01 19:00:00,2026-04-04 22:00:00,CAL,TR-04,Entregado
ORD-18126,2026-04-06 17:00:00,2026-04-07 21:00:00,2026-04-10 00:00:00,BOG,TR-01,Entregado
ORD-18127,2026-03-28 17:00:00,2026-04-02 00:00:00,2026-04-04 05:00:00,CAL,TR-02,Entregado
ORD-18128,2026-03-11 14:00:00,2026-03-12 19:00:00,2026-03-15 17:00:00,BAQ,TR-01,Entregado
ORD-18129,2026-04-23 12:00:00,2026-04-24 14:00:00,2026-04-25 15:00:00,BOG,TR-01,Entregado
ORD-18130,2026-02-24 08:00:00,2026-02-25 18:00:00,2026-02-27 18:00:00,MED,TR-04,Entregado
ORD-18131,2026-02-03 16:00:00,2026-02-04 21:00:00,2026-02-05 23:00:00,BOG,TR-03,Entregado
ORD-18132,2026-06-21 10:00:00,2026-06-22 20:00:00,2026-06-27 17:00:00,BGA,TR-04,Entregado
ORD-18133,2026-01-22 14:00:00,2026-01-23 19:00:00,2026-01-31 15:00:00,BGA,TR-04,Entregado
ORD-18134,2026-04-15 12:00:00,2026-04-16 15:00:00,2026-04-19 15:00:00,MED,TR-02,Entregado
ORD-18135,2026-01-16 11:00:00,2026-01-19 21:00:00,2026-01-22 18:00:00,CAL,TR-04,Entregado
ORD-18136,2026-02-12 19:00:00,2026-02-14 00:00:00,2026-02-15 23:00:00,MED,TR-03,Entregado
ORD-18137,2026-02-16 09:00:00,2026-02-17 12:00:00,2026-02-20 16:00:00,BGA,TR-02,Entregado
ORD-18138,2026-01-19 12:00:00,2026-01-20 14:00:00,2026-01-23 19:00:00,CAL,TR-04,Entregado
ORD-18139,2026-05-19 09:00:00,2026-05-20 14:00:00,2026-05-23 16:00:00,MED,TR-03,Entregado
ORD-18140,2026-02-14 11:00:00,2026-02-18 21:00:00,2026-02-20 23:00:00,BOG,TR-02,Entregado
ORD-18141,2026-06-13 14:00:00,2026-06-17 16:00:00,2026-06-19 14:00:00,CAL,TR-03,Entregado
ORD-18142,2026-01-15 19:00:00,2026-01-17 04:00:00,2026-01-18 06:00:00,BGA,TR-01,Entregado
ORD-18143,2026-04-06 17:00:00,2026-04-08 04:00:00,2026-04-09 04:00:00,BOG,TR-03,Entregado
ORD-18144,2026-06-17 13:00:00,2026-06-18 19:00:00,2026-06-20 22:00:00,BOG,TR-02,Entregado
ORD-18145,2026-03-27 08:00:00,2026-03-30 12:00:00,2026-04-01 14:00:00,BAQ,TR-04,Entregado
ORD-18146,2026-02-20 17:00:00,2026-02-23 20:00:00,2026-02-24 21:00:00,BOG,TR-04,Entregado
ORD-18147,2026-01-15 08:00:00,2026-01-16 11:00:00,2026-01-18 11:00:00,MED,TR-02,Entregado
ORD-18148,2026-03-29 14:00:00,2026-03-31 00:00:00,2026-04-02 21:00:00,MED,TR-01,Entregado
ORD-18149,2026-03-17 17:00:00,2026-03-19 00:00:00,2026-03-20 03:00:00,BGA,TR-02,Entregado
ORD-18150,2026-02-11 11:00:00,2026-02-12 15:00:00,2026-02-14 13:00:00,MED,TR-01,Entregado
ORD-18151,2026-04-05 18:00:00,2026-04-06 21:00:00,2026-04-08 22:00:00,CAL,TR-03,Entregado
ORD-18152,2026-04-28 16:00:00,2026-04-29 22:00:00,2026-05-01 02:00:00,BOG,TR-01,Entregado
ORD-18153,2026-03-19 10:00:00,2026-03-20 18:00:00,2026-03-21 16:00:00,BOG,TR-01,Entregado
ORD-18154,2026-06-08 16:00:00,2026-06-10 00:00:00,2026-06-12 22:00:00,BGA,TR-01,Entregado
ORD-18155,2026-03-31 15:00:00,2026-04-01 17:00:00,2026-04-02 22:00:00,BOG,TR-04,Entregado
ORD-18156,2026-06-01 15:00:00,2026-06-03 02:00:00,2026-06-07 00:00:00,BAQ,TR-04,Entregado
ORD-18157,2026-04-21 17:00:00,2026-04-22 22:00:00,2026-04-25 01:00:00,MED,TR-01,Entregado
ORD-18158,2026-03-27 14:00:00,2026-03-30 20:00:00,2026-04-01 17:00:00,BGA,TR-01,Entregado
ORD-18159,2026-05-02 17:00:00,2026-05-06 02:00:00,2026-05-07 02:00:00,BOG,TR-01,Entregado
ORD-18160,2026-04-18 11:00:00,2026-04-21 13:00:00,2026-04-22 16:00:00,BOG,TR-01,Entregado
ORD-18161,2026-06-14 15:00:00,2026-06-15 22:00:00,2026-06-17 23:00:00,BAQ,TR-04,Entregado
ORD-18162,2026-05-09 19:00:00,2026-05-13 22:00:00,2026-05-21 22:00:00,BGA,TR-04,Entregado
ORD-18163,2026-02-16 11:00:00,2026-02-17 13:00:00,2026-02-18 10:00:00,BOG,TR-01,Entregado
ORD-18164,2026-01-05 09:00:00,2026-01-06 18:00:00,2026-01-09 17:00:00,BAQ,TR-01,Entregado
ORD-18165,2026-01-24 09:00:00,2026-01-27 14:00:00,2026-01-30 13:00:00,CAL,TR-04,Entregado
ORD-18166,2026-03-25 19:00:00,2026-03-26 23:00:00,2026-03-28 21:00:00,BAQ,TR-02,Entregado
ORD-18167,2026-01-05 08:00:00,2026-01-06 17:00:00,2026-01-07 18:00:00,CAL,TR-01,Entregado
ORD-18168,2026-03-27 09:00:00,2026-03-30 18:00:00,2026-03-31 19:00:00,BOG,TR-03,Entregado
ORD-18169,2026-06-23 12:00:00,2026-06-24 16:00:00,2026-06-25 18:00:00,CAL,TR-04,Entregado
ORD-18170,2026-01-31 13:00:00,2026-02-05 00:00:00,2026-02-05 20:00:00,MED,TR-01,Entregado
ORD-18171,2026-04-01 15:00:00,2026-04-02 18:00:00,,BOG,TR-04,Perdido
ORD-18172,2026-04-03 19:00:00,2026-04-07 03:00:00,2026-04-09 03:00:00,BGA,TR-02,Entregado
ORD-18173,2026-01-16 13:00:00,2026-01-20 18:00:00,2026-01-21 14:00:00,CAL,TR-03,Entregado
ORD-18174,2026-05-20 11:00:00,2026-05-21 16:00:00,2026-05-23 18:00:00,MED,TR-04,Entregado
ORD-18175,2026-03-23 09:00:00,2026-03-24 17:00:00,2026-03-25 21:00:00,BOG,TR-02,Entregado
ORD-18176,2026-05-31 18:00:00,2026-06-01 22:00:00,2026-06-04 01:00:00,CAL,TR-01,Entregado
ORD-18177,2026-04-23 08:00:00,2026-04-24 10:00:00,2026-04-25 09:00:00,BOG,TR-02,Entregado
ORD-18178,2026-06-25 12:00:00,2026-06-26 19:00:00,2026-06-29 00:00:00,CAL,TR-03,Entregado
ORD-18179,2026-06-27 15:00:00,2026-06-30 21:00:00,2026-07-01 17:00:00,BOG,TR-02,Entregado
ORD-18180,2026-05-06 10:00:00,2026-05-07 13:00:00,2026-05-08 09:00:00,MED,TR-03,Entregado
ORD-18181,2026-01-17 09:00:00,2026-01-20 14:00:00,2026-01-21 14:00:00,BOG,TR-03,Entregado
ORD-18182,2026-05-02 17:00:00,2026-05-05 21:00:00,2026-05-07 20:00:00,CAL,TR-01,Entregado
ORD-18183,2026-03-28 13:00:00,2026-04-01 15:00:00,2026-04-03 14:00:00,CAL,TR-03,Entregado
ORD-18184,2026-06-05 15:00:00,2026-06-10 02:00:00,2026-06-13 04:00:00,MED,TR-02,Entregado
ORD-18185,2026-02-24 17:00:00,2026-02-25 20:00:00,2026-02-27 22:00:00,MED,TR-04,Entregado
ORD-18186,2026-06-22 15:00:00,2026-06-23 22:00:00,2026-06-26 01:00:00,CAL,TR-03,Entregado
ORD-18187,2026-05-27 13:00:00,2026-05-28 22:00:00,2026-05-30 22:00:00,MED,TR-03,Entregado
ORD-18188,2026-01-29 14:00:00,2026-01-30 21:00:00,2026-02-01 17:00:00,CAL,TR-03,Entregado
ORD-18189,2026-04-21 17:00:00,2026-04-22 22:00:00,2026-04-24 02:00:00,MED,TR-02,Entregado
ORD-18190,2026-04-01 08:00:00,2026-04-02 11:00:00,2026-04-07 12:00:00,BGA,TR-04,Entregado
ORD-18191,2026-01-29 18:00:00,2026-01-30 20:00:00,2026-02-05 17:00:00,BGA,TR-04,Entregado
ORD-18192,2026-02-14 10:00:00,2026-02-18 14:00:00,2026-02-23 13:00:00,BAQ,TR-02,Entregado
ORD-18193,2026-02-20 12:00:00,2026-02-23 22:00:00,2026-02-26 02:00:00,MED,TR-03,Entregado
ORD-18194,2026-05-08 18:00:00,2026-05-12 00:00:00,2026-05-17 01:00:00,BAQ,TR-02,Entregado
ORD-18195,2026-03-23 10:00:00,2026-03-24 21:00:00,2026-03-26 01:00:00,MED,TR-03,Entregado
ORD-18196,2026-01-06 10:00:00,2026-01-07 16:00:00,,BOG,TR-04,Perdido
ORD-18197,2026-03-03 12:00:00,2026-03-04 23:00:00,2026-03-05 23:00:00,MED,TR-01,Entregado
ORD-18198,2026-05-17 19:00:00,2026-05-19 00:00:00,2026-05-22 00:00:00,BAQ,TR-01,Entregado
ORD-18199,2026-02-07 18:00:00,2026-02-10 23:00:00,2026-02-11 20:00:00,BOG,TR-04,Entregado
ORD-18200,2026-04-27 12:00:00,2026-04-28 21:00:00,2026-04-29 19:00:00,BOG,TR-01,Entregado
ORD-18201,2026-02-15 13:00:00,2026-02-16 20:00:00,2026-02-21 16:00:00,BGA,TR-04,Entregado
ORD-18202,2026-06-15 08:00:00,2026-06-16 13:00:00,2026-06-17 15:00:00,BOG,TR-01,Entregado
ORD-18203,2026-02-08 14:00:00,2026-02-09 16:00:00,2026-02-11 19:00:00,BOG,TR-02,Entregado
ORD-18204,2026-05-07 12:00:00,2026-05-08 17:00:00,2026-05-09 22:00:00,MED,TR-02,Entregado
ORD-18205,2026-01-01 16:00:00,2026-01-02 18:00:00,2026-01-04 20:00:00,MED,TR-01,Entregado
ORD-18206,2026-06-09 18:00:00,2026-06-11 05:00:00,2026-06-13 03:00:00,CAL,TR-03,Entregado
ORD-18207,2026-05-16 12:00:00,2026-05-20 14:00:00,2026-05-22 17:00:00,MED,TR-04,Entregado
ORD-18208,2026-01-30 10:00:00,2026-02-02 15:00:00,2026-02-03 13:00:00,MED,TR-01,Entregado
ORD-18209,2026-01-08 08:00:00,2026-01-09 12:00:00,2026-01-10 13:00:00,BOG,TR-03,Entregado
ORD-18210,2026-01-19 19:00:00,2026-01-21 00:00:00,2026-01-22 23:00:00,BOG,TR-01,Entregado
ORD-18211,2026-02-28 14:00:00,2026-03-03 22:00:00,2026-03-04 20:00:00,CAL,TR-03,Entregado
ORD-18212,2026-06-07 11:00:00,2026-06-08 17:00:00,2026-06-09 17:00:00,BOG,TR-01,Entregado
ORD-18213,2026-02-24 19:00:00,2026-02-26 02:00:00,2026-02-27 23:00:00,CAL,TR-03,Entregado
ORD-18214,2026-06-04 12:00:00,2026-06-05 16:00:00,2026-06-09 13:00:00,BAQ,TR-01,Entregado
ORD-18215,2026-06-25 14:00:00,2026-06-26 20:00:00,2026-06-30 17:00:00,BAQ,TR-02,Entregado
ORD-18216,2026-01-13 17:00:00,2026-01-15 01:00:00,2026-01-17 06:00:00,CAL,TR-04,Entregado
ORD-18217,2026-05-24 19:00:00,2026-05-26 06:00:00,2026-06-01 02:00:00,BGA,TR-04,Entregado
ORD-18218,2026-04-22 14:00:00,2026-04-24 01:00:00,2026-04-24 21:00:00,BOG,TR-01,Entregado
ORD-18219,2026-06-04 14:00:00,2026-06-05 20:00:00,2026-06-06 18:00:00,BOG,TR-03,Entregado
ORD-18220,2026-02-04 19:00:00,2026-02-06 00:00:00,2026-02-08 01:00:00,BOG,TR-03,Entregado
ORD-18221,2026-01-07 09:00:00,2026-01-08 11:00:00,2026-01-10 13:00:00,MED,TR-02,Entregado
ORD-18222,2026-04-20 09:00:00,2026-04-21 12:00:00,2026-04-24 11:00:00,BGA,TR-03,Entregado
ORD-18223,2026-02-20 11:00:00,2026-02-23 16:00:00,2026-02-25 16:00:00,BOG,TR-03,Entregado
ORD-18224,2026-04-06 13:00:00,2026-04-07 15:00:00,2026-04-09 11:00:00,MED,TR-03,Entregado
ORD-18225,2026-04-14 17:00:00,2026-04-16 03:00:00,2026-04-19 02:00:00,CAL,TR-02,Entregado
ORD-18226,2026-02-27 14:00:00,2026-03-02 22:00:00,2026-03-05 23:00:00,BAQ,TR-02,Entregado
ORD-18227,2026-05-28 09:00:00,2026-05-29 17:00:00,2026-06-01 22:00:00,BAQ,TR-04,Entregado
ORD-18228,2026-02-19 11:00:00,2026-02-20 13:00:00,2026-02-22 12:00:00,BGA,TR-03,Entregado
ORD-18229,2026-03-27 10:00:00,2026-03-30 14:00:00,2026-03-31 10:00:00,BOG,TR-02,Entregado
ORD-18230,2026-05-30 12:00:00,2026-06-03 21:00:00,2026-06-05 23:00:00,BOG,TR-02,Entregado
ORD-18231,2026-03-07 15:00:00,2026-03-11 00:00:00,2026-03-12 01:00:00,MED,TR-03,Entregado
ORD-18232,2026-04-27 18:00:00,2026-04-28 22:00:00,2026-04-30 20:00:00,MED,TR-03,Entregado
ORD-18233,2026-03-23 14:00:00,2026-03-24 20:00:00,2026-03-26 21:00:00,MED,TR-02,Entregado
ORD-18234,2026-03-05 16:00:00,2026-03-06 23:00:00,2026-03-08 19:00:00,BOG,TR-04,Entregado
ORD-18235,2026-05-17 08:00:00,2026-05-18 14:00:00,2026-05-19 18:00:00,BOG,TR-03,Entregado
ORD-18236,2026-05-15 16:00:00,2026-05-19 03:00:00,2026-05-21 03:00:00,BGA,TR-01,Entregado
ORD-18237,2026-02-23 08:00:00,2026-02-24 19:00:00,2026-03-02 23:00:00,BGA,TR-04,Entregado
ORD-18238,2026-01-02 11:00:00,2026-01-05 20:00:00,2026-01-09 00:00:00,BAQ,TR-04,Entregado
ORD-18239,2026-03-19 11:00:00,2026-03-20 18:00:00,2026-03-22 17:00:00,BAQ,TR-03,Entregado
ORD-18240,2026-05-10 15:00:00,2026-05-11 20:00:00,2026-05-12 19:00:00,MED,TR-04,Entregado
ORD-18241,2026-05-22 11:00:00,2026-05-25 18:00:00,2026-05-26 15:00:00,BOG,TR-04,Entregado
ORD-18242,2026-03-30 17:00:00,2026-03-31 19:00:00,2026-04-02 17:00:00,MED,TR-03,Entregado
ORD-18243,2026-02-18 15:00:00,2026-02-19 20:00:00,2026-02-20 19:00:00,BOG,TR-01,Entregado
ORD-18244,2026-06-23 12:00:00,2026-06-24 16:00:00,2026-06-26 15:00:00,MED,TR-01,Entregado
ORD-18245,2026-03-28 15:00:00,2026-04-01 18:00:00,2026-04-02 19:00:00,MED,TR-01,Entregado
ORD-18246,2026-04-11 15:00:00,2026-04-14 23:00:00,2026-04-22 04:00:00,BAQ,TR-02,Entregado
ORD-18247,2026-04-16 18:00:00,2026-04-18 02:00:00,2026-04-19 03:00:00,BOG,TR-01,Entregado
ORD-18248,2026-04-14 16:00:00,2026-04-16 03:00:00,,BGA,TR-02,Devuelto
ORD-18249,2026-05-26 10:00:00,2026-05-27 20:00:00,2026-05-29 18:00:00,BGA,TR-02,Entregado
ORD-18250,2026-04-23 11:00:00,2026-04-24 18:00:00,2026-04-25 21:00:00,BOG,TR-02,Entregado
ORD-18251,2026-05-23 12:00:00,2026-05-27 17:00:00,2026-05-29 21:00:00,BGA,TR-02,Entregado
ORD-18252,2026-04-01 08:00:00,2026-04-02 18:00:00,2026-04-04 16:00:00,BGA,TR-03,Entregado
ORD-18253,2026-04-14 09:00:00,2026-04-15 15:00:00,2026-04-17 14:00:00,MED,TR-03,Entregado
ORD-18254,2026-04-23 09:00:00,2026-04-24 18:00:00,2026-04-30 17:00:00,BGA,TR-04,Entregado
ORD-18255,2026-01-31 12:00:00,2026-02-03 15:00:00,2026-02-08 19:00:00,BGA,TR-04,Entregado
ORD-18256,2026-04-15 16:00:00,2026-04-17 00:00:00,2026-04-18 20:00:00,BOG,TR-03,Entregado
ORD-18257,2026-04-08 09:00:00,2026-04-09 13:00:00,,BOG,TR-02,Perdido
ORD-18258,2026-02-28 10:00:00,2026-03-03 20:00:00,2026-03-04 22:00:00,CAL,TR-03,Entregado
ORD-18259,2026-01-17 13:00:00,2026-01-21 16:00:00,2026-01-23 18:00:00,CAL,TR-04,Entregado
ORD-18260,2026-02-04 08:00:00,2026-02-05 16:00:00,2026-02-12 19:00:00,BGA,TR-04,Entregado
ORD-18261,2026-04-22 11:00:00,2026-04-23 20:00:00,2026-04-25 18:00:00,MED,TR-02,Entregado
ORD-18262,2026-03-02 08:00:00,2026-03-03 10:00:00,2026-03-05 14:00:00,CAL,TR-04,Entregado
ORD-18263,2026-05-25 19:00:00,2026-05-27 01:00:00,2026-05-27 22:00:00,BOG,TR-04,Entregado
ORD-18264,2026-06-27 17:00:00,2026-07-01 22:00:00,2026-07-03 22:00:00,BGA,TR-01,Entregado
ORD-18265,2026-05-16 09:00:00,2026-05-19 14:00:00,2026-05-21 11:00:00,MED,TR-02,Entregado
ORD-18266,2026-02-28 09:00:00,2026-03-03 11:00:00,2026-03-05 15:00:00,MED,TR-02,Entregado
ORD-18267,2026-04-05 18:00:00,2026-04-06 22:00:00,2026-04-08 19:00:00,CAL,TR-01,Entregado
ORD-18268,2026-06-04 17:00:00,2026-06-06 00:00:00,2026-06-07 05:00:00,BOG,TR-03,Entregado
ORD-18269,2026-01-10 15:00:00,2026-01-15 01:00:00,2026-01-15 22:00:00,BOG,TR-01,Entregado
ORD-18270,2026-03-17 13:00:00,2026-03-18 16:00:00,2026-03-20 21:00:00,BOG,TR-03,Entregado
ORD-18271,2026-01-16 19:00:00,2026-01-21 01:00:00,2026-01-22 05:00:00,BOG,TR-03,Entregado
ORD-18272,2026-03-16 11:00:00,2026-03-17 14:00:00,2026-03-18 19:00:00,BOG,TR-02,Entregado
ORD-18273,2026-06-28 08:00:00,2026-06-29 10:00:00,2026-07-01 13:00:00,MED,TR-02,Entregado
ORD-18274,2026-01-27 10:00:00,2026-01-28 12:00:00,2026-01-29 08:00:00,BOG,TR-04,Entregado
ORD-18275,2026-01-12 16:00:00,2026-01-14 00:00:00,2026-01-15 05:00:00,BOG,TR-02,Entregado
ORD-18276,2026-02-22 13:00:00,2026-02-24 00:00:00,2026-02-27 04:00:00,CAL,TR-03,Entregado
ORD-18277,2026-06-14 08:00:00,2026-06-15 16:00:00,2026-06-16 12:00:00,MED,TR-03,Entregado
ORD-18278,2026-06-19 08:00:00,2026-06-23 16:00:00,2026-06-24 12:00:00,BOG,TR-04,Entregado
ORD-18279,2026-01-04 10:00:00,2026-01-05 15:00:00,2026-01-06 18:00:00,BGA,TR-02,Entregado
ORD-18280,2026-04-01 15:00:00,2026-04-02 21:00:00,2026-04-06 01:00:00,MED,TR-02,Entregado
ORD-18281,2026-03-20 18:00:00,2026-03-24 04:00:00,2026-03-27 02:00:00,CAL,TR-02,Entregado
ORD-18282,2026-06-08 14:00:00,2026-06-09 20:00:00,2026-06-11 23:00:00,CAL,TR-01,Entregado
ORD-18283,2026-04-21 15:00:00,2026-04-23 00:00:00,2026-04-26 01:00:00,MED,TR-04,Entregado
ORD-18284,2026-02-27 14:00:00,2026-03-03 01:00:00,2026-03-04 22:00:00,MED,TR-03,Entregado
ORD-18285,2026-03-23 11:00:00,2026-03-24 22:00:00,2026-03-25 18:00:00,BGA,TR-01,Entregado
ORD-18286,2026-01-22 10:00:00,2026-01-23 13:00:00,2026-01-27 12:00:00,BAQ,TR-03,Entregado
ORD-18287,2026-03-20 10:00:00,2026-03-23 13:00:00,2026-03-25 14:00:00,MED,TR-02,Entregado
ORD-18288,2026-06-24 13:00:00,2026-06-25 17:00:00,2026-06-27 13:00:00,MED,TR-02,Entregado
ORD-18289,2026-06-10 08:00:00,2026-06-11 12:00:00,2026-06-12 16:00:00,BOG,TR-04,Entregado
ORD-18290,2026-04-27 08:00:00,2026-04-28 10:00:00,2026-04-30 14:00:00,BGA,TR-02,Entregado
ORD-18291,2026-01-26 15:00:00,2026-01-27 23:00:00,2026-01-31 02:00:00,CAL,TR-01,Entregado
ORD-18292,2026-02-19 13:00:00,2026-02-20 19:00:00,2026-02-23 16:00:00,CAL,TR-04,Entregado
ORD-18293,2026-05-18 17:00:00,2026-05-20 04:00:00,,CAL,TR-04,Devuelto
ORD-18294,2026-02-06 17:00:00,2026-02-11 04:00:00,2026-02-12 00:00:00,MED,TR-02,Entregado
ORD-18295,2026-05-20 11:00:00,2026-05-21 21:00:00,2026-05-25 00:00:00,BAQ,TR-02,Entregado
ORD-18296,2026-02-18 10:00:00,2026-02-19 18:00:00,2026-02-22 22:00:00,BAQ,TR-04,Entregado
ORD-18297,2026-01-29 19:00:00,2026-01-31 00:00:00,2026-02-01 00:00:00,BGA,TR-01,Entregado
ORD-18298,2026-04-26 09:00:00,2026-04-27 13:00:00,2026-04-28 18:00:00,MED,TR-02,Entregado
ORD-18299,2026-02-13 09:00:00,2026-02-17 14:00:00,2026-02-18 17:00:00,MED,TR-03,Entregado
ORD-18300,2026-01-02 18:00:00,2026-01-06 23:00:00,2026-01-12 21:00:00,BGA,TR-04,Entregado
ORD-18301,2026-01-17 17:00:00,2026-01-21 23:00:00,2026-01-23 20:00:00,CAL,TR-03,Entregado
ORD-18302,2026-01-18 13:00:00,2026-01-19 18:00:00,2026-01-20 19:00:00,BOG,TR-04,Entregado
ORD-18303,2026-03-24 17:00:00,2026-03-25 23:00:00,2026-03-29 00:00:00,MED,TR-04,Entregado
ORD-18304,2026-02-22 08:00:00,2026-02-23 13:00:00,2026-02-27 11:00:00,BAQ,TR-03,Entregado
ORD-18305,2026-03-02 11:00:00,2026-03-03 13:00:00,2026-03-05 13:00:00,BAQ,TR-04,Entregado
ORD-18306,2026-06-08 09:00:00,2026-06-09 14:00:00,2026-06-10 16:00:00,BOG,TR-04,Entregado
ORD-18307,2026-05-27 12:00:00,2026-05-28 19:00:00,2026-05-30 18:00:00,CAL,TR-02,Entregado
ORD-18308,2026-04-05 13:00:00,2026-04-06 15:00:00,2026-04-07 14:00:00,BOG,TR-03,Entregado
ORD-18309,2026-01-23 11:00:00,2026-01-27 17:00:00,2026-01-29 17:00:00,BGA,TR-01,Entregado
ORD-18310,2026-05-23 17:00:00,2026-05-26 21:00:00,2026-05-31 18:00:00,BGA,TR-04,Entregado
ORD-18311,2026-05-11 14:00:00,2026-05-12 21:00:00,2026-05-14 02:00:00,BOG,TR-01,Entregado
ORD-18312,2026-05-28 15:00:00,2026-05-29 19:00:00,2026-06-02 19:00:00,BAQ,TR-03,Entregado
ORD-18313,2026-05-01 14:00:00,2026-05-04 22:00:00,2026-05-07 22:00:00,BGA,TR-03,Entregado
ORD-18314,2026-04-30 15:00:00,2026-05-01 22:00:00,2026-05-04 00:00:00,CAL,TR-01,Entregado
ORD-18315,2026-01-18 16:00:00,2026-01-20 02:00:00,2026-01-23 06:00:00,BAQ,TR-04,Entregado
ORD-18316,2026-06-04 11:00:00,2026-06-05 19:00:00,2026-06-06 20:00:00,BOG,TR-03,Entregado
ORD-18317,2026-05-23 12:00:00,2026-05-27 19:00:00,2026-05-28 20:00:00,BGA,TR-01,Entregado
ORD-18318,2026-01-05 14:00:00,2026-01-07 00:00:00,2026-01-08 02:00:00,BOG,TR-02,Entregado
ORD-18319,2026-03-14 14:00:00,2026-03-17 23:00:00,2026-03-19 00:00:00,BOG,TR-01,Entregado
ORD-18320,2026-02-10 11:00:00,2026-02-11 18:00:00,2026-02-12 23:00:00,BOG,TR-03,Entregado
ORD-18321,2026-01-10 17:00:00,2026-01-13 21:00:00,2026-01-16 02:00:00,BOG,TR-01,Entregado
ORD-18322,2026-03-09 13:00:00,2026-03-10 15:00:00,2026-03-13 13:00:00,MED,TR-03,Entregado
ORD-18323,2026-01-24 16:00:00,2026-01-29 03:00:00,2026-01-31 04:00:00,BOG,TR-03,Entregado
ORD-18324,2026-05-25 15:00:00,2026-05-26 20:00:00,2026-05-28 17:00:00,BGA,TR-03,Entregado
ORD-18325,2026-06-04 14:00:00,2026-06-05 22:00:00,2026-06-07 01:00:00,BOG,TR-04,Entregado
ORD-18326,2026-03-14 18:00:00,2026-03-19 02:00:00,2026-03-20 02:00:00,BOG,TR-01,Entregado
ORD-18327,2026-04-09 17:00:00,2026-04-10 20:00:00,2026-04-12 18:00:00,MED,TR-03,Entregado
ORD-18328,2026-01-12 12:00:00,2026-01-13 19:00:00,2026-01-16 21:00:00,BAQ,TR-01,Entregado
ORD-18329,2026-01-03 12:00:00,2026-01-06 16:00:00,2026-01-08 17:00:00,BOG,TR-01,Entregado
ORD-18330,2026-01-10 08:00:00,2026-01-14 15:00:00,2026-01-16 20:00:00,MED,TR-02,Entregado
ORD-18331,2026-02-15 18:00:00,2026-02-17 00:00:00,2026-02-19 03:00:00,CAL,TR-01,Entregado
ORD-18332,2026-02-21 13:00:00,2026-02-25 15:00:00,2026-02-26 19:00:00,BGA,TR-03,Entregado
ORD-18333,2026-05-10 14:00:00,2026-05-11 19:00:00,2026-05-15 00:00:00,MED,TR-03,Entregado
ORD-18334,2026-06-17 08:00:00,2026-06-18 15:00:00,2026-06-19 20:00:00,MED,TR-04,Entregado
ORD-18335,2026-03-09 12:00:00,2026-03-10 17:00:00,2026-03-12 16:00:00,BAQ,TR-04,Entregado
ORD-18336,2026-03-01 19:00:00,2026-03-03 06:00:00,2026-03-05 06:00:00,BGA,TR-02,Entregado
ORD-18337,2026-03-25 16:00:00,2026-03-26 22:00:00,2026-03-27 23:00:00,BOG,TR-03,Entregado
ORD-18338,2026-04-23 16:00:00,2026-04-24 22:00:00,2026-04-26 01:00:00,BOG,TR-04,Entregado
ORD-18339,2026-03-06 13:00:00,2026-03-09 17:00:00,2026-03-10 14:00:00,BOG,TR-03,Entregado
ORD-18340,2026-03-20 09:00:00,2026-03-23 13:00:00,2026-03-26 15:00:00,MED,TR-03,Entregado
ORD-18341,2026-06-25 11:00:00,2026-06-26 22:00:00,2026-06-28 22:00:00,MED,TR-02,Entregado
ORD-18342,2026-04-28 12:00:00,2026-04-29 15:00:00,2026-04-30 13:00:00,BOG,TR-04,Entregado
ORD-18343,2026-03-05 18:00:00,2026-03-06 21:00:00,2026-03-09 02:00:00,MED,TR-04,Entregado
ORD-18344,2026-03-27 10:00:00,2026-03-30 16:00:00,2026-04-01 14:00:00,CAL,TR-04,Entregado
ORD-18345,2026-05-13 09:00:00,2026-05-14 16:00:00,2026-05-16 18:00:00,CAL,TR-04,Entregado
ORD-18346,2026-02-08 10:00:00,2026-02-09 19:00:00,2026-02-11 16:00:00,BOG,TR-01,Entregado
ORD-18347,2026-03-03 15:00:00,2026-03-04 23:00:00,2026-03-07 04:00:00,MED,TR-02,Entregado
ORD-18348,2026-06-01 10:00:00,2026-06-02 14:00:00,2026-06-04 15:00:00,MED,TR-01,Entregado
ORD-18349,2026-04-19 14:00:00,2026-04-20 17:00:00,2026-04-22 22:00:00,BOG,TR-01,Entregado
ORD-18350,2026-03-30 15:00:00,2026-03-31 22:00:00,2026-04-05 02:00:00,BGA,TR-04,Entregado
ORD-18351,2026-03-08 09:00:00,2026-03-09 15:00:00,2026-03-12 15:00:00,BAQ,TR-04,Entregado
ORD-18352,2026-01-29 17:00:00,2026-01-31 00:00:00,2026-01-31 21:00:00,BOG,TR-01,Entregado
ORD-18353,2026-02-01 14:00:00,2026-02-02 16:00:00,2026-02-03 19:00:00,BOG,TR-04,Entregado
ORD-18354,2026-02-08 16:00:00,2026-02-10 01:00:00,2026-02-12 01:00:00,BOG,TR-02,Entregado
ORD-18355,2026-04-11 11:00:00,2026-04-15 22:00:00,2026-04-16 18:00:00,BOG,TR-02,Entregado
ORD-18356,2026-05-22 11:00:00,2026-05-25 14:00:00,2026-05-26 10:00:00,MED,TR-01,Entregado
ORD-18357,2026-05-28 19:00:00,2026-05-30 06:00:00,2026-06-01 08:00:00,BOG,TR-02,Entregado
ORD-18358,2026-01-14 19:00:00,2026-01-16 03:00:00,2026-01-18 07:00:00,MED,TR-02,Entregado
ORD-18359,2026-03-18 08:00:00,2026-03-19 13:00:00,2026-03-20 12:00:00,BOG,TR-02,Entregado
ORD-18360,2026-04-26 14:00:00,2026-04-28 01:00:00,2026-05-01 00:00:00,CAL,TR-04,Entregado
ORD-18361,2026-01-28 16:00:00,2026-01-29 23:00:00,2026-01-31 21:00:00,MED,TR-04,Entregado
ORD-18362,2026-02-01 16:00:00,2026-02-03 02:00:00,2026-02-04 02:00:00,BOG,TR-01,Entregado
ORD-18363,2026-06-05 17:00:00,2026-06-09 22:00:00,2026-06-11 03:00:00,BGA,TR-01,Entregado
ORD-18364,2026-04-05 08:00:00,2026-04-06 10:00:00,2026-04-07 11:00:00,MED,TR-01,Entregado
ORD-18365,2026-04-27 14:00:00,2026-04-28 17:00:00,2026-04-30 20:00:00,CAL,TR-01,Entregado
ORD-18366,2026-03-18 14:00:00,2026-03-19 21:00:00,2026-03-21 21:00:00,CAL,TR-03,Entregado
ORD-18367,2026-01-10 13:00:00,2026-01-13 18:00:00,2026-01-16 14:00:00,CAL,TR-02,Entregado
ORD-18368,2026-06-25 18:00:00,2026-06-27 03:00:00,2026-06-28 06:00:00,BOG,TR-04,Entregado
ORD-18369,2026-04-26 10:00:00,2026-04-27 17:00:00,2026-04-29 19:00:00,CAL,TR-01,Entregado
ORD-18370,2026-06-18 19:00:00,2026-06-19 21:00:00,,BAQ,TR-03,Devuelto
ORD-18371,2026-02-11 11:00:00,2026-02-12 21:00:00,2026-02-13 22:00:00,BOG,TR-04,Entregado
ORD-18372,2026-04-19 08:00:00,2026-04-20 15:00:00,2026-04-21 11:00:00,BOG,TR-01,Entregado
ORD-18373,2026-03-12 19:00:00,2026-03-14 06:00:00,2026-03-16 02:00:00,MED,TR-02,Entregado
ORD-18374,2026-04-12 19:00:00,2026-04-14 03:00:00,2026-04-15 01:00:00,BOG,TR-02,Entregado
ORD-18375,2026-01-15 11:00:00,2026-01-16 21:00:00,2026-01-18 22:00:00,BGA,TR-01,Entregado
ORD-18376,2026-01-15 12:00:00,2026-01-16 16:00:00,2026-01-18 17:00:00,MED,TR-03,Entregado
ORD-18377,2026-03-16 15:00:00,2026-03-17 20:00:00,2026-03-23 16:00:00,BAQ,TR-02,Entregado
ORD-18378,2026-04-05 11:00:00,2026-04-06 15:00:00,2026-04-07 13:00:00,BOG,TR-03,Entregado
ORD-18379,2026-02-21 18:00:00,2026-02-24 21:00:00,2026-02-27 20:00:00,BGA,TR-01,Entregado
ORD-18380,2026-05-18 11:00:00,2026-05-19 13:00:00,2026-05-21 09:00:00,CAL,TR-02,Entregado
ORD-18381,2026-01-29 17:00:00,2026-01-30 19:00:00,2026-02-02 20:00:00,BAQ,TR-01,Entregado
ORD-18382,2026-02-22 14:00:00,2026-02-23 17:00:00,2026-02-24 14:00:00,BOG,TR-03,Entregado
ORD-18383,2026-06-27 12:00:00,2026-06-30 23:00:00,2026-07-02 03:00:00,CAL,TR-02,Entregado
ORD-18384,2026-04-22 18:00:00,2026-04-24 02:00:00,2026-04-24 22:00:00,BOG,TR-02,Entregado
ORD-18385,2026-05-18 16:00:00,2026-05-19 19:00:00,2026-05-21 17:00:00,BOG,TR-02,Entregado
ORD-18386,2026-03-17 10:00:00,2026-03-18 12:00:00,,MED,TR-03,Perdido
ORD-18387,2026-06-10 09:00:00,2026-06-11 17:00:00,2026-06-12 14:00:00,BOG,TR-02,Entregado
ORD-18388,2026-03-19 13:00:00,2026-03-20 16:00:00,2026-03-21 15:00:00,BOG,TR-04,Entregado
ORD-18389,2026-03-05 12:00:00,2026-03-06 18:00:00,2026-03-08 17:00:00,CAL,TR-03,Entregado
ORD-18390,2026-05-09 08:00:00,2026-05-12 15:00:00,2026-05-14 20:00:00,BOG,TR-03,Entregado
ORD-18391,2026-04-17 11:00:00,2026-04-21 21:00:00,2026-04-22 19:00:00,BOG,TR-04,Entregado
ORD-18392,2026-05-04 11:00:00,2026-05-05 18:00:00,2026-05-08 14:00:00,MED,TR-03,Entregado
ORD-18393,2026-02-16 13:00:00,2026-02-17 21:00:00,2026-02-18 17:00:00,BOG,TR-04,Entregado
ORD-18394,2026-02-01 17:00:00,2026-02-02 19:00:00,2026-02-10 23:00:00,BGA,TR-04,Entregado
ORD-18395,2026-06-23 13:00:00,2026-06-24 15:00:00,2026-06-30 11:00:00,BGA,TR-04,Entregado
ORD-18396,2026-06-10 17:00:00,2026-06-11 21:00:00,2026-06-12 20:00:00,BOG,TR-02,Entregado
ORD-18397,2026-06-16 14:00:00,2026-06-17 16:00:00,2026-06-19 14:00:00,BGA,TR-03,Entregado
ORD-18398,2026-06-20 14:00:00,2026-06-23 20:00:00,2026-06-26 23:00:00,BGA,TR-01,Entregado
ORD-18399,2026-01-02 09:00:00,2026-01-05 19:00:00,2026-01-08 23:00:00,BGA,TR-01,Entregado
ORD-18400,2026-06-15 14:00:00,2026-06-16 17:00:00,2026-06-18 16:00:00,MED,TR-03,Entregado
ORD-18401,2026-06-06 11:00:00,2026-06-10 17:00:00,2026-06-12 16:00:00,BAQ,TR-03,Entregado
ORD-18402,2026-04-20 19:00:00,2026-04-22 03:00:00,2026-04-22 23:00:00,CAL,TR-02,Entregado
ORD-18403,2026-03-08 14:00:00,2026-03-09 23:00:00,2026-03-11 02:00:00,BOG,TR-01,Entregado
ORD-18404,2026-03-12 11:00:00,2026-03-13 22:00:00,2026-03-14 23:00:00,BOG,TR-04,Entregado
ORD-18405,2026-01-29 14:00:00,2026-01-30 23:00:00,2026-02-01 19:00:00,MED,TR-02,Entregado
ORD-18406,2026-06-14 08:00:00,2026-06-15 11:00:00,2026-06-18 07:00:00,MED,TR-02,Entregado
ORD-18407,2026-02-14 09:00:00,2026-02-18 13:00:00,2026-02-20 14:00:00,MED,TR-02,Entregado
ORD-18408,2026-02-19 08:00:00,2026-02-20 13:00:00,2026-02-22 14:00:00,CAL,TR-02,Entregado
ORD-18409,2026-05-02 15:00:00,2026-05-07 01:00:00,2026-05-10 01:00:00,BAQ,TR-03,Entregado
ORD-18410,2026-06-20 15:00:00,2026-06-24 02:00:00,2026-06-25 07:00:00,BOG,TR-01,Entregado
ORD-18411,2026-01-15 08:00:00,2026-01-16 18:00:00,2026-01-18 22:00:00,MED,TR-04,Entregado
ORD-18412,2026-06-21 17:00:00,2026-06-22 19:00:00,2026-06-25 16:00:00,BAQ,TR-04,Entregado
ORD-18413,2026-01-20 13:00:00,2026-01-21 19:00:00,2026-01-22 21:00:00,BOG,TR-01,Entregado
ORD-18414,2026-01-08 09:00:00,2026-01-09 20:00:00,2026-01-10 23:00:00,MED,TR-01,Entregado
ORD-18415,2026-06-28 13:00:00,2026-06-29 18:00:00,2026-06-30 20:00:00,BOG,TR-02,Entregado
ORD-18416,2026-01-04 19:00:00,2026-01-06 06:00:00,2026-01-07 08:00:00,BOG,TR-02,Entregado
ORD-18417,2026-06-16 11:00:00,2026-06-17 15:00:00,2026-06-18 15:00:00,MED,TR-04,Entregado
ORD-18418,2026-01-24 15:00:00,2026-01-27 21:00:00,2026-01-31 22:00:00,BAQ,TR-03,Entregado
ORD-18419,2026-02-24 17:00:00,2026-02-26 00:00:00,2026-03-01 01:00:00,CAL,TR-01,Entregado
ORD-18420,2026-01-25 11:00:00,2026-01-26 13:00:00,2026-01-27 18:00:00,MED,TR-02,Entregado
ORD-18421,2026-03-12 17:00:00,2026-03-13 19:00:00,2026-03-15 19:00:00,BGA,TR-02,Entregado
ORD-18422,2026-01-12 08:00:00,2026-01-13 16:00:00,2026-01-14 16:00:00,MED,TR-01,Entregado
ORD-18423,2026-04-26 09:00:00,2026-04-27 18:00:00,2026-05-01 16:00:00,BAQ,TR-04,Entregado
ORD-18424,2026-06-02 12:00:00,2026-06-03 17:00:00,2026-06-04 18:00:00,BOG,TR-02,Entregado
ORD-18425,2026-03-24 11:00:00,2026-03-25 13:00:00,2026-03-26 14:00:00,BOG,TR-04,Entregado
ORD-18426,2026-01-06 17:00:00,2026-01-07 21:00:00,2026-01-08 23:00:00,BOG,TR-03,Entregado
ORD-18427,2026-04-23 14:00:00,2026-04-25 00:00:00,2026-04-28 00:00:00,BGA,TR-03,Entregado
ORD-18428,2026-04-30 14:00:00,2026-05-02 00:00:00,2026-05-05 00:00:00,BAQ,TR-01,Entregado
ORD-18429,2026-06-16 16:00:00,2026-06-18 01:00:00,2026-06-19 03:00:00,CAL,TR-04,Entregado
ORD-18430,2026-02-14 11:00:00,2026-02-18 13:00:00,2026-02-19 17:00:00,BOG,TR-04,Entregado
ORD-18431,2026-01-14 14:00:00,2026-01-15 16:00:00,2026-01-18 13:00:00,BGA,TR-01,Entregado
ORD-18432,2026-05-17 12:00:00,2026-05-18 16:00:00,2026-05-22 18:00:00,BAQ,TR-03,Entregado
ORD-18433,2026-06-27 12:00:00,2026-06-30 14:00:00,2026-07-02 11:00:00,BAQ,TR-03,Entregado
ORD-18434,2026-03-25 15:00:00,2026-03-26 21:00:00,2026-03-31 18:00:00,BGA,TR-04,Entregado
ORD-18435,2026-04-06 12:00:00,2026-04-07 15:00:00,2026-04-08 19:00:00,CAL,TR-02,Entregado
ORD-18436,2026-04-15 10:00:00,2026-04-16 19:00:00,2026-04-18 23:00:00,BOG,TR-03,Entregado
ORD-18437,2026-02-27 13:00:00,2026-03-03 23:00:00,2026-03-06 03:00:00,BOG,TR-04,Entregado
ORD-18438,2026-01-06 11:00:00,2026-01-07 16:00:00,2026-01-10 21:00:00,CAL,TR-03,Entregado
ORD-18439,2026-02-12 17:00:00,2026-02-14 02:00:00,2026-02-16 06:00:00,MED,TR-03,Entregado
ORD-18440,2026-01-03 08:00:00,2026-01-06 17:00:00,2026-01-07 16:00:00,BOG,TR-04,Entregado
ORD-18441,2026-01-15 12:00:00,2026-01-16 17:00:00,2026-01-19 22:00:00,BGA,TR-02,Entregado
ORD-18442,2026-06-23 17:00:00,2026-06-25 01:00:00,,BOG,TR-03,Perdido
ORD-18443,2026-02-08 19:00:00,2026-02-10 04:00:00,2026-02-11 00:00:00,MED,TR-03,Entregado
ORD-18444,2026-05-11 10:00:00,2026-05-12 14:00:00,2026-05-18 11:00:00,BGA,TR-04,Entregado
ORD-18445,2026-06-06 09:00:00,2026-06-10 14:00:00,2026-06-12 17:00:00,BOG,TR-01,Entregado
ORD-18446,2026-02-21 13:00:00,2026-02-24 22:00:00,2026-02-25 22:00:00,BOG,TR-04,Entregado
ORD-18447,2026-01-14 10:00:00,2026-01-15 21:00:00,2026-01-17 18:00:00,BGA,TR-01,Entregado
ORD-18448,2026-06-05 17:00:00,2026-06-08 20:00:00,2026-06-09 17:00:00,BOG,TR-04,Entregado
ORD-18449,2026-01-30 17:00:00,2026-02-03 00:00:00,2026-02-05 01:00:00,BGA,TR-02,Entregado
ORD-18450,2026-05-15 14:00:00,2026-05-18 23:00:00,2026-05-19 21:00:00,MED,TR-01,Entregado
ORD-18451,2026-04-05 12:00:00,2026-04-06 14:00:00,2026-04-07 19:00:00,CAL,TR-03,Entregado
ORD-18452,2026-06-12 09:00:00,2026-06-16 16:00:00,2026-06-17 17:00:00,CAL,TR-04,Entregado
ORD-18453,2026-05-07 11:00:00,2026-05-08 18:00:00,2026-05-09 23:00:00,MED,TR-01,Entregado
ORD-18454,2026-05-22 11:00:00,2026-05-26 16:00:00,2026-06-01 16:00:00,BGA,TR-04,Entregado
ORD-18455,2026-04-01 15:00:00,2026-04-03 01:00:00,2026-04-03 23:00:00,BOG,TR-02,Entregado
ORD-18456,2026-06-17 12:00:00,2026-06-18 22:00:00,2026-06-22 18:00:00,BAQ,TR-03,Entregado
ORD-18457,2026-04-19 13:00:00,2026-04-20 16:00:00,2026-04-21 15:00:00,BOG,TR-02,Entregado
ORD-18458,2026-03-13 08:00:00,2026-03-17 15:00:00,2026-03-19 19:00:00,BGA,TR-03,Entregado
ORD-18459,2026-03-10 11:00:00,2026-03-11 21:00:00,,BOG,TR-04,Perdido
ORD-18460,2026-01-04 18:00:00,2026-01-05 20:00:00,2026-01-07 19:00:00,BOG,TR-04,Entregado
ORD-18461,2026-05-26 17:00:00,2026-05-28 03:00:00,2026-05-29 02:00:00,BOG,TR-04,Entregado
ORD-18462,2026-01-30 13:00:00,2026-02-03 15:00:00,2026-02-09 11:00:00,BGA,TR-04,Entregado
ORD-18463,2026-01-16 15:00:00,2026-01-20 01:00:00,2026-01-20 22:00:00,BOG,TR-01,Entregado
ORD-18464,2026-04-17 18:00:00,2026-04-21 01:00:00,2026-04-22 05:00:00,BOG,TR-01,Entregado
ORD-18465,2026-06-11 18:00:00,2026-06-13 04:00:00,2026-06-16 07:00:00,CAL,TR-03,Entregado
ORD-18466,2026-01-13 11:00:00,2026-01-14 16:00:00,2026-01-15 12:00:00,CAL,TR-01,Entregado
ORD-18467,2026-06-04 16:00:00,2026-06-05 22:00:00,2026-06-07 02:00:00,BOG,TR-02,Entregado
ORD-18468,2026-03-27 10:00:00,2026-03-30 19:00:00,2026-04-01 18:00:00,MED,TR-04,Entregado
ORD-18469,2026-01-30 12:00:00,2026-02-03 17:00:00,2026-02-06 22:00:00,MED,TR-03,Entregado
ORD-18470,2026-04-09 13:00:00,2026-04-10 16:00:00,2026-04-12 16:00:00,BAQ,TR-01,Entregado
ORD-18471,2026-06-09 17:00:00,2026-06-11 00:00:00,2026-06-14 01:00:00,BAQ,TR-04,Entregado
ORD-18472,2026-06-09 10:00:00,2026-06-10 13:00:00,2026-06-12 15:00:00,BOG,TR-04,Entregado
ORD-18473,2026-03-27 15:00:00,2026-03-31 00:00:00,2026-04-03 01:00:00,CAL,TR-02,Entregado
ORD-18474,2026-06-16 13:00:00,2026-06-17 20:00:00,2026-06-22 00:00:00,BAQ,TR-01,Entregado
ORD-18475,2026-06-07 09:00:00,2026-06-08 11:00:00,2026-06-11 08:00:00,BAQ,TR-01,Entregado
ORD-18476,2026-06-08 14:00:00,2026-06-09 22:00:00,2026-06-10 18:00:00,BGA,TR-03,Entregado
ORD-18477,2026-02-09 08:00:00,2026-02-10 11:00:00,2026-02-12 07:00:00,BOG,TR-03,Entregado
ORD-18478,2026-01-25 11:00:00,2026-01-26 15:00:00,2026-01-27 14:00:00,MED,TR-01,Entregado
ORD-18479,2026-06-01 17:00:00,2026-06-03 01:00:00,2026-06-04 21:00:00,BAQ,TR-03,Entregado
ORD-18480,2026-06-16 17:00:00,2026-06-18 01:00:00,2026-06-18 21:00:00,MED,TR-01,Entregado
ORD-18481,2026-02-01 08:00:00,2026-02-02 16:00:00,2026-02-06 21:00:00,BAQ,TR-02,Entregado
ORD-18482,2026-06-13 19:00:00,2026-06-17 23:00:00,2026-06-18 22:00:00,BOG,TR-02,Entregado
ORD-18483,2026-05-24 09:00:00,2026-05-25 20:00:00,2026-05-26 17:00:00,MED,TR-04,Entregado
ORD-18484,2026-05-16 17:00:00,2026-05-21 01:00:00,2026-05-26 22:00:00,BGA,TR-04,Entregado
ORD-18485,2026-03-16 13:00:00,2026-03-17 17:00:00,2026-03-18 18:00:00,BOG,TR-03,Entregado
ORD-18486,2026-01-01 19:00:00,2026-01-03 00:00:00,2026-01-08 01:00:00,BGA,TR-04,Entregado
ORD-18487,2026-02-07 19:00:00,2026-02-12 04:00:00,2026-02-13 05:00:00,CAL,TR-03,Entregado
ORD-18488,2026-02-14 17:00:00,2026-02-18 23:00:00,2026-02-19 19:00:00,MED,TR-01,Entregado
ORD-18489,2026-03-22 08:00:00,2026-03-23 18:00:00,2026-03-24 23:00:00,BOG,TR-02,Entregado
ORD-18490,2026-02-01 15:00:00,2026-02-02 17:00:00,2026-02-05 22:00:00,BAQ,TR-03,Entregado
ORD-18491,2026-04-28 15:00:00,2026-04-30 00:00:00,2026-04-30 21:00:00,MED,TR-02,Entregado
ORD-18492,2026-03-15 14:00:00,2026-03-16 16:00:00,2026-03-19 20:00:00,MED,TR-03,Entregado
ORD-18493,2026-04-13 17:00:00,2026-04-15 03:00:00,2026-04-16 05:00:00,BOG,TR-02,Entregado
ORD-18494,2026-06-13 16:00:00,2026-06-17 21:00:00,2026-06-20 00:00:00,MED,TR-01,Entregado
ORD-18495,2026-04-24 18:00:00,2026-04-27 21:00:00,2026-04-28 20:00:00,BOG,TR-02,Entregado
ORD-18496,2026-02-26 17:00:00,2026-02-27 22:00:00,2026-03-03 02:00:00,BGA,TR-02,Entregado
ORD-18497,2026-03-24 09:00:00,2026-03-25 15:00:00,2026-03-26 16:00:00,CAL,TR-04,Entregado
ORD-18498,2026-04-03 11:00:00,2026-04-07 16:00:00,2026-04-10 16:00:00,MED,TR-01,Entregado
ORD-18499,2026-02-19 08:00:00,2026-02-20 16:00:00,2026-02-22 14:00:00,BOG,TR-03,Entregado
